$ bash scripts/ci-local.sh all
ci-local pr-ci: preflight
warning:   1550 crates/kernel/src/catalog/ops.rs
warning:   1775 crates/sql/src/exec/mod.rs
warning:   1935 crates/sql/src/exec/select_top.rs
warning:   1509 crates/sql/src/json/jsonb.rs
warning:   1951 crates/sql/src/parser/pragma.rs
warning:   1770 crates/sql/src/parser/select.rs
warning:   1696 crates/sql/src/rql.rs
warning:   1777 crates/sql/tests/rql_native_select.rs
warning:   1623 tips/evolve/redlinedb_engineered_intelligence_stages(2).diff
warning:   1705 tips/evolve/redlinedb_stage_genome_patch.diff
   Compiling libc v0.2.186
   Compiling cfg-if v1.0.4
   Compiling proc-macro2 v1.0.106
   Compiling quote v1.0.45
   Compiling find-msvc-tools v0.1.9
   Compiling unicode-ident v1.0.24
   Compiling shlex v1.3.0
   Compiling version_check v0.9.5
   Compiling object v0.37.3
   Compiling memchr v2.8.0
   Compiling crossbeam-utils v0.8.21
   Compiling smallvec v1.15.1
   Compiling bitflags v2.11.1
   Compiling serde_core v1.0.228
   Compiling crossbeam-epoch v0.9.20
   Compiling log v0.4.29
   Compiling parking_lot_core v0.9.12
   Compiling getrandom v0.3.4
   Compiling rustix v1.1.4
   Compiling zerocopy v0.8.48
   Compiling typenum v1.20.0
   Compiling rustversion v1.0.22
   Compiling scopeguard v1.2.0
   Compiling zmij v1.0.21
   Compiling linux-raw-sys v0.12.1
   Compiling thiserror v2.0.18
   Compiling hashbrown v0.17.1
   Compiling utf8parse v0.2.2
   Compiling serde v1.0.228
   Compiling rayon-core v1.13.0
   Compiling equivalent v1.0.2
   Compiling crc32fast v1.5.0
   Compiling serde_json v1.0.150
   Compiling once_cell v1.21.4
   Compiling itoa v1.0.18
   Compiling regex-syntax v0.8.10
   Compiling libm v0.2.16
   Compiling signal-hook v0.3.18
   Compiling cfg_aliases v0.1.1
   Compiling redlinedb-domain v4.1.0 (/tmp/redline-family-ci-192313-1784173362536058738/redline-core/crates/domain)
   Compiling anstyle-query v1.1.5
   Compiling colorchoice v1.0.5
   Compiling is_terminal_polyfill v1.70.2
   Compiling anstyle v1.0.14
   Compiling either v1.16.0
   Compiling bumpalo v3.20.3
   Compiling fastrand v2.4.1
   Compiling cpufeatures v0.2.17
   Compiling heck v0.5.0
   Compiling cc v1.2.62
   Compiling lock_api v0.4.14
   Compiling anstyle-parse v1.0.0
   Compiling strsim v0.11.1
   Compiling clap_lex v1.1.0
   Compiling endian-type v0.1.2
   Compiling nix v0.28.0
   Compiling home v0.5.12
   Compiling ryu v1.0.23
   Compiling unicode-segmentation v1.13.2
   Compiling unicode-width v0.1.14
   Compiling nibble_vec v0.1.0
   Compiling generic-array v0.14.7
   Compiling ahash v0.8.12
   Compiling anstream v1.0.0
   Compiling radix_trie v0.2.1
   Compiling aho-corasick v1.1.4
   Compiling csv-core v0.1.13
   Compiling clap_builder v4.6.0
   Compiling crossbeam-queue v0.3.12
   Compiling indexmap v2.14.0
   Compiling arc-swap v1.9.1
   Compiling crossbeam-deque v0.8.6
   Compiling syn v2.0.117
   Compiling stacker v0.1.24
   Compiling libmimalloc-sys v0.1.49
   Compiling crypto-common v0.1.7
   Compiling block-buffer v0.10.4
   Compiling regex-automata v0.4.14
   Compiling digest v0.10.7
   Compiling rayon v1.12.0
   Compiling sha2 v0.10.9
   Compiling fd-lock v4.0.4
   Compiling errno v0.3.14
   Compiling mio v0.8.11
   Compiling num_cpus v1.17.0
   Compiling memmap2 v0.9.11
   Compiling signal-hook-registry v1.4.8
   Compiling tempfile v3.27.0
   Compiling parking_lot v0.12.5
   Compiling signal-hook-mio v0.2.5
   Compiling csv v1.4.0
   Compiling crossterm v0.27.0
   Compiling recursive-proc-macro-impl v0.1.1
   Compiling thiserror-impl v2.0.18
   Compiling serde_derive v1.0.228
   Compiling clap_derive v4.6.1
   Compiling ar_archive_writer v0.5.1
   Compiling regex v1.12.3
   Compiling rustyline v14.0.0
   Compiling psm v0.1.31
   Compiling clap v4.6.1
   Compiling recursive v0.1.1
   Compiling sqlparser v0.61.0
   Compiling redlinedb-kernel v4.1.0 (/tmp/redline-family-ci-192313-1784173362536058738/redline-core/crates/kernel)
   Compiling mimalloc v0.1.52
   Compiling redlinedb-sql v4.1.0 (/tmp/redline-family-ci-192313-1784173362536058738/redline-core/crates/sql)
warning: field `name` is never read
    --> crates/sql/src/parser.rs:4705:18
     |
4705 |     InlineExpr { name: String, body: String },
     |     ----------   ^^^^
     |     |
     |     field in this variant
     |
     = note: `#[warn(dead_code)]` (part of `#[warn(unused)]`) on by default

warning: field `single_col_name` is never read
    --> crates/sql/src/parser.rs:4708:22
     |
4708 |     ScalarSubquery { single_col_name: String },
     |     --------------   ^^^^^^^^^^^^^^^
     |     |
     |     field in this variant

   Compiling redlinedb v4.1.0 (/tmp/redline-family-ci-192313-1784173362536058738/redline-core/crates/redlinedb)
   Compiling redlinedb-cli v4.1.0 (/tmp/redline-family-ci-192313-1784173362536058738/redline-core/crates/cli)
warning: `redlinedb-sql` (lib) generated 2 warnings
    Finished `release` profile [optimized] target(s) in 2m 02s
   Compiling libc v0.2.186
   Compiling cfg-if v1.0.4
   Compiling serde_core v1.0.228
   Compiling memchr v2.8.0
   Compiling equivalent v1.0.2
   Compiling scopeguard v1.2.0
   Compiling hashbrown v0.17.1
   Compiling smallvec v1.15.1
   Compiling once_cell v1.21.4
   Compiling linux-raw-sys v0.12.1
   Compiling bitflags v2.11.1
   Compiling itoa v1.0.18
   Compiling regex-syntax v0.8.10
   Compiling log v0.4.29
   Compiling redlinedb-domain v4.1.0 (/tmp/redline-family-ci-192313-1784173362536058738/redline-core/crates/domain)
   Compiling bumpalo v3.20.3
   Compiling either v1.16.0
   Compiling fastrand v2.4.1
   Compiling crossbeam-utils v0.8.21
   Compiling zmij v1.0.21
   Compiling zerocopy v0.8.48
   Compiling crc32fast v1.5.0
   Compiling libm v0.2.16
   Compiling arc-swap v1.9.1
   Compiling lock_api v0.4.14
   Compiling thiserror v2.0.18
   Compiling psm v0.1.31
   Compiling rustix v1.1.4
   Compiling aho-corasick v1.1.4
   Compiling crossbeam-epoch v0.9.20
   Compiling crossbeam-queue v0.3.12
   Compiling crossbeam-deque v0.8.6
   Compiling indexmap v2.14.0
   Compiling rayon-core v1.13.0
   Compiling getrandom v0.3.4
   Compiling parking_lot_core v0.9.12
   Compiling stacker v0.1.24
   Compiling recursive v0.1.1
   Compiling sqlparser v0.61.0
   Compiling rayon v1.12.0
   Compiling parking_lot v0.12.5
   Compiling regex-automata v0.4.14
   Compiling tempfile v3.27.0
   Compiling serde v1.0.228
   Compiling serde_json v1.0.150
   Compiling regex v1.12.3
   Compiling ahash v0.8.12
   Compiling redlinedb-kernel v4.1.0 (/tmp/redline-family-ci-192313-1784173362536058738/redline-core/crates/kernel)
   Compiling redlinedb-sql v4.1.0 (/tmp/redline-family-ci-192313-1784173362536058738/redline-core/crates/sql)
warning: field `name` is never read
    --> crates/sql/src/parser.rs:4705:18
     |
4705 |     InlineExpr { name: String, body: String },
     |     ----------   ^^^^
     |     |
     |     field in this variant
     |
     = note: `#[warn(dead_code)]` (part of `#[warn(unused)]`) on by default

warning: field `single_col_name` is never read
    --> crates/sql/src/parser.rs:4708:22
     |
4708 |     ScalarSubquery { single_col_name: String },
     |     --------------   ^^^^^^^^^^^^^^^
     |     |
     |     field in this variant

warning: `redlinedb-sql` (lib) generated 2 warnings
   Compiling redlinedb-ffi v4.1.0 (/tmp/redline-family-ci-192313-1784173362536058738/redline-core/crates/ffi)
    Finished `release` profile [optimized] target(s) in 1m 10s
/tmp/redline-family-ci-192313-1784173362536058738/redline-core/target/ci/redlinedb-release-smoke/redlinedb-v2.0.6-linux-x86_64.tar.gz: OK
RedlineDB release asset verified: file:///tmp/redline-family-ci-192313-1784173362536058738/redline-core/target/ci/redlinedb-release-smoke/redlinedb-v2.0.6-linux-x86_64.tar.gz
RedlineDB installed: /tmp/redline-family-ci-192313-1784173362536058738/redline-core/target/ci/redlinedb-release/v2.0.6-linux-x86_64/bin/redlinedb (redlinedb v4.1.0 (SQLite 3.45.1 compatibility))
RedlineDB release smoke passed: /tmp/redline-family-ci-192313-1784173362536058738/redline-core/target/ci/redlinedb-release/v2.0.6-linux-x86_64/bin/redlinedb
    Blocking waiting for file lock on package cache
   Compiling proc-macro2 v1.0.106
   Compiling quote v1.0.45
   Compiling unicode-ident v1.0.24
   Compiling libc v0.2.186
    Checking cfg-if v1.0.4
   Compiling shlex v1.3.0
   Compiling find-msvc-tools v0.1.9
    Checking smallvec v1.15.1
   Compiling crossbeam-utils v0.8.21
    Checking memchr v2.8.0
   Compiling version_check v0.9.5
   Compiling serde_core v1.0.228
   Compiling zerocopy v0.8.48
   Compiling object v0.37.3
    Checking equivalent v1.0.2
    Checking log v0.4.29
   Compiling getrandom v0.3.4
    Checking bitflags v2.11.1
   Compiling serde v1.0.228
   Compiling parking_lot_core v0.9.12
    Checking once_cell v1.21.4
    Checking hashbrown v0.17.1
    Checking scopeguard v1.2.0
   Compiling crc32fast v1.5.0
   Compiling crossbeam-epoch v0.9.20
   Compiling rustix v1.1.4
   Compiling rustversion v1.0.22
    Checking linux-raw-sys v0.12.1
   Compiling zmij v1.0.21
   Compiling thiserror v2.0.18
   Compiling serde_json v1.0.150
   Compiling rayon-core v1.13.0
    Checking itoa v1.0.18
    Checking typenum v1.20.0
   Compiling libm v0.2.16
    Checking either v1.16.0
    Checking regex-syntax v0.8.10
    Checking redlinedb-domain v4.1.0 (/tmp/redline-family-ci-192313-1784173362536058738/redline-core/crates/domain)
    Checking bumpalo v3.20.3
    Checking fastrand v2.4.1
    Checking stable_deref_trait v1.2.1
    Checking utf8parse v0.2.2
    Checking cpufeatures v0.2.17
    Checking anstyle v1.0.14
    Checking is_terminal_polyfill v1.70.2
    Checking colorchoice v1.0.5
    Checking anstyle-query v1.1.5
    Checking clap_lex v1.1.0
    Checking foldhash v0.1.5
   Compiling cc v1.2.62
    Checking lock_api v0.4.14
    Checking strsim v0.11.1
    Checking allocator-api2 v0.2.21
   Compiling heck v0.5.0
   Compiling vcpkg v0.2.15
   Compiling pkg-config v0.3.33
   Compiling autocfg v1.5.1
    Checking adler2 v2.0.1
    Checking simd-adler32 v0.3.9
   Compiling anyhow v1.0.103
    Checking toml_write v0.1.2
    Checking litemap v0.8.2
    Checking winnow v0.7.15
   Compiling generic-array v0.14.7
   Compiling ahash v0.8.12
    Checking anstyle-parse v1.0.0
    Checking writeable v0.6.3
    Checking minimal-lexical v0.2.1
    Checking utf8_iter v1.0.4
    Checking same-file v1.0.6
    Checking fallible-iterator v0.3.0
    Checking base64 v0.21.7
   Compiling icu_properties_data v2.2.0
    Checking byteorder v1.5.0
   Compiling icu_normalizer_data v2.2.0
    Checking aho-corasick v1.1.4
    Checking pin-project-lite v0.2.17
    Checking fallible-streaming-iterator v0.1.9
   Compiling signal-hook v0.3.18
   Compiling cfg_aliases v0.1.1
    Checking nibble_vec v0.1.0
    Checking bytes v1.11.1
    Checking endian-type v0.1.2
    Checking futures-core v0.3.32
    Checking csv-core v0.1.13
    Checking unicode-width v0.1.14
    Checking ryu v1.0.23
    Checking anstream v1.0.0
    Checking hashbrown v0.15.5
    Checking miniz_oxide v0.8.9
    Checking walkdir v2.5.0
    Checking unicode-segmentation v1.13.2
    Checking percent-encoding v2.3.2
    Checking home v0.5.12
   Compiling nix v0.28.0
    Checking tracing-core v0.1.36
    Checking indexmap v2.14.0
   Compiling num-traits v0.2.19
    Checking nom v7.1.3
    Checking radix_trie v0.2.1
    Checking slab v0.4.12
    Checking futures-io v0.3.32
    Checking futures-task v0.3.32
    Checking parking v2.2.1
    Checking futures-sink v0.3.32
    Checking base64 v0.22.1
    Checking redlinedb-lite v4.1.0 (/tmp/redline-family-ci-192313-1784173362536058738/redline-core/crates/redlinedb-lite)
    Checking crossbeam-queue v0.3.12
    Checking crossbeam-channel v0.5.15
    Checking concurrent-queue v2.5.0
    Checking form_urlencoded v1.2.2
    Checking clap_builder v4.6.0
   Compiling stacker v0.1.24
   Compiling libsqlite3-sys v0.35.0
   Compiling libmimalloc-sys v0.1.49
    Checking event-listener v5.4.1
    Checking flate2 v1.1.9
    Checking crossbeam-deque v0.8.6
    Checking arc-swap v1.9.1
    Checking hashlink v0.10.0
   Compiling syn v2.0.117
    Checking regex-automata v0.4.14
    Checking block-buffer v0.10.4
    Checking crypto-common v0.1.7
    Checking digest v0.10.7
    Checking rayon v1.12.0
    Checking sha2 v0.10.9
    Checking fd-lock v4.0.4
    Checking getrandom v0.2.17
    Checking num_cpus v1.17.0
    Checking errno v0.3.14
    Checking mio v1.2.0
    Checking mio v0.8.11
    Checking socket2 v0.6.3
    Checking memmap2 v0.9.11
    Checking signal-hook-registry v1.4.8
    Checking rand_core v0.6.4
    Checking tempfile v3.27.0
    Checking rand_core v0.9.5
    Checking parking_lot v0.12.5
    Checking hdrhistogram v7.5.4
    Checking futures-intrusive v0.5.0
    Checking signal-hook-mio v0.2.5
    Checking crossterm v0.27.0
    Checking csv v1.4.0
    Checking regex v1.12.3
    Checking rustyline v14.0.0
    Checking mimalloc v0.1.52
   Compiling ar_archive_writer v0.5.1
   Compiling psm v0.1.31
   Compiling synstructure v0.13.2
    Checking ppv-lite86 v0.2.21
   Compiling serde_derive v1.0.228
   Compiling thiserror-impl v2.0.18
   Compiling recursive-proc-macro-impl v0.1.1
   Compiling zerofrom-derive v0.1.7
   Compiling yoke-derive v0.8.2
   Compiling zerovec-derive v0.11.3
   Compiling displaydoc v0.2.5
   Compiling clap_derive v4.6.1
   Compiling tokio-macros v2.7.0
   Compiling futures-macro v0.3.32
   Compiling tracing-attributes v0.1.31
    Checking rand_chacha v0.3.1
    Checking rand_chacha v0.9.0
    Checking recursive v0.1.1
    Checking rand v0.9.4
    Checking rand v0.8.6
    Checking sqlparser v0.61.0
    Checking tokio v1.52.3
    Checking futures-util v0.3.32
    Checking zerofrom v0.1.8
    Checking yoke v0.8.2
    Checking fail v0.5.1
    Checking tracing v0.1.44
    Checking zerovec v0.11.6
    Checking zerotrie v0.2.4
    Checking tinystr v0.8.3
    Checking potential_utf v0.1.5
    Checking clap v4.6.1
    Checking icu_collections v2.2.0
    Checking icu_locale_core v2.2.0
    Checking icu_provider v2.2.0
    Checking icu_normalizer v2.2.0
    Checking icu_properties v2.2.0
    Checking redlinedb-kernel v4.1.0 (/tmp/redline-family-ci-192313-1784173362536058738/redline-core/crates/kernel)
    Checking serde_spanned v0.6.9
    Checking toml_datetime v0.6.11
    Checking toml_edit v0.22.27
    Checking idna_adapter v1.2.2
    Checking idna v1.1.0
    Checking url v2.5.8
    Checking rusqlite v0.37.0
    Checking toml v0.8.23
    Checking tokio-stream v0.1.18
    Checking sqlx-core v0.8.6
    Checking redlinedb-sql v4.1.0 (/tmp/redline-family-ci-192313-1784173362536058738/redline-core/crates/sql)
warning: field `name` is never read
    --> crates/sql/src/parser.rs:4705:18
     |
4705 |     InlineExpr { name: String, body: String },
     |     ----------   ^^^^
     |     |
     |     field in this variant
     |
     = note: `#[warn(dead_code)]` (part of `#[warn(unused)]`) on by default

warning: field `single_col_name` is never read
    --> crates/sql/src/parser.rs:4708:22
     |
4708 |     ScalarSubquery { single_col_name: String },
     |     --------------   ^^^^^^^^^^^^^^^
     |     |
     |     field in this variant

warning: `redlinedb-sql` (lib) generated 2 warnings
    Checking redlinedb v4.1.0 (/tmp/redline-family-ci-192313-1784173362536058738/redline-core/crates/redlinedb)
    Checking redlinedb-ffi v4.1.0 (/tmp/redline-family-ci-192313-1784173362536058738/redline-core/crates/ffi)
    Checking redlinedb-bench v4.1.0 (/tmp/redline-family-ci-192313-1784173362536058738/redline-core/crates/bench)
    Checking redlinedb-cli v4.1.0 (/tmp/redline-family-ci-192313-1784173362536058738/redline-core/crates/cli)
    Checking redlinedb-sqlx v4.1.0 (/tmp/redline-family-ci-192313-1784173362536058738/redline-core/crates/redlinedb-sqlx)
    Checking redlinedb-tokio v4.1.0 (/tmp/redline-family-ci-192313-1784173362536058738/redline-core/crates/redlinedb-tokio)
    Checking redlinedb-server v4.1.0 (/tmp/redline-family-ci-192313-1784173362536058738/redline-core/crates/server)
    Finished `dev` profile [unoptimized + debuginfo] target(s) in 26.79s
ci-local pr-ci: tests/core
   Compiling cfg-if v1.0.4
   Compiling smallvec v1.15.1
   Compiling memchr v2.8.0
   Compiling scopeguard v1.2.0
   Compiling log v0.4.29
   Compiling once_cell v1.21.4
   Compiling bitflags v2.11.1
   Compiling equivalent v1.0.2
   Compiling getrandom v0.3.4
   Compiling linux-raw-sys v0.12.1
   Compiling regex-syntax v0.8.10
   Compiling hashbrown v0.17.1
   Compiling itoa v1.0.18
   Compiling either v1.16.0
   Compiling bumpalo v3.20.3
   Compiling redlinedb-domain v4.1.0 (/tmp/redline-family-ci-192313-1784173362536058738/redline-core/crates/domain)
   Compiling fastrand v2.4.1
   Compiling typenum v1.20.0
   Compiling cpufeatures v0.2.17
   Compiling pin-project-lite v0.2.17
   Compiling bytes v1.11.1
   Compiling stable_deref_trait v1.2.1
   Compiling utf8parse v0.2.2
   Compiling anstyle v1.0.14
   Compiling litemap v0.8.2
   Compiling anstyle-query v1.1.5
   Compiling libc v0.2.186
   Compiling colorchoice v1.0.5
   Compiling crossbeam-utils v0.8.21
   Compiling serde_core v1.0.228
   Compiling zmij v1.0.21
   Compiling zerocopy v0.8.48
   Compiling libm v0.2.16
   Compiling is_terminal_polyfill v1.70.2
   Compiling writeable v0.6.3
   Compiling utf8_iter v1.0.4
   Compiling endian-type v0.1.2
   Compiling clap_lex v1.1.0
   Compiling strsim v0.11.1
   Compiling home v0.5.12
   Compiling ryu v1.0.23
   Compiling arc-swap v1.9.1
   Compiling thiserror v2.0.18
   Compiling libmimalloc-sys v0.1.49
   Compiling zerofrom v0.1.8
   Compiling unicode-segmentation v1.13.2
   Compiling unicode-width v0.1.14
   Compiling icu_normalizer_data v2.2.0
   Compiling icu_properties_data v2.2.0
   Compiling psm v0.1.31
   Compiling lock_api v0.4.14
   Compiling crc32fast v1.5.0
   Compiling predicates-core v1.0.10
   Compiling anstyle-parse v1.0.0
   Compiling nibble_vec v0.1.0
   Compiling difflib v0.4.0
   Compiling termtree v0.5.1
   Compiling futures-core v0.3.32
   Compiling assert_cmd v2.2.2
   Compiling yoke v0.8.2
   Compiling foldhash v0.1.5
   Compiling allocator-api2 v0.2.21
   Compiling percent-encoding v2.3.2
   Compiling tracing-core v0.1.36
   Compiling parking v2.2.1
   Compiling futures-sink v0.3.32
   Compiling futures-task v0.3.32
   Compiling slab v0.4.12
   Compiling futures-io v0.3.32
   Compiling base64 v0.22.1
   Compiling rustix v1.1.4
   Compiling mimalloc v0.1.52
   Compiling anstream v1.0.0
   Compiling radix_trie v0.2.1
   Compiling predicates-tree v1.0.13
   Compiling aho-corasick v1.1.4
   Compiling csv-core v0.1.13
   Compiling zerovec v0.11.6
   Compiling zerotrie v0.2.4
   Compiling form_urlencoded v1.2.2
   Compiling futures-util v0.3.32
   Compiling predicates v3.1.4
   Compiling crossbeam-epoch v0.9.20
   Compiling crossbeam-queue v0.3.12
   Compiling concurrent-queue v2.5.0
   Compiling indexmap v2.14.0
   Compiling clap_builder v4.6.0
   Compiling hashbrown v0.15.5
   Compiling tracing v0.1.44
   Compiling event-listener v5.4.1
   Compiling crossbeam-deque v0.8.6
   Compiling rayon-core v1.13.0
   Compiling tinystr v0.8.3
   Compiling potential_utf v0.1.5
   Compiling icu_collections v2.2.0
   Compiling icu_locale_core v2.2.0
   Compiling generic-array v0.14.7
   Compiling hashlink v0.10.0
   Compiling rayon v1.12.0
   Compiling regex-automata v0.4.14
   Compiling crypto-common v0.1.7
   Compiling block-buffer v0.10.4
   Compiling digest v0.10.7
   Compiling parking_lot_core v0.9.12
   Compiling stacker v0.1.24
   Compiling num_cpus v1.17.0
   Compiling errno v0.3.14
   Compiling mio v1.2.0
   Compiling socket2 v0.6.3
   Compiling mio v0.8.11
   Compiling nix v0.28.0
   Compiling memmap2 v0.9.11
   Compiling wait-timeout v0.2.1
   Compiling fd-lock v4.0.4
   Compiling sha2 v0.10.9
   Compiling signal-hook-registry v1.4.8
   Compiling recursive v0.1.1
   Compiling tempfile v3.27.0
   Compiling parking_lot v0.12.5
   Compiling sqlparser v0.61.0
   Compiling icu_provider v2.2.0
   Compiling signal-hook v0.3.18
   Compiling futures-intrusive v0.5.0
   Compiling tokio v1.52.3
   Compiling icu_properties v2.2.0
   Compiling icu_normalizer v2.2.0
   Compiling signal-hook-mio v0.2.5
   Compiling crossterm v0.27.0
   Compiling serde_json v1.0.150
   Compiling serde v1.0.228
   Compiling csv v1.4.0
   Compiling clap v4.6.1
   Compiling idna_adapter v1.2.2
   Compiling idna v1.1.0
   Compiling rustyline v14.0.0
   Compiling url v2.5.8
   Compiling regex v1.12.3
   Compiling bstr v1.12.1
   Compiling ahash v0.8.12
   Compiling redlinedb-kernel v4.1.0 (/tmp/redline-family-ci-192313-1784173362536058738/redline-core/crates/kernel)
   Compiling tokio-stream v0.1.18
   Compiling sqlx-core v0.8.6
   Compiling redlinedb-sql v4.1.0 (/tmp/redline-family-ci-192313-1784173362536058738/redline-core/crates/sql)
warning: field `name` is never read
    --> crates/sql/src/parser.rs:4705:18
     |
4705 |     InlineExpr { name: String, body: String },
     |     ----------   ^^^^
     |     |
     |     field in this variant
     |
     = note: `#[warn(dead_code)]` (part of `#[warn(unused)]`) on by default

warning: field `single_col_name` is never read
    --> crates/sql/src/parser.rs:4708:22
     |
4708 |     ScalarSubquery { single_col_name: String },
     |     --------------   ^^^^^^^^^^^^^^^
     |     |
     |     field in this variant

   Compiling redlinedb v4.1.0 (/tmp/redline-family-ci-192313-1784173362536058738/redline-core/crates/redlinedb)
   Compiling redlinedb-cli v4.1.0 (/tmp/redline-family-ci-192313-1784173362536058738/redline-core/crates/cli)
   Compiling redlinedb-tokio v4.1.0 (/tmp/redline-family-ci-192313-1784173362536058738/redline-core/crates/redlinedb-tokio)
   Compiling redlinedb-sqlx v4.1.0 (/tmp/redline-family-ci-192313-1784173362536058738/redline-core/crates/redlinedb-sqlx)
warning: `redlinedb-sql` (lib) generated 2 warnings
   Compiling redlinedb-ffi v4.1.0 (/tmp/redline-family-ci-192313-1784173362536058738/redline-core/crates/ffi)
   Compiling redlinedb-server v4.1.0 (/tmp/redline-family-ci-192313-1784173362536058738/redline-core/crates/server)
warning: unused import: `super::*`
  --> crates/cli/src/dot/display.rs:80:9
   |
80 |     use super::*;
   |         ^^^^^^^^
   |
   = note: `#[warn(unused_imports)]` (part of `#[warn(unused)]`) on by default

warning: `redlinedb-cli` (lib test) generated 1 warning (run `cargo fix --lib -p redlinedb-cli --tests` to apply 1 suggestion)
    Finished `test` profile [unoptimized + debuginfo] target(s) in 38.86s
────────────
 Nextest run ID ca274ebb-9d08-49b7-a721-52a5b78922e4 with nextest profile: default
    Starting 294 tests across 49 binaries (4 tests skipped)
        PASS [   0.021s] (  1/294) redlinedb registry::tests::volatile_session_path_keeps_explicit_root
        PASS [   0.021s] (  2/294) redlinedb value::tests::as_accessors_typed
        PASS [   0.024s] (  3/294) redlinedb registry::tests::registry_open_locks_are_scoped_per_path
        PASS [   0.025s] (  4/294) redlinedb value::tests::as_accessors_mismatch
        PASS [   0.025s] (  5/294) redlinedb value::tests::bool_to_integer
        PASS [   0.025s] (  6/294) redlinedb value::tests::system_time_invalid_datetime_text_returns_mismatch
        PASS [   0.031s] (  7/294) redlinedb value::tests::system_time_accepts_rfc3339_z_datetime_text
        PASS [   0.030s] (  8/294) redlinedb value::tests::try_from_unsigned_narrowing
        PASS [   0.024s] (  9/294) redlinedb tests::public_handle_thread_contracts_compile
        PASS [   0.030s] ( 10/294) redlinedb value::tests::system_time_round_trips_through_value
        PASS [   0.031s] ( 11/294) redlinedb value::tests::system_time_integer_epoch_micros_round_trips
        PASS [   0.028s] ( 12/294) redlinedb::env_default_durability env_var_drives_default_durability
        PASS [   0.031s] ( 13/294) redlinedb value::tests::try_from_usize_ok
        PASS [   0.031s] ( 14/294) redlinedb value::tests::system_time_normalizes_offset_datetime_text_to_utc
        PASS [   0.032s] ( 15/294) redlinedb value::tests::option_none_is_null
        PASS [   0.033s] ( 16/294) redlinedb value::tests::string_ref_to_text
        PASS [   0.032s] ( 17/294) redlinedb value::tests::try_from_signed_narrowing
        PASS [   0.032s] ( 18/294) redlinedb value::tests::system_time_preserves_fractional_microseconds_from_text
        PASS [   0.033s] ( 19/294) redlinedb value::tests::system_time_accepts_pre_epoch_datetime_text
        PASS [   0.034s] ( 20/294) redlinedb tests::open_options_builder_chains_match_field_init
        PASS [   0.035s] ( 21/294) redlinedb registry::tests::registry_concurrent_distinct_sessions_are_independent
        PASS [   0.031s] ( 22/294) redlinedb::pragma_synchronous_propagation unsafe_dev_open_unaffected_by_pragma_full
        PASS [   0.034s] ( 23/294) redlinedb value::tests::try_from_owned_string_and_vec
        PASS [   0.035s] ( 24/294) redlinedb value::tests::is_null_matches_only_null
        PASS [   0.033s] ( 25/294) redlinedb value::tests::unsigned_widening
        PASS [   0.037s] ( 26/294) redlinedb value::tests::system_time_accepts_sqlite_datetime_text_as_utc
        PASS [   0.035s] ( 27/294) redlinedb::pragma_synchronous_propagation pragma_normal_flips_engine_to_normal
        PASS [   0.038s] ( 28/294) redlinedb value::tests::signed_widening
        PASS [   0.035s] ( 29/294) redlinedb::env_default_durability invalid_value_panics_loudly
        PASS [   0.034s] ( 30/294) redlinedb::env_default_durability explicit_with_durability_still_overrides_env
        PASS [   0.033s] ( 31/294) redlinedb::ws_c7_rayon_pool default_pool_is_opt_in_zero
        PASS [   0.042s] ( 32/294) redlinedb value::tests::option_some_delegates_to_inner
        PASS [   0.044s] ( 33/294) redlinedb registry::tests::registry_concurrent_open_returns_shared_handles
        PASS [   0.043s] ( 34/294) redlinedb value::tests::f32_widens_to_real
        PASS [   0.038s] ( 35/294) redlinedb::wave6b_defaults explicit_false_overrides_auto_default_for_memory
        PASS [   0.042s] ( 36/294) redlinedb value::tests::try_from_bool
        PASS [   0.033s] ( 37/294) redlinedb value::tests::try_from_u64_overflow
        PASS [   0.041s] ( 38/294) redlinedb value::tests::try_from_u64_ok
        PASS [   0.035s] ( 39/294) redlinedb::pragma_synchronous_propagation pragma_extra_maps_to_strict
        PASS [   0.088s] ( 40/294) redlinedb::wave6b_defaults explicit_false_overrides_auto_default_for_ephemeral
        PASS [   0.091s] ( 41/294) redlinedb::pragma_synchronous_propagation pragma_full_returns_to_strict
        PASS [   0.086s] ( 42/294) redlinedb::wave6b_defaults in_memory_default_is_lean
        PASS [   0.092s] ( 43/294) redlinedb value::tests::vec_ref_to_blob
        PASS [   0.085s] ( 44/294) redlinedb::ws_c9_lean_defaults lean_constant_matches_one_megabyte_at_four_kib_pages
        PASS [   0.075s] ( 45/294) redlinedb-cli dot::tests::split_args_double_quoted_escapes
        PASS [   0.090s] ( 46/294) redlinedb::wave6b_defaults ephemeral_default_is_lean
        PASS [   0.091s] ( 47/294) redlinedb::phase11_ephemeral in_memory_database_uses_default_volatile_root
        PASS [   0.077s] ( 48/294) redlinedb-cli dot::tests::split_simple_tokens
        PASS [   0.077s] ( 49/294) redlinedb-cli dot::tests::mode_parses_aliases
        PASS [   0.077s] ( 50/294) redlinedb-cli dot::parameter::tests::normalize_strips_sigil_and_canonicalises_to_colon
        PASS [   0.086s] ( 51/294) redlinedb::ws_c7_rayon_pool each_database_owns_its_own_pool
        PASS [   0.085s] ( 52/294) redlinedb::ws_c9_lean_defaults default_in_memory_open_is_lean_by_default
        PASS [   0.092s] ( 53/294) redlinedb::pragma_synchronous_propagation pragma_off_flips_engine_to_normal
        PASS [   0.092s] ( 54/294) redlinedb::pragma_synchronous_propagation writes_still_succeed_after_normal_demote
        PASS [   0.080s] ( 55/294) redlinedb::ws_c9_lean_defaults lean_ephemeral_shrinks_buffer_pool_to_one_meg
        PASS [   0.086s] ( 56/294) redlinedb::ws_c7_rayon_pool explicit_single_thread_disables_pool
        PASS [   0.064s] ( 57/294) redlinedb-cli::dot_commands dot_tables_lists_user_tables
        PASS [   0.080s] ( 58/294) redlinedb::ws_c9_lean_defaults lean_setting_does_not_change_other_databases
        PASS [   0.088s] ( 59/294) redlinedb::ws_c9_lean_defaults explicit_false_overrides_in_memory_auto_default
        PASS [   0.085s] ( 60/294) redlinedb::ws_c7_rayon_pool explicit_thread_count_is_honoured
        PASS [   0.066s] ( 61/294) redlinedb-cli::dot_commands dot_mode_and_headers_apply_to_following_query
        PASS [   0.066s] ( 62/294) redlinedb-cli::dot_commands dot_parameter_list_and_clear_round_trip
        PASS [   0.077s] ( 63/294) redlinedb-cli dot::parameter::tests::parse_parameter_values_preserves_storage_class
        PASS [   0.080s] ( 64/294) redlinedb-cli dot::display::tests::separator_is_literal
        PASS [   0.078s] ( 65/294) redlinedb::ws_c9_lean_defaults open_with_and_without_lean_uses_separate_registry_entries
        PASS [   0.064s] ( 66/294) redlinedb-cli::dot_commands foreign_keys_pragma_persists_across_input_lines
        PASS [   0.079s] ( 67/294) redlinedb-cli::dot_commands cmd_flag_repeated_runs_each_command
        PASS [   0.066s] ( 68/294) redlinedb-cli::dot_commands dot_recover_emits_dump_sql
        PASS [   0.067s] ( 69/294) redlinedb-cli::dot_commands dot_mode_quote_renders_sql_literals
        PASS [   0.079s] ( 70/294) redlinedb-cli::dot_commands dot_databases_uses_quoted_path_for_memory_db
        PASS [   0.065s] ( 71/294) redlinedb-cli::dot_commands dot_schema_sqlite_master_returns_canonical_schema
        PASS [   0.080s] ( 72/294) redlinedb-cli dot::tests::split_quoted_tokens
        PASS [   0.066s] ( 73/294) redlinedb-cli::dot_commands dot_nullvalue_and_headers_apply_to_list_output
        PASS [   0.065s] ( 74/294) redlinedb-cli::dot_commands dot_separator_double_quoted_argument_expands_escapes
        PASS [   0.066s] ( 75/294) redlinedb-cli::dot_commands dot_list_renders_blob_text_symbolically
        PASS [   0.072s] ( 76/294) redlinedb-cli::dot_commands dot_echo_off_is_still_echoed_when_echo_was_on
        PASS [   0.065s] ( 77/294) redlinedb-cli::dot_commands dot_tables_columns_use_five_space_separator_column_major
        PASS [   0.066s] ( 78/294) redlinedb-cli::dot_commands dot_print_emits_literal_text
        PASS [   0.068s] ( 79/294) redlinedb-cli::dot_commands dot_fullschema_emits_schema_and_sqlite_master_section
        PASS [   0.083s] ( 80/294) redlinedb-cli::dot_commands cli_escape_symbol_renders_control_characters_symbolically
        PASS [   0.083s] ( 81/294) redlinedb-cli::dot_commands dot_dbinfo_prints_page_size
        PASS [   0.079s] ( 82/294) redlinedb-cli::dot_commands dot_bail_terminates_on_error
        PASS [   0.065s] ( 83/294) redlinedb-cli::dot_commands dot_tables_pattern_filters_results
        PASS [   0.083s] ( 84/294) redlinedb-cli::dot_commands dot_dbtotxt_prints_pipe_separated_catalog_rows
        PASS [   0.066s] ( 85/294) redlinedb-cli::dot_commands dot_lint_fkey_indexes_emits_create_index_per_reference
        PASS [   0.066s] ( 86/294) redlinedb-cli::dot_commands dot_list_renders_zeroblob_as_blank
        PASS [   0.079s] ( 87/294) redlinedb-cli::dot_commands deserialize_memory_mode_runs_silently
        PASS [   0.083s] ( 88/294) redlinedb-cli::dot_commands dot_changes_skips_ddl_and_runs_total_for_dml
        PASS [   0.065s] ( 89/294) redlinedb-cli::dot_commands dot_schema_prints_create_statements
        PASS [   0.083s] ( 90/294) redlinedb-cli::dot_commands dot_crlf_toggles_row_separator
        PASS [   0.089s] ( 91/294) redlinedb::ws_c7_rayon_pool pool_is_not_installed_as_rayon_global
        PASS [   0.066s] ( 92/294) redlinedb-cli::dot_commands dot_indexes_lists_index_names
        PASS [   0.071s] ( 93/294) redlinedb-cli::dot_commands dot_parameter_set_binds_named_placeholders
        PASS [   0.071s] ( 94/294) redlinedb-cli::dot_commands dot_mode_markdown_renders_pipe_table
        PASS [   0.070s] ( 95/294) redlinedb-cli::dot_commands dot_separator_single_quoted_argument_is_literal
        PASS [   0.065s] ( 96/294) redlinedb-cli::dot_commands dot_show_dumps_current_settings
        PASS [   0.068s] ( 97/294) redlinedb-cli::dot_commands dot_filectrl_lists_available_controls_for_empty_command
        PASS [   0.111s] ( 98/294) redlinedb registry::tests::volatile_root_from_unusable_candidate_uses_process_scratch
        PASS [   0.023s] ( 99/294) redlinedb-cli::ws_b4_allocator_features allocator_feature_string_churn
        PASS [   0.023s] (100/294) redlinedb-cli::ws_b4_allocator_features allocator_feature_smoke_alloc_and_drop
        PASS [   0.027s] (101/294) redlinedb-cli::integrity cli_source_has_no_sqlite_parity_replay_fastpath
        PASS [   0.090s] (102/294) redlinedb-cli::dot_commands dot_schema_accepts_indent_and_nosys_flags
        PASS [   0.110s] (103/294) redlinedb-cli::dot_commands batch_autoincrement_exposes_sqlite_sequence
        PASS [   0.112s] (104/294) redlinedb-cli::dot_commands delimited_modes_stream_headers_nulls_and_escaping
        PASS [   0.040s] (105/294) redlinedb-cli::dot_commands mode_markdown_separator_uses_three_dashes_per_cell
        PASS [   0.041s] (106/294) redlinedb-cli::dot_commands mode_csv_quotes_apostrophes_and_uses_crlf_terminators
        PASS [   0.036s] (107/294) redlinedb-ffi tests::sqlite3_metadata_helpers_return_values
        PASS [   0.042s] (108/294) redlinedb-cli::dot_commands sql_multiline_trigger_body_is_one_statement
        PASS [   0.031s] (109/294) redlinedb-ffi::collation_register null_db_to_create_collation_returns_misuse
        PASS [   0.042s] (110/294) redlinedb-cli::dot_commands sql_rollback_state_persists_across_input_lines
        PASS [   0.039s] (111/294) redlinedb-cli::shellzero_smoke shellzero_help_exits_zero
        PASS [   0.035s] (112/294) redlinedb-ffi::blob_io null_pointers_to_blob_api_return_misuse_or_noop
        PASS [   0.043s] (113/294) redlinedb-cli::dot_commands mode_flag_after_nullvalue_resets_nullvalue
        PASS [   0.045s] (114/294) redlinedb-cli::dot_commands mode_column_centres_headers_and_right_aligns_numerics
        PASS [   0.034s] (115/294) redlinedb-ffi::error_paths null_path_to_open_v2_returns_misuse_with_valid_out_slot
        PASS [   0.045s] (116/294) redlinedb-cli::dot_commands mode_column_honours_width_and_wraps_long_values
        PASS [   0.045s] (117/294) redlinedb-cli::dot_commands version_identifies_redlinedb_release_and_sqlite_compatibility
        PASS [   0.046s] (118/294) redlinedb-cli::dot_commands mode_quote_renders_blob_with_lowercase_x_literal
        PASS [   0.043s] (119/294) redlinedb-cli::shellzero_smoke shellzero_string_concat
        PASS [   0.037s] (120/294) redlinedb-ffi::error_paths backup_lifecycle_funcs_reject_null_backup
        PASS [   0.037s] (121/294) redlinedb-ffi::error_paths close_on_never_opened_handle_is_safe
        PASS [   0.049s] (122/294) redlinedb-cli::dot_commands mode_markdown_respects_headers_off
        PASS [   0.046s] (123/294) redlinedb-cli::shellzero_smoke shellzero_select_one_plus_one
        PASS [   0.049s] (124/294) redlinedb-cli::dot_commands mode_html_omits_table_wrapper_and_uses_single_open_tags
        PASS [   0.050s] (125/294) redlinedb-cli::dot_commands mode_insert_with_blob_uses_lowercase_x_literal
        PASS [   0.050s] (126/294) redlinedb-cli::dot_commands sql_savepoint_state_persists_across_input_lines
        PASS [   0.050s] (127/294) redlinedb-cli::dot_commands mode_line_uses_colon_and_aligns_names
        PASS [   0.047s] (128/294) redlinedb-cli::shellzero_smoke without_shellzero_select_still_works
        PASS [   0.051s] (129/294) redlinedb-cli::dot_commands unknown_dot_command_reports_error_without_terminating
        PASS [   0.038s] (130/294) redlinedb-ffi::hooks hook_registration_on_null_db_returns_null_or_misuse
        PASS [   0.040s] (131/294) redlinedb-ffi::error_paths config_surface_null_db_sentinels
        PASS [   0.048s] (132/294) redlinedb-cli::shellzero_smoke shellzero_print_arg
        PASS [   0.054s] (133/294) redlinedb-cli::dot_commands mode_tcl_renders_strings_with_octal_escapes
        PASS [   0.054s] (134/294) redlinedb-cli::dot_commands mode_html_renders_null_as_literal_null
        PASS [   0.043s] (135/294) redlinedb-ffi::error_paths prepare_with_null_db_returns_misuse_and_leaves_out_stmt_null
        PASS [   0.053s] (136/294) redlinedb-cli::shellzero_smoke shellzero_falls_through_on_from_clause
        PASS [   0.056s] (137/294) redlinedb-cli::dot_commands mode_flag_after_separator_resets_separator
        PASS [   0.018s] (138/294) redlinedb-ffi::safety_invariants null_db_pointer_returns_misuse_for_every_public_function
        PASS [   0.059s] (139/294) redlinedb-cli::dot_commands mode_box_uses_unicode_line_drawing
        PASS [   0.060s] (140/294) redlinedb-cli::dot_commands mode_table_uses_ascii_pluses_only_around_header
        PASS [   0.012s] (141/294) redlinedb-ffi::value_result text_value_returns_nul_terminated_pointer
        PASS [   0.020s] (142/294) redlinedb-ffi::safety_invariants rldb_free_null_is_noop
        PASS [   0.063s] (143/294) redlinedb-cli::dot_commands sql_transaction_state_persists_across_input_lines
        PASS [   0.017s] (144/294) redlinedb-ffi::value_result null_pointers_to_result_setters_are_no_op
        PASS [   0.016s] (145/294) redlinedb-ffi::value_result null_value_reports_null_type_and_zero_accessors
        PASS [   0.014s] (146/294) redlinedb-ffi::value_result value_dup_and_free_round_trip_owned_copy
        PASS [   0.061s] (147/294) redlinedb-cli::shellzero_smoke shellzero_version_emits_version_line
        PASS [   0.017s] (148/294) redlinedb-ffi::value_result blob_value_returns_pointer_and_length
        PASS [   0.024s] (149/294) redlinedb-ffi::safety_invariants null_open_args_return_misuse
        PASS [   0.017s] (150/294) redlinedb-ffi::value_result null_pointers_to_value_accessors_are_safe
        PASS [   0.019s] (151/294) redlinedb-ffi::udf_register null_db_returns_misuse
        PASS [   0.062s] (152/294) redlinedb-cli::rql cli_rql_json_uses_existing_render_modes
        PASS [   0.017s] (153/294) redlinedb-ffi::value_result result_setters_populate_context_slot
        PASS [   0.021s] (154/294) redlinedb-ffi::value_result integer_value_round_trips_and_promotes_to_double
        PASS [   0.016s] (155/294) redlinedb-sqlx bridge::tests::mode_ro_disables_owner_lock_and_creation
        PASS [   0.067s] (156/294) redlinedb-cli::dot_commands mode_line_wraps_multiline_values_with_indent
        PASS [   0.024s] (157/294) redlinedb-ffi::safety_invariants null_stmt_column_accessors_return_sentinels
        PASS [   0.068s] (158/294) redlinedb-cli::dot_commands mode_insert_default_table_name_is_tab
        PASS [   0.019s] (159/294) redlinedb-sqlx bridge::options::tests::mode_ro_disables_owner_lock_and_creation
        PASS [   0.019s] (160/294) redlinedb-sqlx bridge::options::tests::ro_is_rejected_for_in_memory_url
        PASS [   0.019s] (161/294) redlinedb-sqlx bridge::tests::ro_is_rejected_for_in_memory_urls
        PASS [   0.071s] (162/294) redlinedb-cli::dot_commands mode_flag_after_header_resets_header_to_mode_default
        PASS [   0.019s] (163/294) redlinedb-sqlx tests::attach_mode_ro_is_rejected_for_memory_urls
        PASS [   0.019s] (164/294) redlinedb-sqlx bridge::tests::ro_attach_is_rejected_for_in_memory_urls
        PASS [   0.072s] (165/294) redlinedb-cli::dot_commands mode_json_emits_one_row_per_line_with_blob_escapes
        PASS [   0.018s] (166/294) redlinedb-sqlx tests::ro_attach_is_rejected_for_in_memory_urls
        PASS [   0.017s] (167/294) redlinedb-sqlx::attach_mode ro_attach_is_rejected_for_in_memory_urls
        PASS [   0.023s] (168/294) redlinedb-sqlx tests::attach_mode_ro_is_read_only_and_ownerless
        PASS [   0.011s] (169/294) redlinedb-tokio tests::pool_is_send_sync
        PASS [   0.015s] (170/294) redlinedb-tokio tests::async_row_is_send_sync
        PASS [   0.014s] (171/294) redlinedb-tokio::builder_settings_applied builder_without_database_errors
        PASS [   0.019s] (172/294) redlinedb-sqlx::driver_registration mixed_case_redlinedb_scheme_is_normalized
        PASS [   0.019s] (173/294) redlinedb-sqlx::driver_registration redline_memory_url_connects
        PASS [   0.017s] (174/294) redlinedb-sqlx::driver_registration redlinedb_memory_url_connects
        PASS [   0.017s] (175/294) redlinedb-sqlx::install_order upstream_install_blocks_late_redline_install
        PASS [   0.014s] (176/294) redlinedb-tokio::builder_settings_applied zero_max_connections_panics
        PASS [   0.013s] (177/294) redlinedb-tokio::error_propagation_across_await errors_are_send_sync_compatible
        PASS [   0.019s] (178/294) redlinedb-sqlx::driver_registration repeated_install_is_harmless
        PASS [   0.018s] (179/294) redlinedb-tokio::error_propagation_across_await error_returned_to_caller_with_code
        PASS [   0.017s] (180/294) redlinedb-tokio::error_propagation_across_await fetch_one_on_empty_returns_not_found
        PASS [   0.023s] (181/294) redlinedb-sqlx::sqlx_smoke parameterized_recursive_cte_uses_bound_values
        PASS [   0.021s] (182/294) redlinedb-tokio::clone_shares_database clone_writes_visible_to_original
        PASS [   0.022s] (183/294) redlinedb-tokio::builder_settings_applied builder_constructs_pool_with_custom_settings
        PASS [   0.018s] (184/294) redlinedb-tokio::transaction_commit_rollback rolls_back_on_err
        PASS [   0.019s] (185/294) redlinedb-tokio::open_in_memory_smoke round_trips_single_row
        PASS [   0.018s] (186/294) redlinedb-tokio::transaction_commit_rollback commits_on_ok
        PASS [   0.017s] (187/294) redlinedb-tokio::transaction_commit_rollback rolls_back_on_inner_db_error
        PASS [   0.021s] (188/294) redlinedb-tokio::params_binding_all_value_types round_trips_all_value_variants
        PASS [   0.027s] (189/294) redlinedb-sqlx::jeryu_schema any_pool_runs_jeryu_shaped_append_only_schema
        PASS [   0.018s] (190/294) redlinedb-tokio::with_connection_multistep multistep_state_is_visible_within_closure
        PASS [   0.171s] (191/294) redlinedb-cli::dot_commands cli_flags_select_the_expected_renderers
        PASS [   0.172s] (192/294) redlinedb-ffi tests::sqlite3_open_v2_requires_create_for_missing_path
        PASS [   0.223s] (193/294) redlinedb-cli::dot_import_smoke dot_import_loads_csv_rows_inside_transaction
        PASS [   0.248s] (194/294) redlinedb-ffi::error_paths open_v2_on_path_that_is_a_regular_file_returns_error_without_panic
        PASS [   0.587s] (195/294) redlinedb-cli::dot_commands batch_bail_memory_mode_is_cwd_clean_and_output_exact
        PASS [   0.586s] (196/294) redlinedb-cli::dot_commands cli_ifexists_rejects_missing_database
        PASS [   0.574s] (197/294) redlinedb-cli::dot_commands dot_once_redirects_only_the_next_query
        PASS [   0.601s] (198/294) redlinedb::env_default_durability env_var_propagates_to_open_engine
        PASS [   0.512s] (199/294) redlinedb-cli::dot_commands memory_mode_query_leaves_working_directory_clean
        PASS [   0.574s] (200/294) redlinedb-cli::dot_commands dot_read_executes_file_contents
        PASS [   0.575s] (201/294) redlinedb-cli::dot_commands dot_dump_round_trips_through_sqlite3
        PASS [   0.608s] (202/294) redlinedb::phase11_ephemeral named_ephemeral_sessions_are_reused_while_compatible
        PASS [   0.640s] (203/294) redlinedb-ffi tests::sqlite3_prepare_v2_blank_input_returns_null_stmt
        PASS [   0.744s] (204/294) redlinedb::ws_c9_lean_defaults lean_ephemeral_on_disk_open_honours_the_flavor
        PASS [   0.748s] (205/294) redlinedb::wave6b_defaults explicit_true_still_works_for_file_backed_open
        PASS [   0.755s] (206/294) redlinedb machine::tests::query_spec_rejects_stale_schema_epoch
        PASS [   0.647s] (207/294) redlinedb-ffi::hooks commit_hook_fires_and_can_veto
        PASS [   0.755s] (208/294) redlinedb tests::open_options_builder_opens_database_with_custom_busy_timeout
        PASS [   0.650s] (209/294) redlinedb-ffi::error_paths errmsg_after_failed_prepare_returns_human_readable_message
        PASS [   0.718s] (210/294) redlinedb-cli::dot_import_bulk bulk_import_pragma_loads_5000_rows
        PASS [   0.738s] (211/294) redlinedb-cli::dot_import_bulk bulk_import_pragma_handles_partial_trailing_chunk
        PASS [   0.986s] (212/294) redlinedb tests::pool_metrics_hook_fires_on_acquire
        PASS [   0.888s] (213/294) redlinedb-ffi tests::sqlite3_exec_errmsg_is_null_terminated_and_freeable
        PASS [   1.222s] (214/294) redlinedb-ffi tests::sqlite3_autocommit_tracks_transaction_state
        PASS [   1.221s] (215/294) redlinedb-ffi tests::sqlite3_prepare_v3_is_compatible_with_prepare_v2
        PASS [   1.231s] (216/294) redlinedb-ffi::hooks trace_hook_fires_with_sql_string
        PASS [   1.234s] (217/294) redlinedb-ffi::error_paths prepare_empty_sql_returns_ok_with_null_stmt
        PASS [   1.335s] (218/294) redlinedb::phase11_ephemeral in_memory_database_shares_state_and_cleans_up
        PASS [   1.234s] (219/294) redlinedb-ffi::collation_register collation_needed_fires_when_invoked
        PASS [   1.336s] (220/294) redlinedb::pragma_synchronous_propagation default_on_disk_open_sees_strict_until_pragma_fires
        PASS [   1.233s] (221/294) redlinedb-ffi::error_paths step_after_finalize_then_null_returns_misuse
        PASS [   1.373s] (222/294) redlinedb-ffi::safety_invariants double_close_via_null_after_close_is_safe
        PASS [   1.388s] (223/294) redlinedb-ffi::hooks profile_hook_captures_nanoseconds
        PASS [   1.388s] (224/294) redlinedb-ffi::hooks busy_handler_retry_decision
        PASS [   1.388s] (225/294) redlinedb-ffi::hooks authorizer_returns_decision_code
        PASS [   1.391s] (226/294) redlinedb-ffi::error_paths backup_init_with_null_args_returns_misuse
        PASS [   1.460s] (227/294) redlinedb-ffi::safety_invariants null_sql_pointer_returns_misuse
        PASS [   1.478s] (228/294) redlinedb-ffi::safety_invariants invalid_utf8_in_sql_returns_error_not_panic
        PASS [   1.515s] (229/294) redlinedb-ffi::hooks rollback_hook_fires
        PASS [   1.483s] (230/294) redlinedb-ffi::udf_register times_two_scalar_udf_invoked_from_select
        PASS [   1.510s] (231/294) redlinedb-ffi::hooks update_hook_fires_with_table_and_rowid
        PASS [   1.670s] (232/294) redlinedb::wave6b_defaults file_backed_default_stays_non_lean
        PASS [   1.656s] (233/294) redlinedb-cli::dot_commands dot_databases_reports_main
        PASS [   1.537s] (234/294) redlinedb-ffi::udf_register arity_any_matches_when_exact_arity_missing
        PASS [   1.635s] (235/294) redlinedb-ffi::error_paths oversize_sql_via_exec_populates_errmsg
        PASS [   1.603s] (236/294) redlinedb-ffi::safety_invariants parameter_index_out_of_range_returns_range
        PASS [   1.908s] (237/294) redlinedb tests::owned_and_borrowed_statements_return_the_same_row
        PASS [   1.908s] (238/294) redlinedb tests::row_get_dispatches_to_typed_from_value_impls
        PASS [   1.909s] (239/294) redlinedb tests::pool_busy_timeout_applies_to_handed_out_connections
        PASS [   1.909s] (240/294) redlinedb tests::pool_get_returns_connection_and_drop_returns_it
        PASS [   2.137s] (241/294) redlinedb tests::query_row_returns_first_row_mapped
        PASS [   2.033s] (242/294) redlinedb-ffi::error_paths bind_parameter_index_with_null_name_returns_misuse
        PASS [   2.164s] (243/294) redlinedb-ffi tests::sqlite3_exec_stops_at_first_error_and_sets_errmsg
        PASS [   2.165s] (244/294) redlinedb-ffi tests::sqlite3_exec_savepoint_rollback_to_drops_postsaved_rows
        PASS [   2.164s] (245/294) redlinedb-ffi tests::sqlite3_exec_savepoint_release_round_trip
        PASS [   2.225s] (246/294) redlinedb-ffi::safety_invariants null_value_pointer_on_bind_returns_misuse
        PASS [   2.261s] (247/294) redlinedb-ffi tests::sqlite3_surface_executes_bind_and_query
        PASS [   2.365s] (248/294) redlinedb tests::connection_set_busy_timeout_applies_to_future_lock_conflicts
        PASS [   2.258s] (249/294) redlinedb-ffi::hooks exec_walk_invokes_trace_profile_commit_hooks
        PASS [   2.260s] (250/294) redlinedb-ffi::collation_register reverse_nocase_orders_descending
        PASS [   2.261s] (251/294) redlinedb-ffi::blob_io write_past_cell_length_is_rejected
        PASS [   2.309s] (252/294) redlinedb-ffi::safety_invariants exec_callback_failure_round_trips_errmsg_ownership
        PASS [   2.331s] (253/294) redlinedb-ffi tests::sqlite3_prepare_v2_sets_pztail_after_first_statement
        PASS [   2.413s] (254/294) redlinedb-cli::dot_commands dot_databases_lists_attached_aliases
        PASS [   2.326s] (255/294) redlinedb-ffi::exec_input_boundary null_byte_in_bound_parameter
        PASS [   2.314s] (256/294) redlinedb-ffi::safety_invariants backup_init_step_close_round_trips_box_ownership
        PASS [   2.434s] (257/294) redlinedb tests::tuple_params_bind_heterogeneous_types_directly
        PASS [   2.327s] (258/294) redlinedb-ffi::exec_input_boundary sql_injection_stacked_statement_executes_per_documented_contract
        PASS [   2.427s] (259/294) redlinedb-ffi::safety_invariants nul_byte_mid_string_truncates_at_nul_without_ub
        PASS [   2.458s] (260/294) redlinedb-ffi tests::sqlite3_exec_callback_fires_for_each_row_in_multi_stmt
        PASS [   2.574s] (261/294) redlinedb machine::tests::query_spec_round_trip_select_insert_update_delete
        PASS [   2.468s] (262/294) redlinedb-ffi::blob_io open_read_write_close_round_trip
        PASS [   2.437s] (263/294) redlinedb-ffi::udf_register aggregate_udf_sum_squares_invoked_per_group
        PASS [   2.642s] (264/294) redlinedb-sqlx::sqlx_smoke mode_rwc_accepts_existing_empty_file_path
        PASS [   2.704s] (265/294) redlinedb-ffi::error_paths bind_then_reset_then_rebind_does_not_panic
        PASS [   2.809s] (266/294) redlinedb tests::benchmark_stats_surface_current_storage_counters
        PASS [   2.704s] (267/294) redlinedb-ffi::blob_io reopen_changes_rowid
        PASS [   2.651s] (268/294) redlinedb-sqlx::sqlx_smoke creates_inserts_and_reads_rows
        PASS [   2.703s] (269/294) redlinedb-ffi::exec_input_boundary sql_injection_classic_quote_escape
        PASS [   2.659s] (270/294) redlinedb-sqlx::attach_mode mode_rwc_still_opens_and_writes
        PASS [   2.659s] (271/294) redlinedb-sqlx::datetime_round_trip datetime_text_round_trips_through_sqlx
        PASS [   2.812s] (272/294) redlinedb tests::from_value_narrowing_overflow_returns_mismatch
        PASS [   2.707s] (273/294) redlinedb-sqlx bridge::tests::mode_ro_attaches_to_live_database_and_blocks_writes
        PASS [   2.716s] (274/294) redlinedb-sqlx tests::mode_ro_attaches_to_live_database_and_blocks_writes
        PASS [   2.725s] (275/294) redlinedb-sqlx::attach_mode mode_ro_attaches_to_live_database_and_blocks_writes
        PASS [   2.808s] (276/294) redlinedb-ffi tests::sqlite3_exec_runs_multiple_statements
        PASS [   2.802s] (277/294) redlinedb-ffi::exec_input_boundary multi_byte_utf8_handled
        PASS [   2.908s] (278/294) redlinedb-ffi::hooks update_hook_fires_per_row
        PASS [   2.926s] (279/294) redlinedb-tokio::concurrent_writes_no_corruption sixteen_writers_no_lost_rows
        PASS [   3.160s] (280/294) redlinedb::phase8 archive_and_retention_stats_are_available
        PASS [   3.165s] (281/294) redlinedb value::tests::datetime_text_insert_select_keeps_text_and_system_time_accepts_it
        PASS [   3.182s] (282/294) redlinedb-ffi::hooks set_authorizer_denies_table_access
        PASS [   3.190s] (283/294) redlinedb-server::bin/redlinedb-server tests::framed_protocol_executes_statements
        PASS [   3.660s] (284/294) redlinedb::rql rql_program_covers_core_relational_flow
        PASS [   3.659s] (285/294) redlinedb-ffi::safety_invariants oversize_sql_is_rejected_gracefully
        PASS [   4.030s] (286/294) redlinedb-sqlx::driver_registration file_backed_jeryu_autonomy_ledger_url_connects
        PASS [   4.573s] (287/294) redlinedb::durable_reopen committed_transaction_survives_rollback_checkpoint_and_reopen
        PASS [   4.573s] (288/294) redlinedb::durable_reopen committed_autocommit_row_survives_checkpoint_and_reopen
        PASS [   4.648s] (289/294) redlinedb::phase8 slots_are_persisted_and_listed
        PASS [   4.543s] (290/294) redlinedb-tokio::persistent_file_path file_backed_round_trip
        PASS [   5.328s] (291/294) redlinedb::oversized_row public_text_row_boundary_accepts_max_minus_one_and_max_but_rejects_max_plus_one
        PASS [   5.460s] (292/294) redlinedb-sqlx::jeryu_schema any_pool_file_schema_sees_ddl_across_connections
        PASS [   6.264s] (293/294) redlinedb::oversized_row repeated_oversized_inserts_and_updates_leave_storage_and_wal_unchanged_after_reopen
        PASS [   6.553s] (294/294) redlinedb::phase8 physical_backup_restore_roundtrip
────────────
     Summary [   6.569s] 294 tests run: 294 passed, 4 skipped
ci-local pr-ci: tests/kernel
warning: unused import: `std::cmp::Ordering`
 --> crates/kernel/tests/index_keycmp_simd.rs:8:5
  |
8 | use std::cmp::Ordering;
  |     ^^^^^^^^^^^^^^^^^^
  |
  = note: `#[warn(unused_imports)]` (part of `#[warn(unused)]`) on by default


running 93 tests
....................................................................................... 87/93
......
test result: ok. 93 passed; 0 failed; 0 ignored; 0 measured; 0 filtered out; finished in 0.30s


running 2 tests
..
test result: ok. 2 passed; 0 failed; 0 ignored; 0 measured; 0 filtered out; finished in 0.44s


running 5 tests
.....
test result: ok. 5 passed; 0 failed; 0 ignored; 0 measured; 0 filtered out; finished in 0.00s


running 5 tests
.....
test result: ok. 5 passed; 0 failed; 0 ignored; 0 measured; 0 filtered out; finished in 0.25s


running 5 tests
.....
test result: ok. 5 passed; 0 failed; 0 ignored; 0 measured; 0 filtered out; finished in 0.86s


running 1 test
i
test result: ok. 0 passed; 0 failed; 1 ignored; 0 measured; 0 filtered out; finished in 0.00s

test: recall_at_10_meets_bar, ignore_message: 10k-vector recall benchmark; run with --include-ignored


running 24 tests
........................
test result: ok. 24 passed; 0 failed; 0 ignored; 0 measured; 0 filtered out; finished in 5.87s


running 0 tests

test result: ok. 0 passed; 0 failed; 0 ignored; 0 measured; 0 filtered out; finished in 0.00s


running 16 tests
................
test result: ok. 16 passed; 0 failed; 0 ignored; 0 measured; 0 filtered out; finished in 7.88s


running 4 tests
....
test result: ok. 4 passed; 0 failed; 0 ignored; 0 measured; 0 filtered out; finished in 0.00s


running 8 tests
........
test result: ok. 8 passed; 0 failed; 0 ignored; 0 measured; 0 filtered out; finished in 0.50s


running 0 tests

test result: ok. 0 passed; 0 failed; 0 ignored; 0 measured; 0 filtered out; finished in 0.00s


running 4 tests
i...
test result: ok. 3 passed; 0 failed; 1 ignored; 0 measured; 0 filtered out; finished in 2.87s


running 3 tests
...
test result: ok. 3 passed; 0 failed; 0 ignored; 0 measured; 0 filtered out; finished in 0.02s


running 3 tests
...
test result: ok. 3 passed; 0 failed; 0 ignored; 0 measured; 0 filtered out; finished in 3.06s


running 3 tests
...
test result: ok. 3 passed; 0 failed; 0 ignored; 0 measured; 0 filtered out; finished in 0.85s


running 12 tests
............
test result: ok. 12 passed; 0 failed; 0 ignored; 0 measured; 0 filtered out; finished in 0.02s


running 2 tests
..
test result: ok. 2 passed; 0 failed; 0 ignored; 0 measured; 0 filtered out; finished in 0.02s


running 4 tests
....
test result: ok. 4 passed; 0 failed; 0 ignored; 0 measured; 0 filtered out; finished in 0.28s


running 15 tests
...............
test result: ok. 15 passed; 0 failed; 0 ignored; 0 measured; 0 filtered out; finished in 3.66s


running 6 tests
.....test iter_all_entries_walks_ten_thousand_keys has been running for over 60 seconds
.
test result: ok. 6 passed; 0 failed; 0 ignored; 0 measured; 0 filtered out; finished in 70.47s


running 4 tests
....
test result: ok. 4 passed; 0 failed; 0 ignored; 0 measured; 0 filtered out; finished in 0.01s


running 29 tests
.............................
test result: ok. 29 passed; 0 failed; 0 ignored; 0 measured; 0 filtered out; finished in 0.01s


running 12 tests
............
test result: ok. 12 passed; 0 failed; 0 ignored; 0 measured; 0 filtered out; finished in 0.01s


running 5 tests
.....
test result: ok. 5 passed; 0 failed; 0 ignored; 0 measured; 0 filtered out; finished in 0.00s


running 26 tests
..........................
test result: ok. 26 passed; 0 failed; 0 ignored; 0 measured; 0 filtered out; finished in 10.71s


running 2 tests
..
test result: ok. 2 passed; 0 failed; 0 ignored; 0 measured; 0 filtered out; finished in 0.01s


running 17 tests
.................
test result: ok. 17 passed; 0 failed; 0 ignored; 0 measured; 0 filtered out; finished in 0.07s


running 5 tests
.....
test result: ok. 5 passed; 0 failed; 0 ignored; 0 measured; 0 filtered out; finished in 0.00s


running 6 tests
......
test result: ok. 6 passed; 0 failed; 0 ignored; 0 measured; 0 filtered out; finished in 0.00s


running 15 tests
...............
test result: ok. 15 passed; 0 failed; 0 ignored; 0 measured; 0 filtered out; finished in 0.02s


running 9 tests
.........
test result: ok. 9 passed; 0 failed; 0 ignored; 0 measured; 0 filtered out; finished in 0.43s


running 0 tests

test result: ok. 0 passed; 0 failed; 0 ignored; 0 measured; 0 filtered out; finished in 0.00s


running 5 tests
.....
test result: ok. 5 passed; 0 failed; 0 ignored; 0 measured; 0 filtered out; finished in 0.00s


running 0 tests

test result: ok. 0 passed; 0 failed; 0 ignored; 0 measured; 0 filtered out; finished in 0.00s


running 16 tests
................
test result: ok. 16 passed; 0 failed; 0 ignored; 0 measured; 0 filtered out; finished in 0.18s


running 2 tests
..
test result: ok. 2 passed; 0 failed; 0 ignored; 0 measured; 0 filtered out; finished in 0.00s


running 0 tests

test result: ok. 0 passed; 0 failed; 0 ignored; 0 measured; 0 filtered out; finished in 0.00s

ci-local pr-ci: tests/sql-unit
warning: field `name` is never read
    --> crates/sql/src/parser.rs:4705:18
     |
4705 |     InlineExpr { name: String, body: String },
     |     ----------   ^^^^
     |     |
     |     field in this variant
     |
     = note: `#[warn(dead_code)]` (part of `#[warn(unused)]`) on by default

warning: field `single_col_name` is never read
    --> crates/sql/src/parser.rs:4708:22
     |
4708 |     ScalarSubquery { single_col_name: String },
     |     --------------   ^^^^^^^^^^^^^^^
     |     |
     |     field in this variant


running 206 tests
....................................................................................... 87/206
....................................................................................... 174/206
................................
test result: ok. 206 passed; 0 failed; 0 ignored; 0 measured; 0 filtered out; finished in 0.74s

ci-local pr-ci: tests/sql-contracts
warning: field `name` is never read
    --> crates/sql/src/parser.rs:4705:18
     |
4705 |     InlineExpr { name: String, body: String },
     |     ----------   ^^^^
     |     |
     |     field in this variant
     |
     = note: `#[warn(dead_code)]` (part of `#[warn(unused)]`) on by default

warning: field `single_col_name` is never read
    --> crates/sql/src/parser.rs:4708:22
     |
4708 |     ScalarSubquery { single_col_name: String },
     |     --------------   ^^^^^^^^^^^^^^^
     |     |
     |     field in this variant


running 1 test
.
test result: ok. 1 passed; 0 failed; 0 ignored; 0 measured; 0 filtered out; finished in 5.68s

warning: field `name` is never read
    --> crates/sql/src/parser.rs:4705:18
     |
4705 |     InlineExpr { name: String, body: String },
     |     ----------   ^^^^
     |     |
     |     field in this variant
     |
     = note: `#[warn(dead_code)]` (part of `#[warn(unused)]`) on by default

warning: field `single_col_name` is never read
    --> crates/sql/src/parser.rs:4708:22
     |
4708 |     ScalarSubquery { single_col_name: String },
     |     --------------   ^^^^^^^^^^^^^^^
     |     |
     |     field in this variant


running 3 tests
...
test result: ok. 3 passed; 0 failed; 0 ignored; 0 measured; 0 filtered out; finished in 2.02s

warning: field `name` is never read
    --> crates/sql/src/parser.rs:4705:18
     |
4705 |     InlineExpr { name: String, body: String },
     |     ----------   ^^^^
     |     |
     |     field in this variant
     |
     = note: `#[warn(dead_code)]` (part of `#[warn(unused)]`) on by default

warning: field `single_col_name` is never read
    --> crates/sql/src/parser.rs:4708:22
     |
4708 |     ScalarSubquery { single_col_name: String },
     |     --------------   ^^^^^^^^^^^^^^^
     |     |
     |     field in this variant


running 1 test
.
test result: ok. 1 passed; 0 failed; 0 ignored; 0 measured; 0 filtered out; finished in 0.71s

ci-local pr-ci: tests/bench
warning: field `name` is never read
    --> crates/sql/src/parser.rs:4705:18
     |
4705 |     InlineExpr { name: String, body: String },
     |     ----------   ^^^^
     |     |
     |     field in this variant
     |
     = note: `#[warn(dead_code)]` (part of `#[warn(unused)]`) on by default

warning: field `single_col_name` is never read
    --> crates/sql/src/parser.rs:4708:22
     |
4708 |     ScalarSubquery { single_col_name: String },
     |     --------------   ^^^^^^^^^^^^^^^
     |     |
     |     field in this variant


running 55 tests
.......................................................
test result: ok. 55 passed; 0 failed; 0 ignored; 0 measured; 0 filtered out; finished in 10.35s


running 10 tests
..........
test result: ok. 10 passed; 0 failed; 0 ignored; 0 measured; 0 filtered out; finished in 0.01s


running 3 tests
...
test result: ok. 3 passed; 0 failed; 0 ignored; 0 measured; 0 filtered out; finished in 0.00s


running 0 tests

test result: ok. 0 passed; 0 failed; 0 ignored; 0 measured; 0 filtered out; finished in 0.00s


running 0 tests

test result: ok. 0 passed; 0 failed; 0 ignored; 0 measured; 0 filtered out; finished in 0.00s


running 0 tests

test result: ok. 0 passed; 0 failed; 0 ignored; 0 measured; 0 filtered out; finished in 0.00s


running 0 tests

test result: ok. 0 passed; 0 failed; 0 ignored; 0 measured; 0 filtered out; finished in 0.00s


running 2 tests
..
test result: ok. 2 passed; 0 failed; 0 ignored; 0 measured; 0 filtered out; finished in 0.00s


running 3 tests
...
test result: ok. 3 passed; 0 failed; 0 ignored; 0 measured; 0 filtered out; finished in 0.04s


running 3 tests
...
test result: ok. 3 passed; 0 failed; 0 ignored; 0 measured; 0 filtered out; finished in 0.03s


running 8 tests
........
test result: ok. 8 passed; 0 failed; 0 ignored; 0 measured; 0 filtered out; finished in 0.24s


running 1 test
.
test result: ok. 1 passed; 0 failed; 0 ignored; 0 measured; 0 filtered out; finished in 0.64s


running 11 tests
...........
test result: ok. 11 passed; 0 failed; 0 ignored; 0 measured; 0 filtered out; finished in 0.03s


running 10 tests
..........
test result: ok. 10 passed; 0 failed; 0 ignored; 0 measured; 0 filtered out; finished in 33.66s


running 2 tests
..
test result: ok. 2 passed; 0 failed; 0 ignored; 0 measured; 0 filtered out; finished in 0.38s


running 5 tests
.....
test result: ok. 5 passed; 0 failed; 0 ignored; 0 measured; 0 filtered out; finished in 4.66s


running 3 tests
...
test result: ok. 3 passed; 0 failed; 0 ignored; 0 measured; 0 filtered out; finished in 1.83s


running 5 tests
.....
test result: ok. 5 passed; 0 failed; 0 ignored; 0 measured; 0 filtered out; finished in 5.92s


running 0 tests

test result: ok. 0 passed; 0 failed; 0 ignored; 0 measured; 0 filtered out; finished in 0.00s

ci-local pr-ci: parity/redline-testing-official
Configuring SQLite version 3.53.1
Host System...x86_64-pc-linux-gnu
Build System...x86_64-pc-linux-gnu
Source dir = /tmp/redline-family-ci-192313-1784173362536058738/redline-core/target/sqlite-reference/source/sqlite-autoconf-3530100
Build dir  = /tmp/redline-family-ci-192313-1784173362536058738/redline-core/target/sqlite-reference/build/3530100
C compiler... cc -O2 -DSQLITE_ENABLE_BYTECODE_VTAB -DSQLITE_ENABLE_COLUMN_METADATA -DSQLITE_ENABLE_DBPAGE_VTAB -DSQLITE_ENABLE_DBSTAT_VTAB -DSQLITE_ENABLE_DESERIALIZE -DSQLITE_ENABLE_EXPLAIN_COMMENTS -DSQLITE_ENABLE_FTS5 -DSQLITE_ENABLE_MATH_FUNCTIONS -DSQLITE_ENABLE_OFFSET_SQL_FUNC -DSQLITE_ENABLE_PERCENTILE -DSQLITE_ENABLE_PREUPDATE_HOOK -DSQLITE_ENABLE_RTREE -DSQLITE_ENABLE_VFSTRACE -DSQLITE_ENABLE_SESSION -DSQLITE_ENABLE_STMT_SCANSTATUS -DSQLITE_ENABLE_UPDATE_DELETE_LIMIT -DSQLITE_ENABLE_UNKNOWN_SQL_FUNCTION -DSQLITE_HAVE_ZLIB=1 
C++ compiler... c++ -O2 -DSQLITE_ENABLE_BYTECODE_VTAB -DSQLITE_ENABLE_COLUMN_METADATA -DSQLITE_ENABLE_DBPAGE_VTAB -DSQLITE_ENABLE_DBSTAT_VTAB -DSQLITE_ENABLE_DESERIALIZE -DSQLITE_ENABLE_EXPLAIN_COMMENTS -DSQLITE_ENABLE_FTS5 -DSQLITE_ENABLE_MATH_FUNCTIONS -DSQLITE_ENABLE_OFFSET_SQL_FUNC -DSQLITE_ENABLE_PERCENTILE -DSQLITE_ENABLE_PREUPDATE_HOOK -DSQLITE_ENABLE_RTREE -DSQLITE_ENABLE_VFSTRACE -DSQLITE_ENABLE_SESSION -DSQLITE_ENABLE_STMT_SCANSTATUS -DSQLITE_ENABLE_UPDATE_DELETE_LIMIT -DSQLITE_ENABLE_UNKNOWN_SQL_FUNCTION -DSQLITE_HAVE_ZLIB=1 
Build C compiler...cc
Checking for stdlib.h...ok
Checking for sys/types.h...ok
Checking if -D_FILE_OFFSET_BITS=64 is needed...no
SQLITE_DEBUG build? no
Looking for install ... /usr/bin/install
Checking for int8_t...ok
Checking for int16_t...ok
Checking for int32_t...ok
Checking for int64_t...ok
Checking for intptr_t...ok
Checking for uint8_t...ok
Checking for uint16_t...ok
Checking for uint32_t...ok
Checking for uint64_t...ok
Checking for uintptr_t...ok
Checking for gmtime_r...ok
Checking for isnan...ok
Checking for localtime_r...ok
Checking for localtime_s...not found
Checking for usleep...ok
Checking for utime...ok
Checking for pread...ok
Checking for pread64...ok
Checking for pwrite...ok
Checking for pwrite64...ok
Checking libs for fdatasync...none needed
Checking libs for nanosleep...none needed
Checking for sys/types.h...(cached) ok
Checking for sys/stat.h...ok
Checking for dlfcn.h...ok
Checking for unistd.h...ok
Checking for stdlib.h...ok
Checking for malloc.h...ok
Checking for memory.h...ok
Checking for string.h...ok
Checking for strings.h...ok
Checking for inttypes.h...ok
Checking for zlib.h...ok
Checking libs for deflate...-lz
Link library statically into the CLI shell? yes
Statically link CLI shell? no
Checking whether the C compiler accepts -rpath /tmp/redline-family-ci-192313-1784173362536058738/redline-core/target/sqlite-reference/3.53.1/lib...no
Checking whether the C compiler accepts -Wl,-rpath,/tmp/redline-family-ci-192313-1784173362536058738/redline-core/target/sqlite-reference/3.53.1/lib...yes
Support threadsafe operation? Checking for libs...
Checking libs for pthread_create...none needed
Checking libs for pthread_mutexattr_init...none needed
Checking libs for dlopen...none needed
Loadable extension support enabled. 
Checking libs for ceil...-lm
Enabling math SQL functions
ICU support is disabled.
Checking for line-editing capability...
Line-editing support for the sqlite3 shell: none
Build shared library? no
Build static library? yes
Feature flags...
  - fts3
  - fts4
  - fts5
  - geopoly
  - rtree
  - session
  - update-limit
  - memsys5
  - memsys3
  - scanstatus
  - dbpage
  - dbstat
  - carray
  + json
Library feature flags: -DSQLITE_ENABLE_BYTECODE_VTAB -DSQLITE_ENABLE_COLUMN_METADATA -DSQLITE_ENABLE_DBPAGE_VTAB -DSQLITE_ENABLE_DBSTAT_VTAB -DSQLITE_ENABLE_DESERIALIZE -DSQLITE_ENABLE_EXPLAIN_COMMENTS -DSQLITE_ENABLE_FTS5 -DSQLITE_ENABLE_MATH_FUNCTIONS -DSQLITE_ENABLE_OFFSET_SQL_FUNC -DSQLITE_ENABLE_PERCENTILE -DSQLITE_ENABLE_PREUPDATE_HOOK -DSQLITE_ENABLE_RTREE -DSQLITE_ENABLE_SESSION -DSQLITE_ENABLE_STMT_SCANSTATUS -DSQLITE_ENABLE_UNKNOWN_SQL_FUNCTION -DSQLITE_ENABLE_UPDATE_DELETE_LIMIT -DSQLITE_ENABLE_VFSTRACE -DSQLITE_HAVE_ZLIB=1 -DSQLITE_THREADSAFE=1
Shell options: -DSQLITE_DQS=0 -DSQLITE_ENABLE_BYTECODE_VTAB -DSQLITE_ENABLE_DBPAGE_VTAB -DSQLITE_ENABLE_DBSTAT_VTAB -DSQLITE_ENABLE_EXPLAIN_COMMENTS -DSQLITE_ENABLE_FTS4 -DSQLITE_ENABLE_OFFSET_SQL_FUNC -DSQLITE_ENABLE_PERCENTILE -DSQLITE_ENABLE_RTREE -DSQLITE_ENABLE_STMTVTAB -DSQLITE_ENABLE_UNKNOWN_SQL_FUNCTION -DSQLITE_HAVE_ZLIB=1 -DSQLITE_STRICT_SUBTYPE=1
Created Makefile from ../../source/sqlite-autoconf-3530100/Makefile.in
Created sqlite3.pc from ../../source/sqlite-autoconf-3530100/sqlite3.pc.in
Created sqlite_cfg.h
cc -o sqlite3 \
	/tmp/redline-family-ci-192313-1784173362536058738/redline-core/target/sqlite-reference/source/sqlite-autoconf-3530100/shell.c /tmp/redline-family-ci-192313-1784173362536058738/redline-core/target/sqlite-reference/source/sqlite-autoconf-3530100/sqlite3.c  -Wl,-rpath,/tmp/redline-family-ci-192313-1784173362536058738/redline-core/target/sqlite-reference/3.53.1/lib  -lm  -lz   -lz -lm -ldl -lpthread \
	 \
	-I. -DSQLITE_ENABLE_BYTECODE_VTAB -DSQLITE_ENABLE_COLUMN_METADATA -DSQLITE_ENABLE_DBPAGE_VTAB -DSQLITE_ENABLE_DBSTAT_VTAB -DSQLITE_ENABLE_DESERIALIZE -DSQLITE_ENABLE_EXPLAIN_COMMENTS -DSQLITE_ENABLE_FTS5 -DSQLITE_ENABLE_MATH_FUNCTIONS -DSQLITE_ENABLE_OFFSET_SQL_FUNC -DSQLITE_ENABLE_PERCENTILE -DSQLITE_ENABLE_PREUPDATE_HOOK -DSQLITE_ENABLE_RTREE -DSQLITE_ENABLE_SESSION -DSQLITE_ENABLE_STMT_SCANSTATUS -DSQLITE_ENABLE_UNKNOWN_SQL_FUNCTION -DSQLITE_ENABLE_UPDATE_DELETE_LIMIT -DSQLITE_ENABLE_VFSTRACE -DSQLITE_HAVE_ZLIB=1 -DSQLITE_THREADSAFE=1 -DSQLITE_DQS=0 -DSQLITE_ENABLE_BYTECODE_VTAB -DSQLITE_ENABLE_DBPAGE_VTAB -DSQLITE_ENABLE_DBSTAT_VTAB -DSQLITE_ENABLE_EXPLAIN_COMMENTS -DSQLITE_ENABLE_FTS4 -DSQLITE_ENABLE_OFFSET_SQL_FUNC -DSQLITE_ENABLE_PERCENTILE -DSQLITE_ENABLE_RTREE -DSQLITE_ENABLE_STMTVTAB -DSQLITE_ENABLE_UNKNOWN_SQL_FUNCTION -DSQLITE_HAVE_ZLIB=1 -DSQLITE_STRICT_SUBTYPE=1 \
	-O2 -DSQLITE_HAVE_ZLIB=1    \
	
warning: field `name` is never read
    --> crates/sql/src/parser.rs:4705:18
     |
4705 |     InlineExpr { name: String, body: String },
     |     ----------   ^^^^
     |     |
     |     field in this variant
     |
     = note: `#[warn(dead_code)]` (part of `#[warn(unused)]`) on by default
warning: field `single_col_name` is never read
    --> crates/sql/src/parser.rs:4708:22
     |
4708 |     ScalarSubquery { single_col_name: String },
     |     --------------   ^^^^^^^^^^^^^^^
     |     |
     |     field in this variant
═══════════════════════════════════════
cargo build: 0 errors, 2 warnings (108 crates)
redline-testing attestation skipped for local/non-GitHub URL: file:///tmp/redline-family-ci-192313-1784173362536058738/redline-testing-artifact/redline-testing-1.0.1-linux-x86_64.tar.gz
redline-testing release asset verified: file:///tmp/redline-family-ci-192313-1784173362536058738/redline-testing-artifact/redline-testing-1.0.1-linux-x86_64.tar.gz
redline-testing release sha256: 1c737fdc73c7640a584eb152401a8aeaf0c7e65c4012edac45093d33268b920f
redline-testing binary sha256: c4df7a778b89ae754992c1306764283a86113f0491b4e6681e20dab34d194f65
redline-testing installed: /tmp/redline-family-ci-192313-1784173362536058738/redline-core/target/ci/redline-testing/1.0.1-redline-testing-1.0.1-linux-x86_64/bin/redline-testing (redline-testing 1.0.1)
warning: field `name` is never read
    --> crates/sql/src/parser.rs:4705:18
     |
4705 |     InlineExpr { name: String, body: String },
     |     ----------   ^^^^
     |     |
     |     field in this variant
     |
     = note: `#[warn(dead_code)]` (part of `#[warn(unused)]`) on by default

warning: field `single_col_name` is never read
    --> crates/sql/src/parser.rs:4708:22
     |
4708 |     ScalarSubquery { single_col_name: String },
     |     --------------   ^^^^^^^^^^^^^^^
     |     |
     |     field in this variant

redline-testing evidence processed: target/redline-testing/official-evidence.processed.json
ci-local pr-ci: official-evidence-guard
    Fetching advisory database from `https://github.com/RustSec/advisory-db.git`
      Loaded 1160 security advisories (from /home/ubuntu/.cargo/advisory-db)
    Updating crates.io index
    Scanning Cargo.lock for vulnerabilities (344 crate dependencies)
warning[duplicate]: found 2 duplicate entries for crate 'base64'
   ┌─ /tmp/redline-family-ci-192313-1784173362536058738/redline-core/Cargo.lock:18:1
   │  
18 │ ╭ base64 0.21.7 registry+https://github.com/rust-lang/crates.io-index
19 │ │ base64 0.22.1 registry+https://github.com/rust-lang/crates.io-index
   │ ╰───────────────────────────────────────────────────────────────────┘ lock entries
   │  
   ├ base64 v0.21.7
     └── hdrhistogram v7.5.4
         └── redlinedb-bench v4.1.0
   ├ base64 v0.22.1
     ├── postgres-protocol v0.6.12
     │   ├── postgres-types v0.2.14
     │   │   └── tokio-postgres v0.7.18
     │   │       └── postgres v0.19.13
     │   │           └── (dev) redlinedb-sql v4.1.0
     │   │               ├── redlinedb v4.1.0
     │   │               │   ├── redlinedb-bench v4.1.0
     │   │               │   ├── redlinedb-cli v4.1.0
     │   │               │   ├── redlinedb-server v4.1.0
     │   │               │   ├── redlinedb-sqlx v4.1.0
     │   │               │   └── redlinedb-tokio v4.1.0
     │   │               └── redlinedb-ffi v4.1.0
     │   └── tokio-postgres v0.7.18 (*)
     └── sqlx-core v0.8.6
         └── redlinedb-sqlx v4.1.0 (*)

warning[duplicate]: found 2 duplicate entries for crate 'getrandom'
   ┌─ /tmp/redline-family-ci-192313-1784173362536058738/redline-core/Cargo.lock:93:1
   │  
93 │ ╭ getrandom 0.2.17 registry+https://github.com/rust-lang/crates.io-index
94 │ │ getrandom 0.3.4 registry+https://github.com/rust-lang/crates.io-index
   │ ╰─────────────────────────────────────────────────────────────────────┘ lock entries
   │  
   ├ getrandom v0.2.17
     └── rand_core v0.6.4
         ├── rand v0.8.6
         │   └── fail v0.5.1
         │       ├── (dev) redlinedb-bench v4.1.0
         │       ├── redlinedb-kernel v4.1.0
         │       │   ├── redlinedb v4.1.0
         │       │   │   ├── redlinedb-bench v4.1.0 (*)
         │       │   │   ├── redlinedb-cli v4.1.0
         │       │   │   ├── redlinedb-server v4.1.0
         │       │   │   ├── redlinedb-sqlx v4.1.0
         │       │   │   └── redlinedb-tokio v4.1.0
         │       │   ├── redlinedb-bench v4.1.0 (*)
         │       │   ├── redlinedb-ffi v4.1.0
         │       │   └── redlinedb-sql v4.1.0
         │       │       ├── redlinedb v4.1.0 (*)
         │       │       └── redlinedb-ffi v4.1.0 (*)
         │       └── (dev) redlinedb-sql v4.1.0 (*)
         └── rand_chacha v0.3.1
             └── rand v0.8.6 (*)
   ├ getrandom v0.3.4
     ├── ahash v0.8.12
     │   ├── redlinedb-kernel v4.1.0
     │   │   ├── redlinedb v4.1.0
     │   │   │   ├── redlinedb-bench v4.1.0
     │   │   │   ├── redlinedb-cli v4.1.0
     │   │   │   ├── redlinedb-server v4.1.0
     │   │   │   ├── redlinedb-sqlx v4.1.0
     │   │   │   └── redlinedb-tokio v4.1.0
     │   │   ├── redlinedb-bench v4.1.0 (*)
     │   │   ├── redlinedb-ffi v4.1.0
     │   │   └── redlinedb-sql v4.1.0
     │   │       ├── redlinedb v4.1.0 (*)
     │   │       └── redlinedb-ffi v4.1.0 (*)
     │   └── redlinedb-sql v4.1.0 (*)
     ├── rand_core v0.9.5
     │   ├── rand v0.9.4
     │   │   ├── proptest v1.11.0
     │   │   │   ├── (dev) redlinedb-kernel v4.1.0 (*)
     │   │   │   └── (dev) redlinedb-sql v4.1.0 (*)
     │   │   └── redlinedb-bench v4.1.0 (*)
     │   ├── rand_chacha v0.9.0
     │   │   ├── proptest v1.11.0 (*)
     │   │   ├── rand v0.9.4 (*)
     │   │   └── redlinedb-bench v4.1.0 (*)
     │   └── rand_xorshift v0.4.0
     │       └── proptest v1.11.0 (*)
     └── tempfile v3.27.0
         ├── proptest v1.11.0 (*)
         ├── (dev) redlinedb v4.1.0 (*)
         ├── redlinedb-bench v4.1.0 (*)
         ├── (dev) redlinedb-cli v4.1.0 (*)
         ├── (dev) redlinedb-ffi v4.1.0 (*)
         ├── (dev) redlinedb-kernel v4.1.0 (*)
         ├── (dev) redlinedb-server v4.1.0 (*)
         ├── (dev) redlinedb-sql v4.1.0 (*)
         ├── (dev) redlinedb-sqlx v4.1.0 (*)
         ├── (dev) redlinedb-tokio v4.1.0 (*)
         └── rusty-fork v0.3.1
             └── proptest v1.11.0 (*)

warning[duplicate]: found 2 duplicate entries for crate 'hashbrown'
   ┌─ /tmp/redline-family-ci-192313-1784173362536058738/redline-core/Cargo.lock:96:1
   │  
96 │ ╭ hashbrown 0.15.5 registry+https://github.com/rust-lang/crates.io-index
97 │ │ hashbrown 0.17.1 registry+https://github.com/rust-lang/crates.io-index
   │ ╰──────────────────────────────────────────────────────────────────────┘ lock entries
   │  
   ├ hashbrown v0.15.5
     ├── hashlink v0.10.0
     │   ├── rusqlite v0.37.0
     │   │   ├── redlinedb-bench v4.1.0
     │   │   └── (dev) redlinedb-sql v4.1.0
     │   │       ├── redlinedb v4.1.0
     │   │       │   ├── redlinedb-bench v4.1.0 (*)
     │   │       │   ├── redlinedb-cli v4.1.0
     │   │       │   ├── redlinedb-server v4.1.0
     │   │       │   ├── redlinedb-sqlx v4.1.0
     │   │       │   └── redlinedb-tokio v4.1.0
     │   │       └── redlinedb-ffi v4.1.0
     │   └── sqlx-core v0.8.6
     │       └── redlinedb-sqlx v4.1.0 (*)
     └── sqlx-core v0.8.6 (*)
   ├ hashbrown v0.17.1
     └── indexmap v2.14.0
         ├── serde_json v1.0.150
         │   ├── redlinedb v4.1.0
         │   │   ├── redlinedb-bench v4.1.0
         │   │   ├── redlinedb-cli v4.1.0
         │   │   ├── redlinedb-server v4.1.0
         │   │   ├── redlinedb-sqlx v4.1.0
         │   │   └── redlinedb-tokio v4.1.0
         │   ├── redlinedb-bench v4.1.0 (*)
         │   ├── redlinedb-cli v4.1.0 (*)
         │   ├── redlinedb-kernel v4.1.0
         │   │   ├── redlinedb v4.1.0 (*)
         │   │   ├── redlinedb-bench v4.1.0 (*)
         │   │   ├── redlinedb-ffi v4.1.0
         │   │   └── redlinedb-sql v4.1.0
         │   │       ├── redlinedb v4.1.0 (*)
         │   │       └── redlinedb-ffi v4.1.0 (*)
         │   ├── redlinedb-server v4.1.0 (*)
         │   └── redlinedb-sql v4.1.0 (*)
         ├── sqlx-core v0.8.6
         │   └── redlinedb-sqlx v4.1.0 (*)
         └── toml_edit v0.22.27
             └── toml v0.8.23
                 └── redlinedb-bench v4.1.0 (*)

warning[duplicate]: found 2 duplicate entries for crate 'mio'
    ┌─ /tmp/redline-family-ci-192313-1784173362536058738/redline-core/Cargo.lock:137:1
    │  
137 │ ╭ mio 0.8.11 registry+https://github.com/rust-lang/crates.io-index
138 │ │ mio 1.2.0 registry+https://github.com/rust-lang/crates.io-index
    │ ╰───────────────────────────────────────────────────────────────┘ lock entries
    │  
    ├ mio v0.8.11
      ├── crossterm v0.27.0
      │   └── redlinedb-cli v4.1.0
      └── signal-hook-mio v0.2.5
          └── crossterm v0.27.0 (*)
    ├ mio v1.2.0
      └── tokio v1.52.3
          ├── postgres v0.19.13
          │   └── (dev) redlinedb-sql v4.1.0
          │       ├── redlinedb v4.1.0
          │       │   ├── redlinedb-bench v4.1.0
          │       │   ├── redlinedb-cli v4.1.0
          │       │   ├── redlinedb-server v4.1.0
          │       │   ├── redlinedb-sqlx v4.1.0
          │       │   └── redlinedb-tokio v4.1.0
          │       └── redlinedb-ffi v4.1.0
          ├── redlinedb v4.1.0 (*)
          ├── redlinedb-sqlx v4.1.0 (*)
          ├── redlinedb-tokio v4.1.0 (*)
          ├── sqlx-core v0.8.6
          │   └── redlinedb-sqlx v4.1.0 (*)
          ├── tokio-postgres v0.7.18
          │   └── postgres v0.19.13 (*)
          ├── tokio-stream v0.1.18
          │   └── sqlx-core v0.8.6 (*)
          └── tokio-util v0.7.18
              └── tokio-postgres v0.7.18 (*)

warning[duplicate]: found 2 duplicate entries for crate 'rand'
    ┌─ /tmp/redline-family-ci-192313-1784173362536058738/redline-core/Cargo.lock:173:1
    │  
173 │ ╭ rand 0.8.6 registry+https://github.com/rust-lang/crates.io-index
174 │ │ rand 0.9.4 registry+https://github.com/rust-lang/crates.io-index
    │ ╰────────────────────────────────────────────────────────────────┘ lock entries
    │  
    ├ rand v0.8.6
      └── fail v0.5.1
          ├── (dev) redlinedb-bench v4.1.0
          ├── redlinedb-kernel v4.1.0
          │   ├── redlinedb v4.1.0
          │   │   ├── redlinedb-bench v4.1.0 (*)
          │   │   ├── redlinedb-cli v4.1.0
          │   │   ├── redlinedb-server v4.1.0
          │   │   ├── redlinedb-sqlx v4.1.0
          │   │   └── redlinedb-tokio v4.1.0
          │   ├── redlinedb-bench v4.1.0 (*)
          │   ├── redlinedb-ffi v4.1.0
          │   └── redlinedb-sql v4.1.0
          │       ├── redlinedb v4.1.0 (*)
          │       └── redlinedb-ffi v4.1.0 (*)
          └── (dev) redlinedb-sql v4.1.0 (*)
    ├ rand v0.9.4
      ├── proptest v1.11.0
      │   ├── (dev) redlinedb-kernel v4.1.0
      │   │   ├── redlinedb v4.1.0
      │   │   │   ├── redlinedb-bench v4.1.0
      │   │   │   ├── redlinedb-cli v4.1.0
      │   │   │   ├── redlinedb-server v4.1.0
      │   │   │   ├── redlinedb-sqlx v4.1.0
      │   │   │   └── redlinedb-tokio v4.1.0
      │   │   ├── redlinedb-bench v4.1.0 (*)
      │   │   ├── redlinedb-ffi v4.1.0
      │   │   └── redlinedb-sql v4.1.0
      │   │       ├── redlinedb v4.1.0 (*)
      │   │       └── redlinedb-ffi v4.1.0 (*)
      │   └── (dev) redlinedb-sql v4.1.0 (*)
      └── redlinedb-bench v4.1.0 (*)

warning[duplicate]: found 2 duplicate entries for crate 'rand_chacha'
    ┌─ /tmp/redline-family-ci-192313-1784173362536058738/redline-core/Cargo.lock:176:1
    │  
176 │ ╭ rand_chacha 0.3.1 registry+https://github.com/rust-lang/crates.io-index
177 │ │ rand_chacha 0.9.0 registry+https://github.com/rust-lang/crates.io-index
    │ ╰───────────────────────────────────────────────────────────────────────┘ lock entries
    │  
    ├ rand_chacha v0.3.1
      └── rand v0.8.6
          └── fail v0.5.1
              ├── (dev) redlinedb-bench v4.1.0
              ├── redlinedb-kernel v4.1.0
              │   ├── redlinedb v4.1.0
              │   │   ├── redlinedb-bench v4.1.0 (*)
              │   │   ├── redlinedb-cli v4.1.0
              │   │   ├── redlinedb-server v4.1.0
              │   │   ├── redlinedb-sqlx v4.1.0
              │   │   └── redlinedb-tokio v4.1.0
              │   ├── redlinedb-bench v4.1.0 (*)
              │   ├── redlinedb-ffi v4.1.0
              │   └── redlinedb-sql v4.1.0
              │       ├── redlinedb v4.1.0 (*)
              │       └── redlinedb-ffi v4.1.0 (*)
              └── (dev) redlinedb-sql v4.1.0 (*)
    ├ rand_chacha v0.9.0
      ├── proptest v1.11.0
      │   ├── (dev) redlinedb-kernel v4.1.0
      │   │   ├── redlinedb v4.1.0
      │   │   │   ├── redlinedb-bench v4.1.0
      │   │   │   ├── redlinedb-cli v4.1.0
      │   │   │   ├── redlinedb-server v4.1.0
      │   │   │   ├── redlinedb-sqlx v4.1.0
      │   │   │   └── redlinedb-tokio v4.1.0
      │   │   ├── redlinedb-bench v4.1.0 (*)
      │   │   ├── redlinedb-ffi v4.1.0
      │   │   └── redlinedb-sql v4.1.0
      │   │       ├── redlinedb v4.1.0 (*)
      │   │       └── redlinedb-ffi v4.1.0 (*)
      │   └── (dev) redlinedb-sql v4.1.0 (*)
      ├── rand v0.9.4
      │   ├── proptest v1.11.0 (*)
      │   └── redlinedb-bench v4.1.0 (*)
      └── redlinedb-bench v4.1.0 (*)

warning[duplicate]: found 2 duplicate entries for crate 'rand_core'
    ┌─ /tmp/redline-family-ci-192313-1784173362536058738/redline-core/Cargo.lock:178:1
    │  
178 │ ╭ rand_core 0.6.4 registry+https://github.com/rust-lang/crates.io-index
179 │ │ rand_core 0.9.5 registry+https://github.com/rust-lang/crates.io-index
    │ ╰─────────────────────────────────────────────────────────────────────┘ lock entries
    │  
    ├ rand_core v0.6.4
      ├── rand v0.8.6
      │   └── fail v0.5.1
      │       ├── (dev) redlinedb-bench v4.1.0
      │       ├── redlinedb-kernel v4.1.0
      │       │   ├── redlinedb v4.1.0
      │       │   │   ├── redlinedb-bench v4.1.0 (*)
      │       │   │   ├── redlinedb-cli v4.1.0
      │       │   │   ├── redlinedb-server v4.1.0
      │       │   │   ├── redlinedb-sqlx v4.1.0
      │       │   │   └── redlinedb-tokio v4.1.0
      │       │   ├── redlinedb-bench v4.1.0 (*)
      │       │   ├── redlinedb-ffi v4.1.0
      │       │   └── redlinedb-sql v4.1.0
      │       │       ├── redlinedb v4.1.0 (*)
      │       │       └── redlinedb-ffi v4.1.0 (*)
      │       └── (dev) redlinedb-sql v4.1.0 (*)
      └── rand_chacha v0.3.1
          └── rand v0.8.6 (*)
    ├ rand_core v0.9.5
      ├── rand v0.9.4
      │   ├── proptest v1.11.0
      │   │   ├── (dev) redlinedb-kernel v4.1.0
      │   │   │   ├── redlinedb v4.1.0
      │   │   │   │   ├── redlinedb-bench v4.1.0
      │   │   │   │   ├── redlinedb-cli v4.1.0
      │   │   │   │   ├── redlinedb-server v4.1.0
      │   │   │   │   ├── redlinedb-sqlx v4.1.0
      │   │   │   │   └── redlinedb-tokio v4.1.0
      │   │   │   ├── redlinedb-bench v4.1.0 (*)
      │   │   │   ├── redlinedb-ffi v4.1.0
      │   │   │   └── redlinedb-sql v4.1.0
      │   │   │       ├── redlinedb v4.1.0 (*)
      │   │   │       └── redlinedb-ffi v4.1.0 (*)
      │   │   └── (dev) redlinedb-sql v4.1.0 (*)
      │   └── redlinedb-bench v4.1.0 (*)
      ├── rand_chacha v0.9.0
      │   ├── proptest v1.11.0 (*)
      │   ├── rand v0.9.4 (*)
      │   └── redlinedb-bench v4.1.0 (*)
      └── rand_xorshift v0.4.0
          └── proptest v1.11.0 (*)

warning[duplicate]: found 4 duplicate entries for crate 'windows-sys'
    ┌─ /tmp/redline-family-ci-192313-1784173362536058738/redline-core/Cargo.lock:299:1
    │  
299 │ ╭ windows-sys 0.48.0 registry+https://github.com/rust-lang/crates.io-index
300 │ │ windows-sys 0.52.0 registry+https://github.com/rust-lang/crates.io-index
301 │ │ windows-sys 0.59.0 registry+https://github.com/rust-lang/crates.io-index
302 │ │ windows-sys 0.61.2 registry+https://github.com/rust-lang/crates.io-index
    │ ╰────────────────────────────────────────────────────────────────────────┘ lock entries
    │  
    ├ windows-sys v0.48.0
      ├── mio v0.8.11
      │   ├── crossterm v0.27.0
      │   │   └── redlinedb-cli v4.1.0
      │   └── signal-hook-mio v0.2.5
      │       └── crossterm v0.27.0 (*)
      └── winapi-util v0.1.11
          ├── same-file v1.0.6
          │   └── walkdir v2.5.0
          │       └── redlinedb-bench v4.1.0
          └── walkdir v2.5.0 (*)
    ├ windows-sys v0.52.0
      ├── errno v0.3.14
      │   ├── hwlocality v1.0.0-alpha.12
      │   │   └── redlinedb-kernel v4.1.0
      │   │       ├── redlinedb v4.1.0
      │   │       │   ├── redlinedb-bench v4.1.0
      │   │       │   ├── redlinedb-cli v4.1.0
      │   │       │   ├── redlinedb-server v4.1.0
      │   │       │   ├── redlinedb-sqlx v4.1.0
      │   │       │   └── redlinedb-tokio v4.1.0
      │   │       ├── redlinedb-bench v4.1.0 (*)
      │   │       ├── redlinedb-ffi v4.1.0
      │   │       └── redlinedb-sql v4.1.0
      │   │           ├── redlinedb v4.1.0 (*)
      │   │           └── redlinedb-ffi v4.1.0 (*)
      │   ├── rustix v1.1.4
      │   │   ├── fd-lock v4.0.4
      │   │   │   └── rustyline v14.0.0
      │   │   │       └── redlinedb-cli v4.1.0 (*)
      │   │   └── tempfile v3.27.0
      │   │       ├── proptest v1.11.0
      │   │       │   ├── (dev) redlinedb-kernel v4.1.0 (*)
      │   │       │   └── (dev) redlinedb-sql v4.1.0 (*)
      │   │       ├── (dev) redlinedb v4.1.0 (*)
      │   │       ├── redlinedb-bench v4.1.0 (*)
      │   │       ├── (dev) redlinedb-cli v4.1.0 (*)
      │   │       ├── (dev) redlinedb-ffi v4.1.0 (*)
      │   │       ├── (dev) redlinedb-kernel v4.1.0 (*)
      │   │       ├── (dev) redlinedb-server v4.1.0 (*)
      │   │       ├── (dev) redlinedb-sql v4.1.0 (*)
      │   │       ├── (dev) redlinedb-sqlx v4.1.0 (*)
      │   │       ├── (dev) redlinedb-tokio v4.1.0 (*)
      │   │       └── rusty-fork v0.3.1
      │   │           └── proptest v1.11.0 (*)
      │   └── signal-hook-registry v1.4.8
      │       ├── signal-hook v0.3.18
      │       │   ├── crossterm v0.27.0
      │       │   │   └── redlinedb-cli v4.1.0 (*)
      │       │   └── signal-hook-mio v0.2.5
      │       │       └── crossterm v0.27.0 (*)
      │       └── tokio v1.52.3
      │           ├── postgres v0.19.13
      │           │   └── (dev) redlinedb-sql v4.1.0 (*)
      │           ├── redlinedb v4.1.0 (*)
      │           ├── redlinedb-sqlx v4.1.0 (*)
      │           ├── redlinedb-tokio v4.1.0 (*)
      │           ├── sqlx-core v0.8.6
      │           │   └── redlinedb-sqlx v4.1.0 (*)
      │           ├── tokio-postgres v0.7.18
      │           │   └── postgres v0.19.13 (*)
      │           ├── tokio-stream v0.1.18
      │           │   └── sqlx-core v0.8.6 (*)
      │           └── tokio-util v0.7.18
      │               └── tokio-postgres v0.7.18 (*)
      ├── rustix v1.1.4 (*)
      ├── rustyline v14.0.0 (*)
      └── tempfile v3.27.0 (*)
    ├ windows-sys v0.59.0
      └── fd-lock v4.0.4
          └── rustyline v14.0.0
              └── redlinedb-cli v4.1.0
    ├ windows-sys v0.61.2
      ├── anstyle-query v1.1.5
      │   └── anstream v1.0.0
      │       └── clap_builder v4.6.0
      │           └── clap v4.6.1
      │               ├── redlinedb-bench v4.1.0
      │               └── redlinedb-cli v4.1.0
      ├── anstyle-wincon v3.0.11
      │   └── anstream v1.0.0 (*)
      ├── home v0.5.12
      │   └── rustyline v14.0.0
      │       └── redlinedb-cli v4.1.0 (*)
      ├── hwlocality v1.0.0-alpha.12
      │   └── redlinedb-kernel v4.1.0
      │       ├── redlinedb v4.1.0
      │       │   ├── redlinedb-bench v4.1.0 (*)
      │       │   ├── redlinedb-cli v4.1.0 (*)
      │       │   ├── redlinedb-server v4.1.0
      │       │   ├── redlinedb-sqlx v4.1.0
      │       │   └── redlinedb-tokio v4.1.0
      │       ├── redlinedb-bench v4.1.0 (*)
      │       ├── redlinedb-ffi v4.1.0
      │       └── redlinedb-sql v4.1.0
      │           ├── redlinedb v4.1.0 (*)
      │           └── redlinedb-ffi v4.1.0 (*)
      ├── hwlocality-sys v0.7.0
      │   └── hwlocality v1.0.0-alpha.12 (*)
      ├── mio v1.2.0
      │   └── tokio v1.52.3
      │       ├── postgres v0.19.13
      │       │   └── (dev) redlinedb-sql v4.1.0 (*)
      │       ├── redlinedb v4.1.0 (*)
      │       ├── redlinedb-sqlx v4.1.0 (*)
      │       ├── redlinedb-tokio v4.1.0 (*)
      │       ├── sqlx-core v0.8.6
      │       │   └── redlinedb-sqlx v4.1.0 (*)
      │       ├── tokio-postgres v0.7.18
      │       │   └── postgres v0.19.13 (*)
      │       ├── tokio-stream v0.1.18
      │       │   └── sqlx-core v0.8.6 (*)
      │       └── tokio-util v0.7.18
      │           └── tokio-postgres v0.7.18 (*)
      ├── socket2 v0.6.3
      │   ├── tokio v1.52.3 (*)
      │   └── tokio-postgres v0.7.18 (*)
      ├── stacker v0.1.24
      │   └── recursive v0.1.1
      │       └── sqlparser v0.61.0
      │           └── redlinedb-sql v4.1.0 (*)
      └── tokio v1.52.3 (*)

warning[duplicate]: found 2 duplicate entries for crate 'windows-targets'
    ┌─ /tmp/redline-family-ci-192313-1784173362536058738/redline-core/Cargo.lock:303:1
    │  
303 │ ╭ windows-targets 0.48.5 registry+https://github.com/rust-lang/crates.io-index
304 │ │ windows-targets 0.52.6 registry+https://github.com/rust-lang/crates.io-index
    │ ╰────────────────────────────────────────────────────────────────────────────┘ lock entries
    │  
    ├ windows-targets v0.48.5
      └── windows-sys v0.48.0
          ├── mio v0.8.11
          │   ├── crossterm v0.27.0
          │   │   └── redlinedb-cli v4.1.0
          │   └── signal-hook-mio v0.2.5
          │       └── crossterm v0.27.0 (*)
          └── winapi-util v0.1.11
              ├── same-file v1.0.6
              │   └── walkdir v2.5.0
              │       └── redlinedb-bench v4.1.0
              └── walkdir v2.5.0 (*)
    ├ windows-targets v0.52.6
      ├── windows-sys v0.52.0
      │   ├── errno v0.3.14
      │   │   ├── hwlocality v1.0.0-alpha.12
      │   │   │   └── redlinedb-kernel v4.1.0
      │   │   │       ├── redlinedb v4.1.0
      │   │   │       │   ├── redlinedb-bench v4.1.0
      │   │   │       │   ├── redlinedb-cli v4.1.0
      │   │   │       │   ├── redlinedb-server v4.1.0
      │   │   │       │   ├── redlinedb-sqlx v4.1.0
      │   │   │       │   └── redlinedb-tokio v4.1.0
      │   │   │       ├── redlinedb-bench v4.1.0 (*)
      │   │   │       ├── redlinedb-ffi v4.1.0
      │   │   │       └── redlinedb-sql v4.1.0
      │   │   │           ├── redlinedb v4.1.0 (*)
      │   │   │           └── redlinedb-ffi v4.1.0 (*)
      │   │   ├── rustix v1.1.4
      │   │   │   ├── fd-lock v4.0.4
      │   │   │   │   └── rustyline v14.0.0
      │   │   │   │       └── redlinedb-cli v4.1.0 (*)
      │   │   │   └── tempfile v3.27.0
      │   │   │       ├── proptest v1.11.0
      │   │   │       │   ├── (dev) redlinedb-kernel v4.1.0 (*)
      │   │   │       │   └── (dev) redlinedb-sql v4.1.0 (*)
      │   │   │       ├── (dev) redlinedb v4.1.0 (*)
      │   │   │       ├── redlinedb-bench v4.1.0 (*)
      │   │   │       ├── (dev) redlinedb-cli v4.1.0 (*)
      │   │   │       ├── (dev) redlinedb-ffi v4.1.0 (*)
      │   │   │       ├── (dev) redlinedb-kernel v4.1.0 (*)
      │   │   │       ├── (dev) redlinedb-server v4.1.0 (*)
      │   │   │       ├── (dev) redlinedb-sql v4.1.0 (*)
      │   │   │       ├── (dev) redlinedb-sqlx v4.1.0 (*)
      │   │   │       ├── (dev) redlinedb-tokio v4.1.0 (*)
      │   │   │       └── rusty-fork v0.3.1
      │   │   │           └── proptest v1.11.0 (*)
      │   │   └── signal-hook-registry v1.4.8
      │   │       ├── signal-hook v0.3.18
      │   │       │   ├── crossterm v0.27.0
      │   │       │   │   └── redlinedb-cli v4.1.0 (*)
      │   │       │   └── signal-hook-mio v0.2.5
      │   │       │       └── crossterm v0.27.0 (*)
      │   │       └── tokio v1.52.3
      │   │           ├── postgres v0.19.13
      │   │           │   └── (dev) redlinedb-sql v4.1.0 (*)
      │   │           ├── redlinedb v4.1.0 (*)
      │   │           ├── redlinedb-sqlx v4.1.0 (*)
      │   │           ├── redlinedb-tokio v4.1.0 (*)
      │   │           ├── sqlx-core v0.8.6
      │   │           │   └── redlinedb-sqlx v4.1.0 (*)
      │   │           ├── tokio-postgres v0.7.18
      │   │           │   └── postgres v0.19.13 (*)
      │   │           ├── tokio-stream v0.1.18
      │   │           │   └── sqlx-core v0.8.6 (*)
      │   │           └── tokio-util v0.7.18
      │   │               └── tokio-postgres v0.7.18 (*)
      │   ├── rustix v1.1.4 (*)
      │   ├── rustyline v14.0.0 (*)
      │   └── tempfile v3.27.0 (*)
      └── windows-sys v0.59.0
          └── fd-lock v4.0.4 (*)

warning[duplicate]: found 2 duplicate entries for crate 'windows_aarch64_gnullvm'
    ┌─ /tmp/redline-family-ci-192313-1784173362536058738/redline-core/Cargo.lock:305:1
    │  
305 │ ╭ windows_aarch64_gnullvm 0.48.5 registry+https://github.com/rust-lang/crates.io-index
306 │ │ windows_aarch64_gnullvm 0.52.6 registry+https://github.com/rust-lang/crates.io-index
    │ ╰────────────────────────────────────────────────────────────────────────────────────┘ lock entries
    │  
    ├ windows_aarch64_gnullvm v0.48.5
      └── windows-targets v0.48.5
          └── windows-sys v0.48.0
              ├── mio v0.8.11
              │   ├── crossterm v0.27.0
              │   │   └── redlinedb-cli v4.1.0
              │   └── signal-hook-mio v0.2.5
              │       └── crossterm v0.27.0 (*)
              └── winapi-util v0.1.11
                  ├── same-file v1.0.6
                  │   └── walkdir v2.5.0
                  │       └── redlinedb-bench v4.1.0
                  └── walkdir v2.5.0 (*)
    ├ windows_aarch64_gnullvm v0.52.6
      └── windows-targets v0.52.6
          ├── windows-sys v0.52.0
          │   ├── errno v0.3.14
          │   │   ├── hwlocality v1.0.0-alpha.12
          │   │   │   └── redlinedb-kernel v4.1.0
          │   │   │       ├── redlinedb v4.1.0
          │   │   │       │   ├── redlinedb-bench v4.1.0
          │   │   │       │   ├── redlinedb-cli v4.1.0
          │   │   │       │   ├── redlinedb-server v4.1.0
          │   │   │       │   ├── redlinedb-sqlx v4.1.0
          │   │   │       │   └── redlinedb-tokio v4.1.0
          │   │   │       ├── redlinedb-bench v4.1.0 (*)
          │   │   │       ├── redlinedb-ffi v4.1.0
          │   │   │       └── redlinedb-sql v4.1.0
          │   │   │           ├── redlinedb v4.1.0 (*)
          │   │   │           └── redlinedb-ffi v4.1.0 (*)
          │   │   ├── rustix v1.1.4
          │   │   │   ├── fd-lock v4.0.4
          │   │   │   │   └── rustyline v14.0.0
          │   │   │   │       └── redlinedb-cli v4.1.0 (*)
          │   │   │   └── tempfile v3.27.0
          │   │   │       ├── proptest v1.11.0
          │   │   │       │   ├── (dev) redlinedb-kernel v4.1.0 (*)
          │   │   │       │   └── (dev) redlinedb-sql v4.1.0 (*)
          │   │   │       ├── (dev) redlinedb v4.1.0 (*)
          │   │   │       ├── redlinedb-bench v4.1.0 (*)
          │   │   │       ├── (dev) redlinedb-cli v4.1.0 (*)
          │   │   │       ├── (dev) redlinedb-ffi v4.1.0 (*)
          │   │   │       ├── (dev) redlinedb-kernel v4.1.0 (*)
          │   │   │       ├── (dev) redlinedb-server v4.1.0 (*)
          │   │   │       ├── (dev) redlinedb-sql v4.1.0 (*)
          │   │   │       ├── (dev) redlinedb-sqlx v4.1.0 (*)
          │   │   │       ├── (dev) redlinedb-tokio v4.1.0 (*)
          │   │   │       └── rusty-fork v0.3.1
          │   │   │           └── proptest v1.11.0 (*)
          │   │   └── signal-hook-registry v1.4.8
          │   │       ├── signal-hook v0.3.18
          │   │       │   ├── crossterm v0.27.0
          │   │       │   │   └── redlinedb-cli v4.1.0 (*)
          │   │       │   └── signal-hook-mio v0.2.5
          │   │       │       └── crossterm v0.27.0 (*)
          │   │       └── tokio v1.52.3
          │   │           ├── postgres v0.19.13
          │   │           │   └── (dev) redlinedb-sql v4.1.0 (*)
          │   │           ├── redlinedb v4.1.0 (*)
          │   │           ├── redlinedb-sqlx v4.1.0 (*)
          │   │           ├── redlinedb-tokio v4.1.0 (*)
          │   │           ├── sqlx-core v0.8.6
          │   │           │   └── redlinedb-sqlx v4.1.0 (*)
          │   │           ├── tokio-postgres v0.7.18
          │   │           │   └── postgres v0.19.13 (*)
          │   │           ├── tokio-stream v0.1.18
          │   │           │   └── sqlx-core v0.8.6 (*)
          │   │           └── tokio-util v0.7.18
          │   │               └── tokio-postgres v0.7.18 (*)
          │   ├── rustix v1.1.4 (*)
          │   ├── rustyline v14.0.0 (*)
          │   └── tempfile v3.27.0 (*)
          └── windows-sys v0.59.0
              └── fd-lock v4.0.4 (*)

warning[duplicate]: found 2 duplicate entries for crate 'windows_aarch64_msvc'
    ┌─ /tmp/redline-family-ci-192313-1784173362536058738/redline-core/Cargo.lock:307:1
    │  
307 │ ╭ windows_aarch64_msvc 0.48.5 registry+https://github.com/rust-lang/crates.io-index
308 │ │ windows_aarch64_msvc 0.52.6 registry+https://github.com/rust-lang/crates.io-index
    │ ╰─────────────────────────────────────────────────────────────────────────────────┘ lock entries
    │  
    ├ windows_aarch64_msvc v0.48.5
      └── windows-targets v0.48.5
          └── windows-sys v0.48.0
              ├── mio v0.8.11
              │   ├── crossterm v0.27.0
              │   │   └── redlinedb-cli v4.1.0
              │   └── signal-hook-mio v0.2.5
              │       └── crossterm v0.27.0 (*)
              └── winapi-util v0.1.11
                  ├── same-file v1.0.6
                  │   └── walkdir v2.5.0
                  │       └── redlinedb-bench v4.1.0
                  └── walkdir v2.5.0 (*)
    ├ windows_aarch64_msvc v0.52.6
      └── windows-targets v0.52.6
          ├── windows-sys v0.52.0
          │   ├── errno v0.3.14
          │   │   ├── hwlocality v1.0.0-alpha.12
          │   │   │   └── redlinedb-kernel v4.1.0
          │   │   │       ├── redlinedb v4.1.0
          │   │   │       │   ├── redlinedb-bench v4.1.0
          │   │   │       │   ├── redlinedb-cli v4.1.0
          │   │   │       │   ├── redlinedb-server v4.1.0
          │   │   │       │   ├── redlinedb-sqlx v4.1.0
          │   │   │       │   └── redlinedb-tokio v4.1.0
          │   │   │       ├── redlinedb-bench v4.1.0 (*)
          │   │   │       ├── redlinedb-ffi v4.1.0
          │   │   │       └── redlinedb-sql v4.1.0
          │   │   │           ├── redlinedb v4.1.0 (*)
          │   │   │           └── redlinedb-ffi v4.1.0 (*)
          │   │   ├── rustix v1.1.4
          │   │   │   ├── fd-lock v4.0.4
          │   │   │   │   └── rustyline v14.0.0
          │   │   │   │       └── redlinedb-cli v4.1.0 (*)
          │   │   │   └── tempfile v3.27.0
          │   │   │       ├── proptest v1.11.0
          │   │   │       │   ├── (dev) redlinedb-kernel v4.1.0 (*)
          │   │   │       │   └── (dev) redlinedb-sql v4.1.0 (*)
          │   │   │       ├── (dev) redlinedb v4.1.0 (*)
          │   │   │       ├── redlinedb-bench v4.1.0 (*)
          │   │   │       ├── (dev) redlinedb-cli v4.1.0 (*)
          │   │   │       ├── (dev) redlinedb-ffi v4.1.0 (*)
          │   │   │       ├── (dev) redlinedb-kernel v4.1.0 (*)
          │   │   │       ├── (dev) redlinedb-server v4.1.0 (*)
          │   │   │       ├── (dev) redlinedb-sql v4.1.0 (*)
          │   │   │       ├── (dev) redlinedb-sqlx v4.1.0 (*)
          │   │   │       ├── (dev) redlinedb-tokio v4.1.0 (*)
          │   │   │       └── rusty-fork v0.3.1
          │   │   │           └── proptest v1.11.0 (*)
          │   │   └── signal-hook-registry v1.4.8
          │   │       ├── signal-hook v0.3.18
          │   │       │   ├── crossterm v0.27.0
          │   │       │   │   └── redlinedb-cli v4.1.0 (*)
          │   │       │   └── signal-hook-mio v0.2.5
          │   │       │       └── crossterm v0.27.0 (*)
          │   │       └── tokio v1.52.3
          │   │           ├── postgres v0.19.13
          │   │           │   └── (dev) redlinedb-sql v4.1.0 (*)
          │   │           ├── redlinedb v4.1.0 (*)
          │   │           ├── redlinedb-sqlx v4.1.0 (*)
          │   │           ├── redlinedb-tokio v4.1.0 (*)
          │   │           ├── sqlx-core v0.8.6
          │   │           │   └── redlinedb-sqlx v4.1.0 (*)
          │   │           ├── tokio-postgres v0.7.18
          │   │           │   └── postgres v0.19.13 (*)
          │   │           ├── tokio-stream v0.1.18
          │   │           │   └── sqlx-core v0.8.6 (*)
          │   │           └── tokio-util v0.7.18
          │   │               └── tokio-postgres v0.7.18 (*)
          │   ├── rustix v1.1.4 (*)
          │   ├── rustyline v14.0.0 (*)
          │   └── tempfile v3.27.0 (*)
          └── windows-sys v0.59.0
              └── fd-lock v4.0.4 (*)

warning[duplicate]: found 2 duplicate entries for crate 'windows_i686_gnu'
    ┌─ /tmp/redline-family-ci-192313-1784173362536058738/redline-core/Cargo.lock:309:1
    │  
309 │ ╭ windows_i686_gnu 0.48.5 registry+https://github.com/rust-lang/crates.io-index
310 │ │ windows_i686_gnu 0.52.6 registry+https://github.com/rust-lang/crates.io-index
    │ ╰─────────────────────────────────────────────────────────────────────────────┘ lock entries
    │  
    ├ windows_i686_gnu v0.48.5
      └── windows-targets v0.48.5
          └── windows-sys v0.48.0
              ├── mio v0.8.11
              │   ├── crossterm v0.27.0
              │   │   └── redlinedb-cli v4.1.0
              │   └── signal-hook-mio v0.2.5
              │       └── crossterm v0.27.0 (*)
              └── winapi-util v0.1.11
                  ├── same-file v1.0.6
                  │   └── walkdir v2.5.0
                  │       └── redlinedb-bench v4.1.0
                  └── walkdir v2.5.0 (*)
    ├ windows_i686_gnu v0.52.6
      └── windows-targets v0.52.6
          ├── windows-sys v0.52.0
          │   ├── errno v0.3.14
          │   │   ├── hwlocality v1.0.0-alpha.12
          │   │   │   └── redlinedb-kernel v4.1.0
          │   │   │       ├── redlinedb v4.1.0
          │   │   │       │   ├── redlinedb-bench v4.1.0
          │   │   │       │   ├── redlinedb-cli v4.1.0
          │   │   │       │   ├── redlinedb-server v4.1.0
          │   │   │       │   ├── redlinedb-sqlx v4.1.0
          │   │   │       │   └── redlinedb-tokio v4.1.0
          │   │   │       ├── redlinedb-bench v4.1.0 (*)
          │   │   │       ├── redlinedb-ffi v4.1.0
          │   │   │       └── redlinedb-sql v4.1.0
          │   │   │           ├── redlinedb v4.1.0 (*)
          │   │   │           └── redlinedb-ffi v4.1.0 (*)
          │   │   ├── rustix v1.1.4
          │   │   │   ├── fd-lock v4.0.4
          │   │   │   │   └── rustyline v14.0.0
          │   │   │   │       └── redlinedb-cli v4.1.0 (*)
          │   │   │   └── tempfile v3.27.0
          │   │   │       ├── proptest v1.11.0
          │   │   │       │   ├── (dev) redlinedb-kernel v4.1.0 (*)
          │   │   │       │   └── (dev) redlinedb-sql v4.1.0 (*)
          │   │   │       ├── (dev) redlinedb v4.1.0 (*)
          │   │   │       ├── redlinedb-bench v4.1.0 (*)
          │   │   │       ├── (dev) redlinedb-cli v4.1.0 (*)
          │   │   │       ├── (dev) redlinedb-ffi v4.1.0 (*)
          │   │   │       ├── (dev) redlinedb-kernel v4.1.0 (*)
          │   │   │       ├── (dev) redlinedb-server v4.1.0 (*)
          │   │   │       ├── (dev) redlinedb-sql v4.1.0 (*)
          │   │   │       ├── (dev) redlinedb-sqlx v4.1.0 (*)
          │   │   │       ├── (dev) redlinedb-tokio v4.1.0 (*)
          │   │   │       └── rusty-fork v0.3.1
          │   │   │           └── proptest v1.11.0 (*)
          │   │   └── signal-hook-registry v1.4.8
          │   │       ├── signal-hook v0.3.18
          │   │       │   ├── crossterm v0.27.0
          │   │       │   │   └── redlinedb-cli v4.1.0 (*)
          │   │       │   └── signal-hook-mio v0.2.5
          │   │       │       └── crossterm v0.27.0 (*)
          │   │       └── tokio v1.52.3
          │   │           ├── postgres v0.19.13
          │   │           │   └── (dev) redlinedb-sql v4.1.0 (*)
          │   │           ├── redlinedb v4.1.0 (*)
          │   │           ├── redlinedb-sqlx v4.1.0 (*)
          │   │           ├── redlinedb-tokio v4.1.0 (*)
          │   │           ├── sqlx-core v0.8.6
          │   │           │   └── redlinedb-sqlx v4.1.0 (*)
          │   │           ├── tokio-postgres v0.7.18
          │   │           │   └── postgres v0.19.13 (*)
          │   │           ├── tokio-stream v0.1.18
          │   │           │   └── sqlx-core v0.8.6 (*)
          │   │           └── tokio-util v0.7.18
          │   │               └── tokio-postgres v0.7.18 (*)
          │   ├── rustix v1.1.4 (*)
          │   ├── rustyline v14.0.0 (*)
          │   └── tempfile v3.27.0 (*)
          └── windows-sys v0.59.0
              └── fd-lock v4.0.4 (*)

warning[duplicate]: found 2 duplicate entries for crate 'windows_i686_msvc'
    ┌─ /tmp/redline-family-ci-192313-1784173362536058738/redline-core/Cargo.lock:312:1
    │  
312 │ ╭ windows_i686_msvc 0.48.5 registry+https://github.com/rust-lang/crates.io-index
313 │ │ windows_i686_msvc 0.52.6 registry+https://github.com/rust-lang/crates.io-index
    │ ╰──────────────────────────────────────────────────────────────────────────────┘ lock entries
    │  
    ├ windows_i686_msvc v0.48.5
      └── windows-targets v0.48.5
          └── windows-sys v0.48.0
              ├── mio v0.8.11
              │   ├── crossterm v0.27.0
              │   │   └── redlinedb-cli v4.1.0
              │   └── signal-hook-mio v0.2.5
              │       └── crossterm v0.27.0 (*)
              └── winapi-util v0.1.11
                  ├── same-file v1.0.6
                  │   └── walkdir v2.5.0
                  │       └── redlinedb-bench v4.1.0
                  └── walkdir v2.5.0 (*)
    ├ windows_i686_msvc v0.52.6
      └── windows-targets v0.52.6
          ├── windows-sys v0.52.0
          │   ├── errno v0.3.14
          │   │   ├── hwlocality v1.0.0-alpha.12
          │   │   │   └── redlinedb-kernel v4.1.0
          │   │   │       ├── redlinedb v4.1.0
          │   │   │       │   ├── redlinedb-bench v4.1.0
          │   │   │       │   ├── redlinedb-cli v4.1.0
          │   │   │       │   ├── redlinedb-server v4.1.0
          │   │   │       │   ├── redlinedb-sqlx v4.1.0
          │   │   │       │   └── redlinedb-tokio v4.1.0
          │   │   │       ├── redlinedb-bench v4.1.0 (*)
          │   │   │       ├── redlinedb-ffi v4.1.0
          │   │   │       └── redlinedb-sql v4.1.0
          │   │   │           ├── redlinedb v4.1.0 (*)
          │   │   │           └── redlinedb-ffi v4.1.0 (*)
          │   │   ├── rustix v1.1.4
          │   │   │   ├── fd-lock v4.0.4
          │   │   │   │   └── rustyline v14.0.0
          │   │   │   │       └── redlinedb-cli v4.1.0 (*)
          │   │   │   └── tempfile v3.27.0
          │   │   │       ├── proptest v1.11.0
          │   │   │       │   ├── (dev) redlinedb-kernel v4.1.0 (*)
          │   │   │       │   └── (dev) redlinedb-sql v4.1.0 (*)
          │   │   │       ├── (dev) redlinedb v4.1.0 (*)
          │   │   │       ├── redlinedb-bench v4.1.0 (*)
          │   │   │       ├── (dev) redlinedb-cli v4.1.0 (*)
          │   │   │       ├── (dev) redlinedb-ffi v4.1.0 (*)
          │   │   │       ├── (dev) redlinedb-kernel v4.1.0 (*)
          │   │   │       ├── (dev) redlinedb-server v4.1.0 (*)
          │   │   │       ├── (dev) redlinedb-sql v4.1.0 (*)
          │   │   │       ├── (dev) redlinedb-sqlx v4.1.0 (*)
          │   │   │       ├── (dev) redlinedb-tokio v4.1.0 (*)
          │   │   │       └── rusty-fork v0.3.1
          │   │   │           └── proptest v1.11.0 (*)
          │   │   └── signal-hook-registry v1.4.8
          │   │       ├── signal-hook v0.3.18
          │   │       │   ├── crossterm v0.27.0
          │   │       │   │   └── redlinedb-cli v4.1.0 (*)
          │   │       │   └── signal-hook-mio v0.2.5
          │   │       │       └── crossterm v0.27.0 (*)
          │   │       └── tokio v1.52.3
          │   │           ├── postgres v0.19.13
          │   │           │   └── (dev) redlinedb-sql v4.1.0 (*)
          │   │           ├── redlinedb v4.1.0 (*)
          │   │           ├── redlinedb-sqlx v4.1.0 (*)
          │   │           ├── redlinedb-tokio v4.1.0 (*)
          │   │           ├── sqlx-core v0.8.6
          │   │           │   └── redlinedb-sqlx v4.1.0 (*)
          │   │           ├── tokio-postgres v0.7.18
          │   │           │   └── postgres v0.19.13 (*)
          │   │           ├── tokio-stream v0.1.18
          │   │           │   └── sqlx-core v0.8.6 (*)
          │   │           └── tokio-util v0.7.18
          │   │               └── tokio-postgres v0.7.18 (*)
          │   ├── rustix v1.1.4 (*)
          │   ├── rustyline v14.0.0 (*)
          │   └── tempfile v3.27.0 (*)
          └── windows-sys v0.59.0
              └── fd-lock v4.0.4 (*)

warning[duplicate]: found 2 duplicate entries for crate 'windows_x86_64_gnu'
    ┌─ /tmp/redline-family-ci-192313-1784173362536058738/redline-core/Cargo.lock:314:1
    │  
314 │ ╭ windows_x86_64_gnu 0.48.5 registry+https://github.com/rust-lang/crates.io-index
315 │ │ windows_x86_64_gnu 0.52.6 registry+https://github.com/rust-lang/crates.io-index
    │ ╰───────────────────────────────────────────────────────────────────────────────┘ lock entries
    │  
    ├ windows_x86_64_gnu v0.48.5
      └── windows-targets v0.48.5
          └── windows-sys v0.48.0
              ├── mio v0.8.11
              │   ├── crossterm v0.27.0
              │   │   └── redlinedb-cli v4.1.0
              │   └── signal-hook-mio v0.2.5
              │       └── crossterm v0.27.0 (*)
              └── winapi-util v0.1.11
                  ├── same-file v1.0.6
                  │   └── walkdir v2.5.0
                  │       └── redlinedb-bench v4.1.0
                  └── walkdir v2.5.0 (*)
    ├ windows_x86_64_gnu v0.52.6
      └── windows-targets v0.52.6
          ├── windows-sys v0.52.0
          │   ├── errno v0.3.14
          │   │   ├── hwlocality v1.0.0-alpha.12
          │   │   │   └── redlinedb-kernel v4.1.0
          │   │   │       ├── redlinedb v4.1.0
          │   │   │       │   ├── redlinedb-bench v4.1.0
          │   │   │       │   ├── redlinedb-cli v4.1.0
          │   │   │       │   ├── redlinedb-server v4.1.0
          │   │   │       │   ├── redlinedb-sqlx v4.1.0
          │   │   │       │   └── redlinedb-tokio v4.1.0
          │   │   │       ├── redlinedb-bench v4.1.0 (*)
          │   │   │       ├── redlinedb-ffi v4.1.0
          │   │   │       └── redlinedb-sql v4.1.0
          │   │   │           ├── redlinedb v4.1.0 (*)
          │   │   │           └── redlinedb-ffi v4.1.0 (*)
          │   │   ├── rustix v1.1.4
          │   │   │   ├── fd-lock v4.0.4
          │   │   │   │   └── rustyline v14.0.0
          │   │   │   │       └── redlinedb-cli v4.1.0 (*)
          │   │   │   └── tempfile v3.27.0
          │   │   │       ├── proptest v1.11.0
          │   │   │       │   ├── (dev) redlinedb-kernel v4.1.0 (*)
          │   │   │       │   └── (dev) redlinedb-sql v4.1.0 (*)
          │   │   │       ├── (dev) redlinedb v4.1.0 (*)
          │   │   │       ├── redlinedb-bench v4.1.0 (*)
          │   │   │       ├── (dev) redlinedb-cli v4.1.0 (*)
          │   │   │       ├── (dev) redlinedb-ffi v4.1.0 (*)
          │   │   │       ├── (dev) redlinedb-kernel v4.1.0 (*)
          │   │   │       ├── (dev) redlinedb-server v4.1.0 (*)
          │   │   │       ├── (dev) redlinedb-sql v4.1.0 (*)
          │   │   │       ├── (dev) redlinedb-sqlx v4.1.0 (*)
          │   │   │       ├── (dev) redlinedb-tokio v4.1.0 (*)
          │   │   │       └── rusty-fork v0.3.1
          │   │   │           └── proptest v1.11.0 (*)
          │   │   └── signal-hook-registry v1.4.8
          │   │       ├── signal-hook v0.3.18
          │   │       │   ├── crossterm v0.27.0
          │   │       │   │   └── redlinedb-cli v4.1.0 (*)
          │   │       │   └── signal-hook-mio v0.2.5
          │   │       │       └── crossterm v0.27.0 (*)
          │   │       └── tokio v1.52.3
          │   │           ├── postgres v0.19.13
          │   │           │   └── (dev) redlinedb-sql v4.1.0 (*)
          │   │           ├── redlinedb v4.1.0 (*)
          │   │           ├── redlinedb-sqlx v4.1.0 (*)
          │   │           ├── redlinedb-tokio v4.1.0 (*)
          │   │           ├── sqlx-core v0.8.6
          │   │           │   └── redlinedb-sqlx v4.1.0 (*)
          │   │           ├── tokio-postgres v0.7.18
          │   │           │   └── postgres v0.19.13 (*)
          │   │           ├── tokio-stream v0.1.18
          │   │           │   └── sqlx-core v0.8.6 (*)
          │   │           └── tokio-util v0.7.18
          │   │               └── tokio-postgres v0.7.18 (*)
          │   ├── rustix v1.1.4 (*)
          │   ├── rustyline v14.0.0 (*)
          │   └── tempfile v3.27.0 (*)
          └── windows-sys v0.59.0
              └── fd-lock v4.0.4 (*)

warning[duplicate]: found 2 duplicate entries for crate 'windows_x86_64_gnullvm'
    ┌─ /tmp/redline-family-ci-192313-1784173362536058738/redline-core/Cargo.lock:316:1
    │  
316 │ ╭ windows_x86_64_gnullvm 0.48.5 registry+https://github.com/rust-lang/crates.io-index
317 │ │ windows_x86_64_gnullvm 0.52.6 registry+https://github.com/rust-lang/crates.io-index
    │ ╰───────────────────────────────────────────────────────────────────────────────────┘ lock entries
    │  
    ├ windows_x86_64_gnullvm v0.48.5
      └── windows-targets v0.48.5
          └── windows-sys v0.48.0
              ├── mio v0.8.11
              │   ├── crossterm v0.27.0
              │   │   └── redlinedb-cli v4.1.0
              │   └── signal-hook-mio v0.2.5
              │       └── crossterm v0.27.0 (*)
              └── winapi-util v0.1.11
                  ├── same-file v1.0.6
                  │   └── walkdir v2.5.0
                  │       └── redlinedb-bench v4.1.0
                  └── walkdir v2.5.0 (*)
    ├ windows_x86_64_gnullvm v0.52.6
      └── windows-targets v0.52.6
          ├── windows-sys v0.52.0
          │   ├── errno v0.3.14
          │   │   ├── hwlocality v1.0.0-alpha.12
          │   │   │   └── redlinedb-kernel v4.1.0
          │   │   │       ├── redlinedb v4.1.0
          │   │   │       │   ├── redlinedb-bench v4.1.0
          │   │   │       │   ├── redlinedb-cli v4.1.0
          │   │   │       │   ├── redlinedb-server v4.1.0
          │   │   │       │   ├── redlinedb-sqlx v4.1.0
          │   │   │       │   └── redlinedb-tokio v4.1.0
          │   │   │       ├── redlinedb-bench v4.1.0 (*)
          │   │   │       ├── redlinedb-ffi v4.1.0
          │   │   │       └── redlinedb-sql v4.1.0
          │   │   │           ├── redlinedb v4.1.0 (*)
          │   │   │           └── redlinedb-ffi v4.1.0 (*)
          │   │   ├── rustix v1.1.4
          │   │   │   ├── fd-lock v4.0.4
          │   │   │   │   └── rustyline v14.0.0
          │   │   │   │       └── redlinedb-cli v4.1.0 (*)
          │   │   │   └── tempfile v3.27.0
          │   │   │       ├── proptest v1.11.0
          │   │   │       │   ├── (dev) redlinedb-kernel v4.1.0 (*)
          │   │   │       │   └── (dev) redlinedb-sql v4.1.0 (*)
          │   │   │       ├── (dev) redlinedb v4.1.0 (*)
          │   │   │       ├── redlinedb-bench v4.1.0 (*)
          │   │   │       ├── (dev) redlinedb-cli v4.1.0 (*)
          │   │   │       ├── (dev) redlinedb-ffi v4.1.0 (*)
          │   │   │       ├── (dev) redlinedb-kernel v4.1.0 (*)
          │   │   │       ├── (dev) redlinedb-server v4.1.0 (*)
          │   │   │       ├── (dev) redlinedb-sql v4.1.0 (*)
          │   │   │       ├── (dev) redlinedb-sqlx v4.1.0 (*)
          │   │   │       ├── (dev) redlinedb-tokio v4.1.0 (*)
          │   │   │       └── rusty-fork v0.3.1
          │   │   │           └── proptest v1.11.0 (*)
          │   │   └── signal-hook-registry v1.4.8
          │   │       ├── signal-hook v0.3.18
          │   │       │   ├── crossterm v0.27.0
          │   │       │   │   └── redlinedb-cli v4.1.0 (*)
          │   │       │   └── signal-hook-mio v0.2.5
          │   │       │       └── crossterm v0.27.0 (*)
          │   │       └── tokio v1.52.3
          │   │           ├── postgres v0.19.13
          │   │           │   └── (dev) redlinedb-sql v4.1.0 (*)
          │   │           ├── redlinedb v4.1.0 (*)
          │   │           ├── redlinedb-sqlx v4.1.0 (*)
          │   │           ├── redlinedb-tokio v4.1.0 (*)
          │   │           ├── sqlx-core v0.8.6
          │   │           │   └── redlinedb-sqlx v4.1.0 (*)
          │   │           ├── tokio-postgres v0.7.18
          │   │           │   └── postgres v0.19.13 (*)
          │   │           ├── tokio-stream v0.1.18
          │   │           │   └── sqlx-core v0.8.6 (*)
          │   │           └── tokio-util v0.7.18
          │   │               └── tokio-postgres v0.7.18 (*)
          │   ├── rustix v1.1.4 (*)
          │   ├── rustyline v14.0.0 (*)
          │   └── tempfile v3.27.0 (*)
          └── windows-sys v0.59.0
              └── fd-lock v4.0.4 (*)

warning[duplicate]: found 2 duplicate entries for crate 'windows_x86_64_msvc'
    ┌─ /tmp/redline-family-ci-192313-1784173362536058738/redline-core/Cargo.lock:318:1
    │  
318 │ ╭ windows_x86_64_msvc 0.48.5 registry+https://github.com/rust-lang/crates.io-index
319 │ │ windows_x86_64_msvc 0.52.6 registry+https://github.com/rust-lang/crates.io-index
    │ ╰────────────────────────────────────────────────────────────────────────────────┘ lock entries
    │  
    ├ windows_x86_64_msvc v0.48.5
      └── windows-targets v0.48.5
          └── windows-sys v0.48.0
              ├── mio v0.8.11
              │   ├── crossterm v0.27.0
              │   │   └── redlinedb-cli v4.1.0
              │   └── signal-hook-mio v0.2.5
              │       └── crossterm v0.27.0 (*)
              └── winapi-util v0.1.11
                  ├── same-file v1.0.6
                  │   └── walkdir v2.5.0
                  │       └── redlinedb-bench v4.1.0
                  └── walkdir v2.5.0 (*)
    ├ windows_x86_64_msvc v0.52.6
      └── windows-targets v0.52.6
          ├── windows-sys v0.52.0
          │   ├── errno v0.3.14
          │   │   ├── hwlocality v1.0.0-alpha.12
          │   │   │   └── redlinedb-kernel v4.1.0
          │   │   │       ├── redlinedb v4.1.0
          │   │   │       │   ├── redlinedb-bench v4.1.0
          │   │   │       │   ├── redlinedb-cli v4.1.0
          │   │   │       │   ├── redlinedb-server v4.1.0
          │   │   │       │   ├── redlinedb-sqlx v4.1.0
          │   │   │       │   └── redlinedb-tokio v4.1.0
          │   │   │       ├── redlinedb-bench v4.1.0 (*)
          │   │   │       ├── redlinedb-ffi v4.1.0
          │   │   │       └── redlinedb-sql v4.1.0
          │   │   │           ├── redlinedb v4.1.0 (*)
          │   │   │           └── redlinedb-ffi v4.1.0 (*)
          │   │   ├── rustix v1.1.4
          │   │   │   ├── fd-lock v4.0.4
          │   │   │   │   └── rustyline v14.0.0
          │   │   │   │       └── redlinedb-cli v4.1.0 (*)
          │   │   │   └── tempfile v3.27.0
          │   │   │       ├── proptest v1.11.0
          │   │   │       │   ├── (dev) redlinedb-kernel v4.1.0 (*)
          │   │   │       │   └── (dev) redlinedb-sql v4.1.0 (*)
          │   │   │       ├── (dev) redlinedb v4.1.0 (*)
          │   │   │       ├── redlinedb-bench v4.1.0 (*)
          │   │   │       ├── (dev) redlinedb-cli v4.1.0 (*)
          │   │   │       ├── (dev) redlinedb-ffi v4.1.0 (*)
          │   │   │       ├── (dev) redlinedb-kernel v4.1.0 (*)
          │   │   │       ├── (dev) redlinedb-server v4.1.0 (*)
          │   │   │       ├── (dev) redlinedb-sql v4.1.0 (*)
          │   │   │       ├── (dev) redlinedb-sqlx v4.1.0 (*)
          │   │   │       ├── (dev) redlinedb-tokio v4.1.0 (*)
          │   │   │       └── rusty-fork v0.3.1
          │   │   │           └── proptest v1.11.0 (*)
          │   │   └── signal-hook-registry v1.4.8
          │   │       ├── signal-hook v0.3.18
          │   │       │   ├── crossterm v0.27.0
          │   │       │   │   └── redlinedb-cli v4.1.0 (*)
          │   │       │   └── signal-hook-mio v0.2.5
          │   │       │       └── crossterm v0.27.0 (*)
          │   │       └── tokio v1.52.3
          │   │           ├── postgres v0.19.13
          │   │           │   └── (dev) redlinedb-sql v4.1.0 (*)
          │   │           ├── redlinedb v4.1.0 (*)
          │   │           ├── redlinedb-sqlx v4.1.0 (*)
          │   │           ├── redlinedb-tokio v4.1.0 (*)
          │   │           ├── sqlx-core v0.8.6
          │   │           │   └── redlinedb-sqlx v4.1.0 (*)
          │   │           ├── tokio-postgres v0.7.18
          │   │           │   └── postgres v0.19.13 (*)
          │   │           ├── tokio-stream v0.1.18
          │   │           │   └── sqlx-core v0.8.6 (*)
          │   │           └── tokio-util v0.7.18
          │   │               └── tokio-postgres v0.7.18 (*)
          │   ├── rustix v1.1.4 (*)
          │   ├── rustyline v14.0.0 (*)
          │   └── tempfile v3.27.0 (*)
          └── windows-sys v0.59.0
              └── fd-lock v4.0.4 (*)

advisories ok, bans ok, licenses ok, sources ok
[90m3:59AM[0m [32mINF[0m 826 commits scanned.
[90m3:59AM[0m [32mINF[0m scan completed in 18.1s
[90m3:59AM[0m [32mINF[0m no leaks found
[0000]  WARN no explicit name and version provided for directory source, deriving artifact ID from the given path (which is not ideal)
warning[duplicate]: found 2 duplicate entries for crate 'base64'
   ┌─ /tmp/redline-family-ci-192313-1784173362536058738/redline-core/Cargo.lock:18:1
   │  
18 │ ╭ base64 0.21.7 registry+https://github.com/rust-lang/crates.io-index
19 │ │ base64 0.22.1 registry+https://github.com/rust-lang/crates.io-index
   │ ╰───────────────────────────────────────────────────────────────────┘ lock entries
   │  
   ├ base64 v0.21.7
     └── hdrhistogram v7.5.4
         └── redlinedb-bench v4.1.0
   ├ base64 v0.22.1
     ├── postgres-protocol v0.6.12
     │   ├── postgres-types v0.2.14
     │   │   └── tokio-postgres v0.7.18
     │   │       └── postgres v0.19.13
     │   │           └── (dev) redlinedb-sql v4.1.0
     │   │               ├── redlinedb v4.1.0
     │   │               │   ├── redlinedb-bench v4.1.0
     │   │               │   ├── redlinedb-cli v4.1.0
     │   │               │   ├── redlinedb-server v4.1.0
     │   │               │   ├── redlinedb-sqlx v4.1.0
     │   │               │   └── redlinedb-tokio v4.1.0
     │   │               └── redlinedb-ffi v4.1.0
     │   └── tokio-postgres v0.7.18 (*)
     └── sqlx-core v0.8.6
         └── redlinedb-sqlx v4.1.0 (*)

warning[duplicate]: found 2 duplicate entries for crate 'getrandom'
   ┌─ /tmp/redline-family-ci-192313-1784173362536058738/redline-core/Cargo.lock:93:1
   │  
93 │ ╭ getrandom 0.2.17 registry+https://github.com/rust-lang/crates.io-index
94 │ │ getrandom 0.3.4 registry+https://github.com/rust-lang/crates.io-index
   │ ╰─────────────────────────────────────────────────────────────────────┘ lock entries
   │  
   ├ getrandom v0.2.17
     └── rand_core v0.6.4
         ├── rand v0.8.6
         │   └── fail v0.5.1
         │       ├── (dev) redlinedb-bench v4.1.0
         │       ├── redlinedb-kernel v4.1.0
         │       │   ├── redlinedb v4.1.0
         │       │   │   ├── redlinedb-bench v4.1.0 (*)
         │       │   │   ├── redlinedb-cli v4.1.0
         │       │   │   ├── redlinedb-server v4.1.0
         │       │   │   ├── redlinedb-sqlx v4.1.0
         │       │   │   └── redlinedb-tokio v4.1.0
         │       │   ├── redlinedb-bench v4.1.0 (*)
         │       │   ├── redlinedb-ffi v4.1.0
         │       │   └── redlinedb-sql v4.1.0
         │       │       ├── redlinedb v4.1.0 (*)
         │       │       └── redlinedb-ffi v4.1.0 (*)
         │       └── (dev) redlinedb-sql v4.1.0 (*)
         └── rand_chacha v0.3.1
             └── rand v0.8.6 (*)
   ├ getrandom v0.3.4
     ├── ahash v0.8.12
     │   ├── redlinedb-kernel v4.1.0
     │   │   ├── redlinedb v4.1.0
     │   │   │   ├── redlinedb-bench v4.1.0
     │   │   │   ├── redlinedb-cli v4.1.0
     │   │   │   ├── redlinedb-server v4.1.0
     │   │   │   ├── redlinedb-sqlx v4.1.0
     │   │   │   └── redlinedb-tokio v4.1.0
     │   │   ├── redlinedb-bench v4.1.0 (*)
     │   │   ├── redlinedb-ffi v4.1.0
     │   │   └── redlinedb-sql v4.1.0
     │   │       ├── redlinedb v4.1.0 (*)
     │   │       └── redlinedb-ffi v4.1.0 (*)
     │   └── redlinedb-sql v4.1.0 (*)
     ├── rand_core v0.9.5
     │   ├── rand v0.9.4
     │   │   ├── proptest v1.11.0
     │   │   │   ├── (dev) redlinedb-kernel v4.1.0 (*)
     │   │   │   └── (dev) redlinedb-sql v4.1.0 (*)
     │   │   └── redlinedb-bench v4.1.0 (*)
     │   ├── rand_chacha v0.9.0
     │   │   ├── proptest v1.11.0 (*)
     │   │   ├── rand v0.9.4 (*)
     │   │   └── redlinedb-bench v4.1.0 (*)
     │   └── rand_xorshift v0.4.0
     │       └── proptest v1.11.0 (*)
     └── tempfile v3.27.0
         ├── proptest v1.11.0 (*)
         ├── (dev) redlinedb v4.1.0 (*)
         ├── redlinedb-bench v4.1.0 (*)
         ├── (dev) redlinedb-cli v4.1.0 (*)
         ├── (dev) redlinedb-ffi v4.1.0 (*)
         ├── (dev) redlinedb-kernel v4.1.0 (*)
         ├── (dev) redlinedb-server v4.1.0 (*)
         ├── (dev) redlinedb-sql v4.1.0 (*)
         ├── (dev) redlinedb-sqlx v4.1.0 (*)
         ├── (dev) redlinedb-tokio v4.1.0 (*)
         └── rusty-fork v0.3.1
             └── proptest v1.11.0 (*)

warning[duplicate]: found 2 duplicate entries for crate 'hashbrown'
   ┌─ /tmp/redline-family-ci-192313-1784173362536058738/redline-core/Cargo.lock:96:1
   │  
96 │ ╭ hashbrown 0.15.5 registry+https://github.com/rust-lang/crates.io-index
97 │ │ hashbrown 0.17.1 registry+https://github.com/rust-lang/crates.io-index
   │ ╰──────────────────────────────────────────────────────────────────────┘ lock entries
   │  
   ├ hashbrown v0.15.5
     ├── hashlink v0.10.0
     │   ├── rusqlite v0.37.0
     │   │   ├── redlinedb-bench v4.1.0
     │   │   └── (dev) redlinedb-sql v4.1.0
     │   │       ├── redlinedb v4.1.0
     │   │       │   ├── redlinedb-bench v4.1.0 (*)
     │   │       │   ├── redlinedb-cli v4.1.0
     │   │       │   ├── redlinedb-server v4.1.0
     │   │       │   ├── redlinedb-sqlx v4.1.0
     │   │       │   └── redlinedb-tokio v4.1.0
     │   │       └── redlinedb-ffi v4.1.0
     │   └── sqlx-core v0.8.6
     │       └── redlinedb-sqlx v4.1.0 (*)
     └── sqlx-core v0.8.6 (*)
   ├ hashbrown v0.17.1
     └── indexmap v2.14.0
         ├── serde_json v1.0.150
         │   ├── redlinedb v4.1.0
         │   │   ├── redlinedb-bench v4.1.0
         │   │   ├── redlinedb-cli v4.1.0
         │   │   ├── redlinedb-server v4.1.0
         │   │   ├── redlinedb-sqlx v4.1.0
         │   │   └── redlinedb-tokio v4.1.0
         │   ├── redlinedb-bench v4.1.0 (*)
         │   ├── redlinedb-cli v4.1.0 (*)
         │   ├── redlinedb-kernel v4.1.0
         │   │   ├── redlinedb v4.1.0 (*)
         │   │   ├── redlinedb-bench v4.1.0 (*)
         │   │   ├── redlinedb-ffi v4.1.0
         │   │   └── redlinedb-sql v4.1.0
         │   │       ├── redlinedb v4.1.0 (*)
         │   │       └── redlinedb-ffi v4.1.0 (*)
         │   ├── redlinedb-server v4.1.0 (*)
         │   └── redlinedb-sql v4.1.0 (*)
         ├── sqlx-core v0.8.6
         │   └── redlinedb-sqlx v4.1.0 (*)
         └── toml_edit v0.22.27
             └── toml v0.8.23
                 └── redlinedb-bench v4.1.0 (*)

warning[duplicate]: found 2 duplicate entries for crate 'mio'
    ┌─ /tmp/redline-family-ci-192313-1784173362536058738/redline-core/Cargo.lock:137:1
    │  
137 │ ╭ mio 0.8.11 registry+https://github.com/rust-lang/crates.io-index
138 │ │ mio 1.2.0 registry+https://github.com/rust-lang/crates.io-index
    │ ╰───────────────────────────────────────────────────────────────┘ lock entries
    │  
    ├ mio v0.8.11
      ├── crossterm v0.27.0
      │   └── redlinedb-cli v4.1.0
      └── signal-hook-mio v0.2.5
          └── crossterm v0.27.0 (*)
    ├ mio v1.2.0
      └── tokio v1.52.3
          ├── postgres v0.19.13
          │   └── (dev) redlinedb-sql v4.1.0
          │       ├── redlinedb v4.1.0
          │       │   ├── redlinedb-bench v4.1.0
          │       │   ├── redlinedb-cli v4.1.0
          │       │   ├── redlinedb-server v4.1.0
          │       │   ├── redlinedb-sqlx v4.1.0
          │       │   └── redlinedb-tokio v4.1.0
          │       └── redlinedb-ffi v4.1.0
          ├── redlinedb v4.1.0 (*)
          ├── redlinedb-sqlx v4.1.0 (*)
          ├── redlinedb-tokio v4.1.0 (*)
          ├── sqlx-core v0.8.6
          │   └── redlinedb-sqlx v4.1.0 (*)
          ├── tokio-postgres v0.7.18
          │   └── postgres v0.19.13 (*)
          ├── tokio-stream v0.1.18
          │   └── sqlx-core v0.8.6 (*)
          └── tokio-util v0.7.18
              └── tokio-postgres v0.7.18 (*)

warning[duplicate]: found 2 duplicate entries for crate 'rand'
    ┌─ /tmp/redline-family-ci-192313-1784173362536058738/redline-core/Cargo.lock:173:1
    │  
173 │ ╭ rand 0.8.6 registry+https://github.com/rust-lang/crates.io-index
174 │ │ rand 0.9.4 registry+https://github.com/rust-lang/crates.io-index
    │ ╰────────────────────────────────────────────────────────────────┘ lock entries
    │  
    ├ rand v0.8.6
      └── fail v0.5.1
          ├── (dev) redlinedb-bench v4.1.0
          ├── redlinedb-kernel v4.1.0
          │   ├── redlinedb v4.1.0
          │   │   ├── redlinedb-bench v4.1.0 (*)
          │   │   ├── redlinedb-cli v4.1.0
          │   │   ├── redlinedb-server v4.1.0
          │   │   ├── redlinedb-sqlx v4.1.0
          │   │   └── redlinedb-tokio v4.1.0
          │   ├── redlinedb-bench v4.1.0 (*)
          │   ├── redlinedb-ffi v4.1.0
          │   └── redlinedb-sql v4.1.0
          │       ├── redlinedb v4.1.0 (*)
          │       └── redlinedb-ffi v4.1.0 (*)
          └── (dev) redlinedb-sql v4.1.0 (*)
    ├ rand v0.9.4
      ├── proptest v1.11.0
      │   ├── (dev) redlinedb-kernel v4.1.0
      │   │   ├── redlinedb v4.1.0
      │   │   │   ├── redlinedb-bench v4.1.0
      │   │   │   ├── redlinedb-cli v4.1.0
      │   │   │   ├── redlinedb-server v4.1.0
      │   │   │   ├── redlinedb-sqlx v4.1.0
      │   │   │   └── redlinedb-tokio v4.1.0
      │   │   ├── redlinedb-bench v4.1.0 (*)
      │   │   ├── redlinedb-ffi v4.1.0
      │   │   └── redlinedb-sql v4.1.0
      │   │       ├── redlinedb v4.1.0 (*)
      │   │       └── redlinedb-ffi v4.1.0 (*)
      │   └── (dev) redlinedb-sql v4.1.0 (*)
      └── redlinedb-bench v4.1.0 (*)

warning[duplicate]: found 2 duplicate entries for crate 'rand_chacha'
    ┌─ /tmp/redline-family-ci-192313-1784173362536058738/redline-core/Cargo.lock:176:1
    │  
176 │ ╭ rand_chacha 0.3.1 registry+https://github.com/rust-lang/crates.io-index
177 │ │ rand_chacha 0.9.0 registry+https://github.com/rust-lang/crates.io-index
    │ ╰───────────────────────────────────────────────────────────────────────┘ lock entries
    │  
    ├ rand_chacha v0.3.1
      └── rand v0.8.6
          └── fail v0.5.1
              ├── (dev) redlinedb-bench v4.1.0
              ├── redlinedb-kernel v4.1.0
              │   ├── redlinedb v4.1.0
              │   │   ├── redlinedb-bench v4.1.0 (*)
              │   │   ├── redlinedb-cli v4.1.0
              │   │   ├── redlinedb-server v4.1.0
              │   │   ├── redlinedb-sqlx v4.1.0
              │   │   └── redlinedb-tokio v4.1.0
              │   ├── redlinedb-bench v4.1.0 (*)
              │   ├── redlinedb-ffi v4.1.0
              │   └── redlinedb-sql v4.1.0
              │       ├── redlinedb v4.1.0 (*)
              │       └── redlinedb-ffi v4.1.0 (*)
              └── (dev) redlinedb-sql v4.1.0 (*)
    ├ rand_chacha v0.9.0
      ├── proptest v1.11.0
      │   ├── (dev) redlinedb-kernel v4.1.0
      │   │   ├── redlinedb v4.1.0
      │   │   │   ├── redlinedb-bench v4.1.0
      │   │   │   ├── redlinedb-cli v4.1.0
      │   │   │   ├── redlinedb-server v4.1.0
      │   │   │   ├── redlinedb-sqlx v4.1.0
      │   │   │   └── redlinedb-tokio v4.1.0
      │   │   ├── redlinedb-bench v4.1.0 (*)
      │   │   ├── redlinedb-ffi v4.1.0
      │   │   └── redlinedb-sql v4.1.0
      │   │       ├── redlinedb v4.1.0 (*)
      │   │       └── redlinedb-ffi v4.1.0 (*)
      │   └── (dev) redlinedb-sql v4.1.0 (*)
      ├── rand v0.9.4
      │   ├── proptest v1.11.0 (*)
      │   └── redlinedb-bench v4.1.0 (*)
      └── redlinedb-bench v4.1.0 (*)

warning[duplicate]: found 2 duplicate entries for crate 'rand_core'
    ┌─ /tmp/redline-family-ci-192313-1784173362536058738/redline-core/Cargo.lock:178:1
    │  
178 │ ╭ rand_core 0.6.4 registry+https://github.com/rust-lang/crates.io-index
179 │ │ rand_core 0.9.5 registry+https://github.com/rust-lang/crates.io-index
    │ ╰─────────────────────────────────────────────────────────────────────┘ lock entries
    │  
    ├ rand_core v0.6.4
      ├── rand v0.8.6
      │   └── fail v0.5.1
      │       ├── (dev) redlinedb-bench v4.1.0
      │       ├── redlinedb-kernel v4.1.0
      │       │   ├── redlinedb v4.1.0
      │       │   │   ├── redlinedb-bench v4.1.0 (*)
      │       │   │   ├── redlinedb-cli v4.1.0
      │       │   │   ├── redlinedb-server v4.1.0
      │       │   │   ├── redlinedb-sqlx v4.1.0
      │       │   │   └── redlinedb-tokio v4.1.0
      │       │   ├── redlinedb-bench v4.1.0 (*)
      │       │   ├── redlinedb-ffi v4.1.0
      │       │   └── redlinedb-sql v4.1.0
      │       │       ├── redlinedb v4.1.0 (*)
      │       │       └── redlinedb-ffi v4.1.0 (*)
      │       └── (dev) redlinedb-sql v4.1.0 (*)
      └── rand_chacha v0.3.1
          └── rand v0.8.6 (*)
    ├ rand_core v0.9.5
      ├── rand v0.9.4
      │   ├── proptest v1.11.0
      │   │   ├── (dev) redlinedb-kernel v4.1.0
      │   │   │   ├── redlinedb v4.1.0
      │   │   │   │   ├── redlinedb-bench v4.1.0
      │   │   │   │   ├── redlinedb-cli v4.1.0
      │   │   │   │   ├── redlinedb-server v4.1.0
      │   │   │   │   ├── redlinedb-sqlx v4.1.0
      │   │   │   │   └── redlinedb-tokio v4.1.0
      │   │   │   ├── redlinedb-bench v4.1.0 (*)
      │   │   │   ├── redlinedb-ffi v4.1.0
      │   │   │   └── redlinedb-sql v4.1.0
      │   │   │       ├── redlinedb v4.1.0 (*)
      │   │   │       └── redlinedb-ffi v4.1.0 (*)
      │   │   └── (dev) redlinedb-sql v4.1.0 (*)
      │   └── redlinedb-bench v4.1.0 (*)
      ├── rand_chacha v0.9.0
      │   ├── proptest v1.11.0 (*)
      │   ├── rand v0.9.4 (*)
      │   └── redlinedb-bench v4.1.0 (*)
      └── rand_xorshift v0.4.0
          └── proptest v1.11.0 (*)

warning[duplicate]: found 4 duplicate entries for crate 'windows-sys'
    ┌─ /tmp/redline-family-ci-192313-1784173362536058738/redline-core/Cargo.lock:299:1
    │  
299 │ ╭ windows-sys 0.48.0 registry+https://github.com/rust-lang/crates.io-index
300 │ │ windows-sys 0.52.0 registry+https://github.com/rust-lang/crates.io-index
301 │ │ windows-sys 0.59.0 registry+https://github.com/rust-lang/crates.io-index
302 │ │ windows-sys 0.61.2 registry+https://github.com/rust-lang/crates.io-index
    │ ╰────────────────────────────────────────────────────────────────────────┘ lock entries
    │  
    ├ windows-sys v0.48.0
      ├── mio v0.8.11
      │   ├── crossterm v0.27.0
      │   │   └── redlinedb-cli v4.1.0
      │   └── signal-hook-mio v0.2.5
      │       └── crossterm v0.27.0 (*)
      └── winapi-util v0.1.11
          ├── same-file v1.0.6
          │   └── walkdir v2.5.0
          │       └── redlinedb-bench v4.1.0
          └── walkdir v2.5.0 (*)
    ├ windows-sys v0.52.0
      ├── errno v0.3.14
      │   ├── hwlocality v1.0.0-alpha.12
      │   │   └── redlinedb-kernel v4.1.0
      │   │       ├── redlinedb v4.1.0
      │   │       │   ├── redlinedb-bench v4.1.0
      │   │       │   ├── redlinedb-cli v4.1.0
      │   │       │   ├── redlinedb-server v4.1.0
      │   │       │   ├── redlinedb-sqlx v4.1.0
      │   │       │   └── redlinedb-tokio v4.1.0
      │   │       ├── redlinedb-bench v4.1.0 (*)
      │   │       ├── redlinedb-ffi v4.1.0
      │   │       └── redlinedb-sql v4.1.0
      │   │           ├── redlinedb v4.1.0 (*)
      │   │           └── redlinedb-ffi v4.1.0 (*)
      │   ├── rustix v1.1.4
      │   │   ├── fd-lock v4.0.4
      │   │   │   └── rustyline v14.0.0
      │   │   │       └── redlinedb-cli v4.1.0 (*)
      │   │   └── tempfile v3.27.0
      │   │       ├── proptest v1.11.0
      │   │       │   ├── (dev) redlinedb-kernel v4.1.0 (*)
      │   │       │   └── (dev) redlinedb-sql v4.1.0 (*)
      │   │       ├── (dev) redlinedb v4.1.0 (*)
      │   │       ├── redlinedb-bench v4.1.0 (*)
      │   │       ├── (dev) redlinedb-cli v4.1.0 (*)
      │   │       ├── (dev) redlinedb-ffi v4.1.0 (*)
      │   │       ├── (dev) redlinedb-kernel v4.1.0 (*)
      │   │       ├── (dev) redlinedb-server v4.1.0 (*)
      │   │       ├── (dev) redlinedb-sql v4.1.0 (*)
      │   │       ├── (dev) redlinedb-sqlx v4.1.0 (*)
      │   │       ├── (dev) redlinedb-tokio v4.1.0 (*)
      │   │       └── rusty-fork v0.3.1
      │   │           └── proptest v1.11.0 (*)
      │   └── signal-hook-registry v1.4.8
      │       ├── signal-hook v0.3.18
      │       │   ├── crossterm v0.27.0
      │       │   │   └── redlinedb-cli v4.1.0 (*)
      │       │   └── signal-hook-mio v0.2.5
      │       │       └── crossterm v0.27.0 (*)
      │       └── tokio v1.52.3
      │           ├── postgres v0.19.13
      │           │   └── (dev) redlinedb-sql v4.1.0 (*)
      │           ├── redlinedb v4.1.0 (*)
      │           ├── redlinedb-sqlx v4.1.0 (*)
      │           ├── redlinedb-tokio v4.1.0 (*)
      │           ├── sqlx-core v0.8.6
      │           │   └── redlinedb-sqlx v4.1.0 (*)
      │           ├── tokio-postgres v0.7.18
      │           │   └── postgres v0.19.13 (*)
      │           ├── tokio-stream v0.1.18
      │           │   └── sqlx-core v0.8.6 (*)
      │           └── tokio-util v0.7.18
      │               └── tokio-postgres v0.7.18 (*)
      ├── rustix v1.1.4 (*)
      ├── rustyline v14.0.0 (*)
      └── tempfile v3.27.0 (*)
    ├ windows-sys v0.59.0
      └── fd-lock v4.0.4
          └── rustyline v14.0.0
              └── redlinedb-cli v4.1.0
    ├ windows-sys v0.61.2
      ├── anstyle-query v1.1.5
      │   └── anstream v1.0.0
      │       └── clap_builder v4.6.0
      │           └── clap v4.6.1
      │               ├── redlinedb-bench v4.1.0
      │               └── redlinedb-cli v4.1.0
      ├── anstyle-wincon v3.0.11
      │   └── anstream v1.0.0 (*)
      ├── home v0.5.12
      │   └── rustyline v14.0.0
      │       └── redlinedb-cli v4.1.0 (*)
      ├── hwlocality v1.0.0-alpha.12
      │   └── redlinedb-kernel v4.1.0
      │       ├── redlinedb v4.1.0
      │       │   ├── redlinedb-bench v4.1.0 (*)
      │       │   ├── redlinedb-cli v4.1.0 (*)
      │       │   ├── redlinedb-server v4.1.0
      │       │   ├── redlinedb-sqlx v4.1.0
      │       │   └── redlinedb-tokio v4.1.0
      │       ├── redlinedb-bench v4.1.0 (*)
      │       ├── redlinedb-ffi v4.1.0
      │       └── redlinedb-sql v4.1.0
      │           ├── redlinedb v4.1.0 (*)
      │           └── redlinedb-ffi v4.1.0 (*)
      ├── hwlocality-sys v0.7.0
      │   └── hwlocality v1.0.0-alpha.12 (*)
      ├── mio v1.2.0
      │   └── tokio v1.52.3
      │       ├── postgres v0.19.13
      │       │   └── (dev) redlinedb-sql v4.1.0 (*)
      │       ├── redlinedb v4.1.0 (*)
      │       ├── redlinedb-sqlx v4.1.0 (*)
      │       ├── redlinedb-tokio v4.1.0 (*)
      │       ├── sqlx-core v0.8.6
      │       │   └── redlinedb-sqlx v4.1.0 (*)
      │       ├── tokio-postgres v0.7.18
      │       │   └── postgres v0.19.13 (*)
      │       ├── tokio-stream v0.1.18
      │       │   └── sqlx-core v0.8.6 (*)
      │       └── tokio-util v0.7.18
      │           └── tokio-postgres v0.7.18 (*)
      ├── socket2 v0.6.3
      │   ├── tokio v1.52.3 (*)
      │   └── tokio-postgres v0.7.18 (*)
      ├── stacker v0.1.24
      │   └── recursive v0.1.1
      │       └── sqlparser v0.61.0
      │           └── redlinedb-sql v4.1.0 (*)
      └── tokio v1.52.3 (*)

warning[duplicate]: found 2 duplicate entries for crate 'windows-targets'
    ┌─ /tmp/redline-family-ci-192313-1784173362536058738/redline-core/Cargo.lock:303:1
    │  
303 │ ╭ windows-targets 0.48.5 registry+https://github.com/rust-lang/crates.io-index
304 │ │ windows-targets 0.52.6 registry+https://github.com/rust-lang/crates.io-index
    │ ╰────────────────────────────────────────────────────────────────────────────┘ lock entries
    │  
    ├ windows-targets v0.48.5
      └── windows-sys v0.48.0
          ├── mio v0.8.11
          │   ├── crossterm v0.27.0
          │   │   └── redlinedb-cli v4.1.0
          │   └── signal-hook-mio v0.2.5
          │       └── crossterm v0.27.0 (*)
          └── winapi-util v0.1.11
              ├── same-file v1.0.6
              │   └── walkdir v2.5.0
              │       └── redlinedb-bench v4.1.0
              └── walkdir v2.5.0 (*)
    ├ windows-targets v0.52.6
      ├── windows-sys v0.52.0
      │   ├── errno v0.3.14
      │   │   ├── hwlocality v1.0.0-alpha.12
      │   │   │   └── redlinedb-kernel v4.1.0
      │   │   │       ├── redlinedb v4.1.0
      │   │   │       │   ├── redlinedb-bench v4.1.0
      │   │   │       │   ├── redlinedb-cli v4.1.0
      │   │   │       │   ├── redlinedb-server v4.1.0
      │   │   │       │   ├── redlinedb-sqlx v4.1.0
      │   │   │       │   └── redlinedb-tokio v4.1.0
      │   │   │       ├── redlinedb-bench v4.1.0 (*)
      │   │   │       ├── redlinedb-ffi v4.1.0
      │   │   │       └── redlinedb-sql v4.1.0
      │   │   │           ├── redlinedb v4.1.0 (*)
      │   │   │           └── redlinedb-ffi v4.1.0 (*)
      │   │   ├── rustix v1.1.4
      │   │   │   ├── fd-lock v4.0.4
      │   │   │   │   └── rustyline v14.0.0
      │   │   │   │       └── redlinedb-cli v4.1.0 (*)
      │   │   │   └── tempfile v3.27.0
      │   │   │       ├── proptest v1.11.0
      │   │   │       │   ├── (dev) redlinedb-kernel v4.1.0 (*)
      │   │   │       │   └── (dev) redlinedb-sql v4.1.0 (*)
      │   │   │       ├── (dev) redlinedb v4.1.0 (*)
      │   │   │       ├── redlinedb-bench v4.1.0 (*)
      │   │   │       ├── (dev) redlinedb-cli v4.1.0 (*)
      │   │   │       ├── (dev) redlinedb-ffi v4.1.0 (*)
      │   │   │       ├── (dev) redlinedb-kernel v4.1.0 (*)
      │   │   │       ├── (dev) redlinedb-server v4.1.0 (*)
      │   │   │       ├── (dev) redlinedb-sql v4.1.0 (*)
      │   │   │       ├── (dev) redlinedb-sqlx v4.1.0 (*)
      │   │   │       ├── (dev) redlinedb-tokio v4.1.0 (*)
      │   │   │       └── rusty-fork v0.3.1
      │   │   │           └── proptest v1.11.0 (*)
      │   │   └── signal-hook-registry v1.4.8
      │   │       ├── signal-hook v0.3.18
      │   │       │   ├── crossterm v0.27.0
      │   │       │   │   └── redlinedb-cli v4.1.0 (*)
      │   │       │   └── signal-hook-mio v0.2.5
      │   │       │       └── crossterm v0.27.0 (*)
      │   │       └── tokio v1.52.3
      │   │           ├── postgres v0.19.13
      │   │           │   └── (dev) redlinedb-sql v4.1.0 (*)
      │   │           ├── redlinedb v4.1.0 (*)
      │   │           ├── redlinedb-sqlx v4.1.0 (*)
      │   │           ├── redlinedb-tokio v4.1.0 (*)
      │   │           ├── sqlx-core v0.8.6
      │   │           │   └── redlinedb-sqlx v4.1.0 (*)
      │   │           ├── tokio-postgres v0.7.18
      │   │           │   └── postgres v0.19.13 (*)
      │   │           ├── tokio-stream v0.1.18
      │   │           │   └── sqlx-core v0.8.6 (*)
      │   │           └── tokio-util v0.7.18
      │   │               └── tokio-postgres v0.7.18 (*)
      │   ├── rustix v1.1.4 (*)
      │   ├── rustyline v14.0.0 (*)
      │   └── tempfile v3.27.0 (*)
      └── windows-sys v0.59.0
          └── fd-lock v4.0.4 (*)

warning[duplicate]: found 2 duplicate entries for crate 'windows_aarch64_gnullvm'
    ┌─ /tmp/redline-family-ci-192313-1784173362536058738/redline-core/Cargo.lock:305:1
    │  
305 │ ╭ windows_aarch64_gnullvm 0.48.5 registry+https://github.com/rust-lang/crates.io-index
306 │ │ windows_aarch64_gnullvm 0.52.6 registry+https://github.com/rust-lang/crates.io-index
    │ ╰────────────────────────────────────────────────────────────────────────────────────┘ lock entries
    │  
    ├ windows_aarch64_gnullvm v0.48.5
      └── windows-targets v0.48.5
          └── windows-sys v0.48.0
              ├── mio v0.8.11
              │   ├── crossterm v0.27.0
              │   │   └── redlinedb-cli v4.1.0
              │   └── signal-hook-mio v0.2.5
              │       └── crossterm v0.27.0 (*)
              └── winapi-util v0.1.11
                  ├── same-file v1.0.6
                  │   └── walkdir v2.5.0
                  │       └── redlinedb-bench v4.1.0
                  └── walkdir v2.5.0 (*)
    ├ windows_aarch64_gnullvm v0.52.6
      └── windows-targets v0.52.6
          ├── windows-sys v0.52.0
          │   ├── errno v0.3.14
          │   │   ├── hwlocality v1.0.0-alpha.12
          │   │   │   └── redlinedb-kernel v4.1.0
          │   │   │       ├── redlinedb v4.1.0
          │   │   │       │   ├── redlinedb-bench v4.1.0
          │   │   │       │   ├── redlinedb-cli v4.1.0
          │   │   │       │   ├── redlinedb-server v4.1.0
          │   │   │       │   ├── redlinedb-sqlx v4.1.0
          │   │   │       │   └── redlinedb-tokio v4.1.0
          │   │   │       ├── redlinedb-bench v4.1.0 (*)
          │   │   │       ├── redlinedb-ffi v4.1.0
          │   │   │       └── redlinedb-sql v4.1.0
          │   │   │           ├── redlinedb v4.1.0 (*)
          │   │   │           └── redlinedb-ffi v4.1.0 (*)
          │   │   ├── rustix v1.1.4
          │   │   │   ├── fd-lock v4.0.4
          │   │   │   │   └── rustyline v14.0.0
          │   │   │   │       └── redlinedb-cli v4.1.0 (*)
          │   │   │   └── tempfile v3.27.0
          │   │   │       ├── proptest v1.11.0
          │   │   │       │   ├── (dev) redlinedb-kernel v4.1.0 (*)
          │   │   │       │   └── (dev) redlinedb-sql v4.1.0 (*)
          │   │   │       ├── (dev) redlinedb v4.1.0 (*)
          │   │   │       ├── redlinedb-bench v4.1.0 (*)
          │   │   │       ├── (dev) redlinedb-cli v4.1.0 (*)
          │   │   │       ├── (dev) redlinedb-ffi v4.1.0 (*)
          │   │   │       ├── (dev) redlinedb-kernel v4.1.0 (*)
          │   │   │       ├── (dev) redlinedb-server v4.1.0 (*)
          │   │   │       ├── (dev) redlinedb-sql v4.1.0 (*)
          │   │   │       ├── (dev) redlinedb-sqlx v4.1.0 (*)
          │   │   │       ├── (dev) redlinedb-tokio v4.1.0 (*)
          │   │   │       └── rusty-fork v0.3.1
          │   │   │           └── proptest v1.11.0 (*)
          │   │   └── signal-hook-registry v1.4.8
          │   │       ├── signal-hook v0.3.18
          │   │       │   ├── crossterm v0.27.0
          │   │       │   │   └── redlinedb-cli v4.1.0 (*)
          │   │       │   └── signal-hook-mio v0.2.5
          │   │       │       └── crossterm v0.27.0 (*)
          │   │       └── tokio v1.52.3
          │   │           ├── postgres v0.19.13
          │   │           │   └── (dev) redlinedb-sql v4.1.0 (*)
          │   │           ├── redlinedb v4.1.0 (*)
          │   │           ├── redlinedb-sqlx v4.1.0 (*)
          │   │           ├── redlinedb-tokio v4.1.0 (*)
          │   │           ├── sqlx-core v0.8.6
          │   │           │   └── redlinedb-sqlx v4.1.0 (*)
          │   │           ├── tokio-postgres v0.7.18
          │   │           │   └── postgres v0.19.13 (*)
          │   │           ├── tokio-stream v0.1.18
          │   │           │   └── sqlx-core v0.8.6 (*)
          │   │           └── tokio-util v0.7.18
          │   │               └── tokio-postgres v0.7.18 (*)
          │   ├── rustix v1.1.4 (*)
          │   ├── rustyline v14.0.0 (*)
          │   └── tempfile v3.27.0 (*)
          └── windows-sys v0.59.0
              └── fd-lock v4.0.4 (*)

warning[duplicate]: found 2 duplicate entries for crate 'windows_aarch64_msvc'
    ┌─ /tmp/redline-family-ci-192313-1784173362536058738/redline-core/Cargo.lock:307:1
    │  
307 │ ╭ windows_aarch64_msvc 0.48.5 registry+https://github.com/rust-lang/crates.io-index
308 │ │ windows_aarch64_msvc 0.52.6 registry+https://github.com/rust-lang/crates.io-index
    │ ╰─────────────────────────────────────────────────────────────────────────────────┘ lock entries
    │  
    ├ windows_aarch64_msvc v0.48.5
      └── windows-targets v0.48.5
          └── windows-sys v0.48.0
              ├── mio v0.8.11
              │   ├── crossterm v0.27.0
              │   │   └── redlinedb-cli v4.1.0
              │   └── signal-hook-mio v0.2.5
              │       └── crossterm v0.27.0 (*)
              └── winapi-util v0.1.11
                  ├── same-file v1.0.6
                  │   └── walkdir v2.5.0
                  │       └── redlinedb-bench v4.1.0
                  └── walkdir v2.5.0 (*)
    ├ windows_aarch64_msvc v0.52.6
      └── windows-targets v0.52.6
          ├── windows-sys v0.52.0
          │   ├── errno v0.3.14
          │   │   ├── hwlocality v1.0.0-alpha.12
          │   │   │   └── redlinedb-kernel v4.1.0
          │   │   │       ├── redlinedb v4.1.0
          │   │   │       │   ├── redlinedb-bench v4.1.0
          │   │   │       │   ├── redlinedb-cli v4.1.0
          │   │   │       │   ├── redlinedb-server v4.1.0
          │   │   │       │   ├── redlinedb-sqlx v4.1.0
          │   │   │       │   └── redlinedb-tokio v4.1.0
          │   │   │       ├── redlinedb-bench v4.1.0 (*)
          │   │   │       ├── redlinedb-ffi v4.1.0
          │   │   │       └── redlinedb-sql v4.1.0
          │   │   │           ├── redlinedb v4.1.0 (*)
          │   │   │           └── redlinedb-ffi v4.1.0 (*)
          │   │   ├── rustix v1.1.4
          │   │   │   ├── fd-lock v4.0.4
          │   │   │   │   └── rustyline v14.0.0
          │   │   │   │       └── redlinedb-cli v4.1.0 (*)
          │   │   │   └── tempfile v3.27.0
          │   │   │       ├── proptest v1.11.0
          │   │   │       │   ├── (dev) redlinedb-kernel v4.1.0 (*)
          │   │   │       │   └── (dev) redlinedb-sql v4.1.0 (*)
          │   │   │       ├── (dev) redlinedb v4.1.0 (*)
          │   │   │       ├── redlinedb-bench v4.1.0 (*)
          │   │   │       ├── (dev) redlinedb-cli v4.1.0 (*)
          │   │   │       ├── (dev) redlinedb-ffi v4.1.0 (*)
          │   │   │       ├── (dev) redlinedb-kernel v4.1.0 (*)
          │   │   │       ├── (dev) redlinedb-server v4.1.0 (*)
          │   │   │       ├── (dev) redlinedb-sql v4.1.0 (*)
          │   │   │       ├── (dev) redlinedb-sqlx v4.1.0 (*)
          │   │   │       ├── (dev) redlinedb-tokio v4.1.0 (*)
          │   │   │       └── rusty-fork v0.3.1
          │   │   │           └── proptest v1.11.0 (*)
          │   │   └── signal-hook-registry v1.4.8
          │   │       ├── signal-hook v0.3.18
          │   │       │   ├── crossterm v0.27.0
          │   │       │   │   └── redlinedb-cli v4.1.0 (*)
          │   │       │   └── signal-hook-mio v0.2.5
          │   │       │       └── crossterm v0.27.0 (*)
          │   │       └── tokio v1.52.3
          │   │           ├── postgres v0.19.13
          │   │           │   └── (dev) redlinedb-sql v4.1.0 (*)
          │   │           ├── redlinedb v4.1.0 (*)
          │   │           ├── redlinedb-sqlx v4.1.0 (*)
          │   │           ├── redlinedb-tokio v4.1.0 (*)
          │   │           ├── sqlx-core v0.8.6
          │   │           │   └── redlinedb-sqlx v4.1.0 (*)
          │   │           ├── tokio-postgres v0.7.18
          │   │           │   └── postgres v0.19.13 (*)
          │   │           ├── tokio-stream v0.1.18
          │   │           │   └── sqlx-core v0.8.6 (*)
          │   │           └── tokio-util v0.7.18
          │   │               └── tokio-postgres v0.7.18 (*)
          │   ├── rustix v1.1.4 (*)
          │   ├── rustyline v14.0.0 (*)
          │   └── tempfile v3.27.0 (*)
          └── windows-sys v0.59.0
              └── fd-lock v4.0.4 (*)

warning[duplicate]: found 2 duplicate entries for crate 'windows_i686_gnu'
    ┌─ /tmp/redline-family-ci-192313-1784173362536058738/redline-core/Cargo.lock:309:1
    │  
309 │ ╭ windows_i686_gnu 0.48.5 registry+https://github.com/rust-lang/crates.io-index
310 │ │ windows_i686_gnu 0.52.6 registry+https://github.com/rust-lang/crates.io-index
    │ ╰─────────────────────────────────────────────────────────────────────────────┘ lock entries
    │  
    ├ windows_i686_gnu v0.48.5
      └── windows-targets v0.48.5
          └── windows-sys v0.48.0
              ├── mio v0.8.11
              │   ├── crossterm v0.27.0
              │   │   └── redlinedb-cli v4.1.0
              │   └── signal-hook-mio v0.2.5
              │       └── crossterm v0.27.0 (*)
              └── winapi-util v0.1.11
                  ├── same-file v1.0.6
                  │   └── walkdir v2.5.0
                  │       └── redlinedb-bench v4.1.0
                  └── walkdir v2.5.0 (*)
    ├ windows_i686_gnu v0.52.6
      └── windows-targets v0.52.6
          ├── windows-sys v0.52.0
          │   ├── errno v0.3.14
          │   │   ├── hwlocality v1.0.0-alpha.12
          │   │   │   └── redlinedb-kernel v4.1.0
          │   │   │       ├── redlinedb v4.1.0
          │   │   │       │   ├── redlinedb-bench v4.1.0
          │   │   │       │   ├── redlinedb-cli v4.1.0
          │   │   │       │   ├── redlinedb-server v4.1.0
          │   │   │       │   ├── redlinedb-sqlx v4.1.0
          │   │   │       │   └── redlinedb-tokio v4.1.0
          │   │   │       ├── redlinedb-bench v4.1.0 (*)
          │   │   │       ├── redlinedb-ffi v4.1.0
          │   │   │       └── redlinedb-sql v4.1.0
          │   │   │           ├── redlinedb v4.1.0 (*)
          │   │   │           └── redlinedb-ffi v4.1.0 (*)
          │   │   ├── rustix v1.1.4
          │   │   │   ├── fd-lock v4.0.4
          │   │   │   │   └── rustyline v14.0.0
          │   │   │   │       └── redlinedb-cli v4.1.0 (*)
          │   │   │   └── tempfile v3.27.0
          │   │   │       ├── proptest v1.11.0
          │   │   │       │   ├── (dev) redlinedb-kernel v4.1.0 (*)
          │   │   │       │   └── (dev) redlinedb-sql v4.1.0 (*)
          │   │   │       ├── (dev) redlinedb v4.1.0 (*)
          │   │   │       ├── redlinedb-bench v4.1.0 (*)
          │   │   │       ├── (dev) redlinedb-cli v4.1.0 (*)
          │   │   │       ├── (dev) redlinedb-ffi v4.1.0 (*)
          │   │   │       ├── (dev) redlinedb-kernel v4.1.0 (*)
          │   │   │       ├── (dev) redlinedb-server v4.1.0 (*)
          │   │   │       ├── (dev) redlinedb-sql v4.1.0 (*)
          │   │   │       ├── (dev) redlinedb-sqlx v4.1.0 (*)
          │   │   │       ├── (dev) redlinedb-tokio v4.1.0 (*)
          │   │   │       └── rusty-fork v0.3.1
          │   │   │           └── proptest v1.11.0 (*)
          │   │   └── signal-hook-registry v1.4.8
          │   │       ├── signal-hook v0.3.18
          │   │       │   ├── crossterm v0.27.0
          │   │       │   │   └── redlinedb-cli v4.1.0 (*)
          │   │       │   └── signal-hook-mio v0.2.5
          │   │       │       └── crossterm v0.27.0 (*)
          │   │       └── tokio v1.52.3
          │   │           ├── postgres v0.19.13
          │   │           │   └── (dev) redlinedb-sql v4.1.0 (*)
          │   │           ├── redlinedb v4.1.0 (*)
          │   │           ├── redlinedb-sqlx v4.1.0 (*)
          │   │           ├── redlinedb-tokio v4.1.0 (*)
          │   │           ├── sqlx-core v0.8.6
          │   │           │   └── redlinedb-sqlx v4.1.0 (*)
          │   │           ├── tokio-postgres v0.7.18
          │   │           │   └── postgres v0.19.13 (*)
          │   │           ├── tokio-stream v0.1.18
          │   │           │   └── sqlx-core v0.8.6 (*)
          │   │           └── tokio-util v0.7.18
          │   │               └── tokio-postgres v0.7.18 (*)
          │   ├── rustix v1.1.4 (*)
          │   ├── rustyline v14.0.0 (*)
          │   └── tempfile v3.27.0 (*)
          └── windows-sys v0.59.0
              └── fd-lock v4.0.4 (*)

warning[duplicate]: found 2 duplicate entries for crate 'windows_i686_msvc'
    ┌─ /tmp/redline-family-ci-192313-1784173362536058738/redline-core/Cargo.lock:312:1
    │  
312 │ ╭ windows_i686_msvc 0.48.5 registry+https://github.com/rust-lang/crates.io-index
313 │ │ windows_i686_msvc 0.52.6 registry+https://github.com/rust-lang/crates.io-index
    │ ╰──────────────────────────────────────────────────────────────────────────────┘ lock entries
    │  
    ├ windows_i686_msvc v0.48.5
      └── windows-targets v0.48.5
          └── windows-sys v0.48.0
              ├── mio v0.8.11
              │   ├── crossterm v0.27.0
              │   │   └── redlinedb-cli v4.1.0
              │   └── signal-hook-mio v0.2.5
              │       └── crossterm v0.27.0 (*)
              └── winapi-util v0.1.11
                  ├── same-file v1.0.6
                  │   └── walkdir v2.5.0
                  │       └── redlinedb-bench v4.1.0
                  └── walkdir v2.5.0 (*)
    ├ windows_i686_msvc v0.52.6
      └── windows-targets v0.52.6
          ├── windows-sys v0.52.0
          │   ├── errno v0.3.14
          │   │   ├── hwlocality v1.0.0-alpha.12
          │   │   │   └── redlinedb-kernel v4.1.0
          │   │   │       ├── redlinedb v4.1.0
          │   │   │       │   ├── redlinedb-bench v4.1.0
          │   │   │       │   ├── redlinedb-cli v4.1.0
          │   │   │       │   ├── redlinedb-server v4.1.0
          │   │   │       │   ├── redlinedb-sqlx v4.1.0
          │   │   │       │   └── redlinedb-tokio v4.1.0
          │   │   │       ├── redlinedb-bench v4.1.0 (*)
          │   │   │       ├── redlinedb-ffi v4.1.0
          │   │   │       └── redlinedb-sql v4.1.0
          │   │   │           ├── redlinedb v4.1.0 (*)
          │   │   │           └── redlinedb-ffi v4.1.0 (*)
          │   │   ├── rustix v1.1.4
          │   │   │   ├── fd-lock v4.0.4
          │   │   │   │   └── rustyline v14.0.0
          │   │   │   │       └── redlinedb-cli v4.1.0 (*)
          │   │   │   └── tempfile v3.27.0
          │   │   │       ├── proptest v1.11.0
          │   │   │       │   ├── (dev) redlinedb-kernel v4.1.0 (*)
          │   │   │       │   └── (dev) redlinedb-sql v4.1.0 (*)
          │   │   │       ├── (dev) redlinedb v4.1.0 (*)
          │   │   │       ├── redlinedb-bench v4.1.0 (*)
          │   │   │       ├── (dev) redlinedb-cli v4.1.0 (*)
          │   │   │       ├── (dev) redlinedb-ffi v4.1.0 (*)
          │   │   │       ├── (dev) redlinedb-kernel v4.1.0 (*)
          │   │   │       ├── (dev) redlinedb-server v4.1.0 (*)
          │   │   │       ├── (dev) redlinedb-sql v4.1.0 (*)
          │   │   │       ├── (dev) redlinedb-sqlx v4.1.0 (*)
          │   │   │       ├── (dev) redlinedb-tokio v4.1.0 (*)
          │   │   │       └── rusty-fork v0.3.1
          │   │   │           └── proptest v1.11.0 (*)
          │   │   └── signal-hook-registry v1.4.8
          │   │       ├── signal-hook v0.3.18
          │   │       │   ├── crossterm v0.27.0
          │   │       │   │   └── redlinedb-cli v4.1.0 (*)
          │   │       │   └── signal-hook-mio v0.2.5
          │   │       │       └── crossterm v0.27.0 (*)
          │   │       └── tokio v1.52.3
          │   │           ├── postgres v0.19.13
          │   │           │   └── (dev) redlinedb-sql v4.1.0 (*)
          │   │           ├── redlinedb v4.1.0 (*)
          │   │           ├── redlinedb-sqlx v4.1.0 (*)
          │   │           ├── redlinedb-tokio v4.1.0 (*)
          │   │           ├── sqlx-core v0.8.6
          │   │           │   └── redlinedb-sqlx v4.1.0 (*)
          │   │           ├── tokio-postgres v0.7.18
          │   │           │   └── postgres v0.19.13 (*)
          │   │           ├── tokio-stream v0.1.18
          │   │           │   └── sqlx-core v0.8.6 (*)
          │   │           └── tokio-util v0.7.18
          │   │               └── tokio-postgres v0.7.18 (*)
          │   ├── rustix v1.1.4 (*)
          │   ├── rustyline v14.0.0 (*)
          │   └── tempfile v3.27.0 (*)
          └── windows-sys v0.59.0
              └── fd-lock v4.0.4 (*)

warning[duplicate]: found 2 duplicate entries for crate 'windows_x86_64_gnu'
    ┌─ /tmp/redline-family-ci-192313-1784173362536058738/redline-core/Cargo.lock:314:1
    │  
314 │ ╭ windows_x86_64_gnu 0.48.5 registry+https://github.com/rust-lang/crates.io-index
315 │ │ windows_x86_64_gnu 0.52.6 registry+https://github.com/rust-lang/crates.io-index
    │ ╰───────────────────────────────────────────────────────────────────────────────┘ lock entries
    │  
    ├ windows_x86_64_gnu v0.48.5
      └── windows-targets v0.48.5
          └── windows-sys v0.48.0
              ├── mio v0.8.11
              │   ├── crossterm v0.27.0
              │   │   └── redlinedb-cli v4.1.0
              │   └── signal-hook-mio v0.2.5
              │       └── crossterm v0.27.0 (*)
              └── winapi-util v0.1.11
                  ├── same-file v1.0.6
                  │   └── walkdir v2.5.0
                  │       └── redlinedb-bench v4.1.0
                  └── walkdir v2.5.0 (*)
    ├ windows_x86_64_gnu v0.52.6
      └── windows-targets v0.52.6
          ├── windows-sys v0.52.0
          │   ├── errno v0.3.14
          │   │   ├── hwlocality v1.0.0-alpha.12
          │   │   │   └── redlinedb-kernel v4.1.0
          │   │   │       ├── redlinedb v4.1.0
          │   │   │       │   ├── redlinedb-bench v4.1.0
          │   │   │       │   ├── redlinedb-cli v4.1.0
          │   │   │       │   ├── redlinedb-server v4.1.0
          │   │   │       │   ├── redlinedb-sqlx v4.1.0
          │   │   │       │   └── redlinedb-tokio v4.1.0
          │   │   │       ├── redlinedb-bench v4.1.0 (*)
          │   │   │       ├── redlinedb-ffi v4.1.0
          │   │   │       └── redlinedb-sql v4.1.0
          │   │   │           ├── redlinedb v4.1.0 (*)
          │   │   │           └── redlinedb-ffi v4.1.0 (*)
          │   │   ├── rustix v1.1.4
          │   │   │   ├── fd-lock v4.0.4
          │   │   │   │   └── rustyline v14.0.0
          │   │   │   │       └── redlinedb-cli v4.1.0 (*)
          │   │   │   └── tempfile v3.27.0
          │   │   │       ├── proptest v1.11.0
          │   │   │       │   ├── (dev) redlinedb-kernel v4.1.0 (*)
          │   │   │       │   └── (dev) redlinedb-sql v4.1.0 (*)
          │   │   │       ├── (dev) redlinedb v4.1.0 (*)
          │   │   │       ├── redlinedb-bench v4.1.0 (*)
          │   │   │       ├── (dev) redlinedb-cli v4.1.0 (*)
          │   │   │       ├── (dev) redlinedb-ffi v4.1.0 (*)
          │   │   │       ├── (dev) redlinedb-kernel v4.1.0 (*)
          │   │   │       ├── (dev) redlinedb-server v4.1.0 (*)
          │   │   │       ├── (dev) redlinedb-sql v4.1.0 (*)
          │   │   │       ├── (dev) redlinedb-sqlx v4.1.0 (*)
          │   │   │       ├── (dev) redlinedb-tokio v4.1.0 (*)
          │   │   │       └── rusty-fork v0.3.1
          │   │   │           └── proptest v1.11.0 (*)
          │   │   └── signal-hook-registry v1.4.8
          │   │       ├── signal-hook v0.3.18
          │   │       │   ├── crossterm v0.27.0
          │   │       │   │   └── redlinedb-cli v4.1.0 (*)
          │   │       │   └── signal-hook-mio v0.2.5
          │   │       │       └── crossterm v0.27.0 (*)
          │   │       └── tokio v1.52.3
          │   │           ├── postgres v0.19.13
          │   │           │   └── (dev) redlinedb-sql v4.1.0 (*)
          │   │           ├── redlinedb v4.1.0 (*)
          │   │           ├── redlinedb-sqlx v4.1.0 (*)
          │   │           ├── redlinedb-tokio v4.1.0 (*)
          │   │           ├── sqlx-core v0.8.6
          │   │           │   └── redlinedb-sqlx v4.1.0 (*)
          │   │           ├── tokio-postgres v0.7.18
          │   │           │   └── postgres v0.19.13 (*)
          │   │           ├── tokio-stream v0.1.18
          │   │           │   └── sqlx-core v0.8.6 (*)
          │   │           └── tokio-util v0.7.18
          │   │               └── tokio-postgres v0.7.18 (*)
          │   ├── rustix v1.1.4 (*)
          │   ├── rustyline v14.0.0 (*)
          │   └── tempfile v3.27.0 (*)
          └── windows-sys v0.59.0
              └── fd-lock v4.0.4 (*)

warning[duplicate]: found 2 duplicate entries for crate 'windows_x86_64_gnullvm'
    ┌─ /tmp/redline-family-ci-192313-1784173362536058738/redline-core/Cargo.lock:316:1
    │  
316 │ ╭ windows_x86_64_gnullvm 0.48.5 registry+https://github.com/rust-lang/crates.io-index
317 │ │ windows_x86_64_gnullvm 0.52.6 registry+https://github.com/rust-lang/crates.io-index
    │ ╰───────────────────────────────────────────────────────────────────────────────────┘ lock entries
    │  
    ├ windows_x86_64_gnullvm v0.48.5
      └── windows-targets v0.48.5
          └── windows-sys v0.48.0
              ├── mio v0.8.11
              │   ├── crossterm v0.27.0
              │   │   └── redlinedb-cli v4.1.0
              │   └── signal-hook-mio v0.2.5
              │       └── crossterm v0.27.0 (*)
              └── winapi-util v0.1.11
                  ├── same-file v1.0.6
                  │   └── walkdir v2.5.0
                  │       └── redlinedb-bench v4.1.0
                  └── walkdir v2.5.0 (*)
    ├ windows_x86_64_gnullvm v0.52.6
      └── windows-targets v0.52.6
          ├── windows-sys v0.52.0
          │   ├── errno v0.3.14
          │   │   ├── hwlocality v1.0.0-alpha.12
          │   │   │   └── redlinedb-kernel v4.1.0
          │   │   │       ├── redlinedb v4.1.0
          │   │   │       │   ├── redlinedb-bench v4.1.0
          │   │   │       │   ├── redlinedb-cli v4.1.0
          │   │   │       │   ├── redlinedb-server v4.1.0
          │   │   │       │   ├── redlinedb-sqlx v4.1.0
          │   │   │       │   └── redlinedb-tokio v4.1.0
          │   │   │       ├── redlinedb-bench v4.1.0 (*)
          │   │   │       ├── redlinedb-ffi v4.1.0
          │   │   │       └── redlinedb-sql v4.1.0
          │   │   │           ├── redlinedb v4.1.0 (*)
          │   │   │           └── redlinedb-ffi v4.1.0 (*)
          │   │   ├── rustix v1.1.4
          │   │   │   ├── fd-lock v4.0.4
          │   │   │   │   └── rustyline v14.0.0
          │   │   │   │       └── redlinedb-cli v4.1.0 (*)
          │   │   │   └── tempfile v3.27.0
          │   │   │       ├── proptest v1.11.0
          │   │   │       │   ├── (dev) redlinedb-kernel v4.1.0 (*)
          │   │   │       │   └── (dev) redlinedb-sql v4.1.0 (*)
          │   │   │       ├── (dev) redlinedb v4.1.0 (*)
          │   │   │       ├── redlinedb-bench v4.1.0 (*)
          │   │   │       ├── (dev) redlinedb-cli v4.1.0 (*)
          │   │   │       ├── (dev) redlinedb-ffi v4.1.0 (*)
          │   │   │       ├── (dev) redlinedb-kernel v4.1.0 (*)
          │   │   │       ├── (dev) redlinedb-server v4.1.0 (*)
          │   │   │       ├── (dev) redlinedb-sql v4.1.0 (*)
          │   │   │       ├── (dev) redlinedb-sqlx v4.1.0 (*)
          │   │   │       ├── (dev) redlinedb-tokio v4.1.0 (*)
          │   │   │       └── rusty-fork v0.3.1
          │   │   │           └── proptest v1.11.0 (*)
          │   │   └── signal-hook-registry v1.4.8
          │   │       ├── signal-hook v0.3.18
          │   │       │   ├── crossterm v0.27.0
          │   │       │   │   └── redlinedb-cli v4.1.0 (*)
          │   │       │   └── signal-hook-mio v0.2.5
          │   │       │       └── crossterm v0.27.0 (*)
          │   │       └── tokio v1.52.3
          │   │           ├── postgres v0.19.13
          │   │           │   └── (dev) redlinedb-sql v4.1.0 (*)
          │   │           ├── redlinedb v4.1.0 (*)
          │   │           ├── redlinedb-sqlx v4.1.0 (*)
          │   │           ├── redlinedb-tokio v4.1.0 (*)
          │   │           ├── sqlx-core v0.8.6
          │   │           │   └── redlinedb-sqlx v4.1.0 (*)
          │   │           ├── tokio-postgres v0.7.18
          │   │           │   └── postgres v0.19.13 (*)
          │   │           ├── tokio-stream v0.1.18
          │   │           │   └── sqlx-core v0.8.6 (*)
          │   │           └── tokio-util v0.7.18
          │   │               └── tokio-postgres v0.7.18 (*)
          │   ├── rustix v1.1.4 (*)
          │   ├── rustyline v14.0.0 (*)
          │   └── tempfile v3.27.0 (*)
          └── windows-sys v0.59.0
              └── fd-lock v4.0.4 (*)

warning[duplicate]: found 2 duplicate entries for crate 'windows_x86_64_msvc'
    ┌─ /tmp/redline-family-ci-192313-1784173362536058738/redline-core/Cargo.lock:318:1
    │  
318 │ ╭ windows_x86_64_msvc 0.48.5 registry+https://github.com/rust-lang/crates.io-index
319 │ │ windows_x86_64_msvc 0.52.6 registry+https://github.com/rust-lang/crates.io-index
    │ ╰────────────────────────────────────────────────────────────────────────────────┘ lock entries
    │  
    ├ windows_x86_64_msvc v0.48.5
      └── windows-targets v0.48.5
          └── windows-sys v0.48.0
              ├── mio v0.8.11
              │   ├── crossterm v0.27.0
              │   │   └── redlinedb-cli v4.1.0
              │   └── signal-hook-mio v0.2.5
              │       └── crossterm v0.27.0 (*)
              └── winapi-util v0.1.11
                  ├── same-file v1.0.6
                  │   └── walkdir v2.5.0
                  │       └── redlinedb-bench v4.1.0
                  └── walkdir v2.5.0 (*)
    ├ windows_x86_64_msvc v0.52.6
      └── windows-targets v0.52.6
          ├── windows-sys v0.52.0
          │   ├── errno v0.3.14
          │   │   ├── hwlocality v1.0.0-alpha.12
          │   │   │   └── redlinedb-kernel v4.1.0
          │   │   │       ├── redlinedb v4.1.0
          │   │   │       │   ├── redlinedb-bench v4.1.0
          │   │   │       │   ├── redlinedb-cli v4.1.0
          │   │   │       │   ├── redlinedb-server v4.1.0
          │   │   │       │   ├── redlinedb-sqlx v4.1.0
          │   │   │       │   └── redlinedb-tokio v4.1.0
          │   │   │       ├── redlinedb-bench v4.1.0 (*)
          │   │   │       ├── redlinedb-ffi v4.1.0
          │   │   │       └── redlinedb-sql v4.1.0
          │   │   │           ├── redlinedb v4.1.0 (*)
          │   │   │           └── redlinedb-ffi v4.1.0 (*)
          │   │   ├── rustix v1.1.4
          │   │   │   ├── fd-lock v4.0.4
          │   │   │   │   └── rustyline v14.0.0
          │   │   │   │       └── redlinedb-cli v4.1.0 (*)
          │   │   │   └── tempfile v3.27.0
          │   │   │       ├── proptest v1.11.0
          │   │   │       │   ├── (dev) redlinedb-kernel v4.1.0 (*)
          │   │   │       │   └── (dev) redlinedb-sql v4.1.0 (*)
          │   │   │       ├── (dev) redlinedb v4.1.0 (*)
          │   │   │       ├── redlinedb-bench v4.1.0 (*)
          │   │   │       ├── (dev) redlinedb-cli v4.1.0 (*)
          │   │   │       ├── (dev) redlinedb-ffi v4.1.0 (*)
          │   │   │       ├── (dev) redlinedb-kernel v4.1.0 (*)
          │   │   │       ├── (dev) redlinedb-server v4.1.0 (*)
          │   │   │       ├── (dev) redlinedb-sql v4.1.0 (*)
          │   │   │       ├── (dev) redlinedb-sqlx v4.1.0 (*)
          │   │   │       ├── (dev) redlinedb-tokio v4.1.0 (*)
          │   │   │       └── rusty-fork v0.3.1
          │   │   │           └── proptest v1.11.0 (*)
          │   │   └── signal-hook-registry v1.4.8
          │   │       ├── signal-hook v0.3.18
          │   │       │   ├── crossterm v0.27.0
          │   │       │   │   └── redlinedb-cli v4.1.0 (*)
          │   │       │   └── signal-hook-mio v0.2.5
          │   │       │       └── crossterm v0.27.0 (*)
          │   │       └── tokio v1.52.3
          │   │           ├── postgres v0.19.13
          │   │           │   └── (dev) redlinedb-sql v4.1.0 (*)
          │   │           ├── redlinedb v4.1.0 (*)
          │   │           ├── redlinedb-sqlx v4.1.0 (*)
          │   │           ├── redlinedb-tokio v4.1.0 (*)
          │   │           ├── sqlx-core v0.8.6
          │   │           │   └── redlinedb-sqlx v4.1.0 (*)
          │   │           ├── tokio-postgres v0.7.18
          │   │           │   └── postgres v0.19.13 (*)
          │   │           ├── tokio-stream v0.1.18
          │   │           │   └── sqlx-core v0.8.6 (*)
          │   │           └── tokio-util v0.7.18
          │   │               └── tokio-postgres v0.7.18 (*)
          │   ├── rustix v1.1.4 (*)
          │   ├── rustyline v14.0.0 (*)
          │   └── tempfile v3.27.0 (*)
          └── windows-sys v0.59.0
              └── fd-lock v4.0.4 (*)

advisories ok, bans ok, licenses ok, sources ok
    Updating git repository `http://127.0.0.1:8787/git/jeryu/jankurai.git`
  Installing jankurai v1.6.10 (http://127.0.0.1:8787/git/jeryu/jankurai.git?rev=3c804453e6c7a6e0e4028d95cc3bccea467277ef#3c804453)
    Updating crates.io index
   Compiling quote v1.0.45
   Compiling proc-macro2 v1.0.106
   Compiling unicode-ident v1.0.24
   Compiling serde_core v1.0.228
   Compiling libc v0.2.186
   Compiling stable_deref_trait v1.2.1
   Compiling memchr v2.8.0
   Compiling crossbeam-utils v0.8.21
   Compiling serde v1.0.228
   Compiling version_check v0.9.5
   Compiling litemap v0.8.2
   Compiling writeable v0.6.3
   Compiling zmij v1.0.21
   Compiling serde_json v1.0.149
   Compiling itoa v1.0.18
   Compiling log v0.4.29
   Compiling icu_properties_data v2.2.0
   Compiling utf8_iter v1.0.4
   Compiling icu_normalizer_data v2.2.0
   Compiling cfg-if v1.0.4
   Compiling anyhow v1.0.102
   Compiling typenum v1.20.0
   Compiling autocfg v1.5.0
   Compiling regex-syntax v0.8.10
   Compiling thiserror v1.0.69
   Compiling smallvec v1.15.1
   Compiling utf8parse v0.2.2
   Compiling winnow v1.0.2
   Compiling cfg_aliases v0.1.1
   Compiling anstyle-parse v1.0.0
   Compiling anstyle v1.0.14
   Compiling generic-array v0.14.7
   Compiling same-file v1.0.6
   Compiling nix v0.28.0
   Compiling toml_writer v1.1.1+spec-1.1.0
   Compiling is_terminal_polyfill v1.70.2
   Compiling num-traits v0.2.19
   Compiling thiserror v2.0.18
   Compiling colorchoice v1.0.5
   Compiling winnow v0.7.15
   Compiling anstyle-query v1.1.5
   Compiling aho-corasick v1.1.4
   Compiling toml_parser v1.1.2+spec-1.1.0
   Compiling anstream v1.0.0
   Compiling bstr v1.12.1
   Compiling walkdir v2.5.0
   Compiling percent-encoding v2.3.2
   Compiling bitflags v2.11.1
   Compiling once_cell v1.21.4
   Compiling heck v0.5.0
   Compiling strsim v0.11.1
   Compiling camino v1.2.2
   Compiling clap_lex v1.1.0
   Compiling portable-atomic v1.13.1
   Compiling bitflags v1.3.2
   Compiling rayon-core v1.13.0
   Compiling form_urlencoded v1.2.2
   Compiling equivalent v1.0.2
   Compiling downcast-rs v1.2.1
   Compiling clap_builder v4.6.0
   Compiling unicode-width v0.2.2
   Compiling cpufeatures v0.2.17
   Compiling hashbrown v0.17.0
   Compiling shell-words v1.1.1
   Compiling iana-time-zone v0.1.65
   Compiling crossbeam-epoch v0.9.18
   Compiling crossbeam-channel v0.5.15
   Compiling number_prefix v0.4.0
   Compiling unsafe-libyaml v0.2.11
   Compiling base64 v0.22.1
   Compiling either v1.15.0
   Compiling ryu v1.0.23
   Compiling crypto-common v0.1.7
   Compiling block-buffer v0.10.4
   Compiling crossbeam-deque v0.8.6
   Compiling syn v2.0.117
   Compiling digest v0.10.7
   Compiling chrono v0.4.44
   Compiling sha2 v0.10.9
   Compiling indexmap v2.14.0
   Compiling regex-automata v0.4.14
   Compiling rayon v1.12.0
   Compiling inotify-sys v0.1.5
   Compiling inotify v0.9.6
   Compiling serial2 v0.2.36
   Compiling mio v0.8.11
   Compiling filetime v0.2.29
   Compiling console v0.15.11
   Compiling notify v6.1.1
   Compiling indicatif v0.17.11
   Compiling serde_spanned v1.1.1
   Compiling toml_datetime v0.7.5+spec-1.1.0
   Compiling semver v1.0.28
   Compiling toml v0.9.12+spec-1.1.0
   Compiling globset v0.4.18
   Compiling synstructure v0.13.2
   Compiling regex v1.12.3
   Compiling ignore v0.4.25
   Compiling zerofrom-derive v0.1.7
   Compiling yoke-derive v0.8.2
   Compiling zerovec-derive v0.11.3
   Compiling displaydoc v0.2.5
   Compiling serde_derive v1.0.228
   Compiling thiserror-impl v1.0.69
   Compiling thiserror-impl v2.0.18
   Compiling clap_derive v4.6.1
   Compiling zerofrom v0.1.7
   Compiling yoke v0.8.2
   Compiling zerovec v0.11.6
   Compiling zerotrie v0.2.4
   Compiling filedescriptor v0.8.3
   Compiling portable-pty v0.9.0
   Compiling clap v4.6.1
   Compiling tinystr v0.8.3
   Compiling potential_utf v0.1.5
   Compiling icu_collections v2.2.0
   Compiling icu_locale_core v2.2.0
   Compiling icu_provider v2.2.0
   Compiling icu_properties v2.2.0
   Compiling icu_normalizer v2.2.0
   Compiling cargo-platform v0.1.9
   Compiling jankurai-proofbind v0.8.0 (/home/ubuntu/.cargo/git/checkouts/jankurai-e6549eec6e28157b/3c80445/crates/jankurai-proofbind)
   Compiling serde_yaml v0.9.34+deprecated
   Compiling jankurai-guard v0.1.0 (/home/ubuntu/.cargo/git/checkouts/jankurai-e6549eec6e28157b/3c80445/crates/jankurai-guard)
   Compiling cargo_metadata v0.19.2
   Compiling jankurai-proofmark v0.8.0 (/home/ubuntu/.cargo/git/checkouts/jankurai-e6549eec6e28157b/3c80445/crates/jankurai-proofmark)
   Compiling idna_adapter v1.2.2
   Compiling idna v1.1.0
   Compiling url v2.5.8
   Compiling ureq v2.12.1
   Compiling jankurai v1.6.10 (/home/ubuntu/.cargo/git/checkouts/jankurai-e6549eec6e28157b/3c80445/crates/jankurai)
    Finished `release` profile [optimized] target(s) in 48.08s
  Installing /tmp/jankurai-release.ThyTuc/install-root/bin/jankurai
   Installed package `jankurai v1.6.10 (http://127.0.0.1:8787/git/jeryu/jankurai.git?rev=3c804453e6c7a6e0e4028d95cc3bccea467277ef#3c804453)` (executable `jankurai`)
warning: be sure to add `/tmp/jankurai-release.ThyTuc/install-root/bin` to your PATH to be able to run the installed binaries
jankurai runtime schemas verified: /home/ubuntu/.cargo/git/checkouts/jankurai-e6549eec6e28157b/3c80445/schemas
jankurai source verified: http://127.0.0.1:8787/git/jeryu/jankurai.git v1.6.10 3c804453e6c7a6e0e4028d95cc3bccea467277ef
jankurai installed: /home/ubuntu/.cargo/bin/jankurai (jankurai 1.6.10)
jankurai 1.6.10
[smart] full scan — no prior state
score history appended ./.jankurai/score-history.jsonl
score=88 raw=88 caps=0 findings=2
baseline sourced from origin/main
[smart] full scan — no prior state
score history appended ./.jankurai/score-history.jsonl
score=88 raw=88 caps=0 findings=2
Error: audit decision failed in ratchet mode: status=fail score=88 minimum_score=85 hard_findings=0
warning: field `name` is never read
    --> crates/sql/src/parser.rs:4705:18
     |
4705 |     InlineExpr { name: String, body: String },
     |     ----------   ^^^^
     |     |
     |     field in this variant
     |
     = note: `#[warn(dead_code)]` (part of `#[warn(unused)]`) on by default

warning: field `single_col_name` is never read
    --> crates/sql/src/parser.rs:4708:22
     |
4708 |     ScalarSubquery { single_col_name: String },
     |     --------------   ^^^^^^^^^^^^^^^
     |     |
     |     field in this variant

jankurai ratchet accepted: no score drop, new caps, or new hard findings vs baseline
ok: file:AGENTS.md - present
high: file:agent/JANKURAI_STANDARD.md - missing required jankurai control file
ok: file:agent/owner-map.json - present
ok: file:agent/test-map.json - present
ok: file:agent/generated-zones.toml - present
ok: file:agent/proof-lanes.toml - present
high: file:agent/standard-version.toml - missing required jankurai control file
ok: file:.jankurai/repo-score.json - present
ok: file:.jankurai/repo-score.md - present
ok: file:agent/boundaries.toml - present
high: file:agent/security-policy.toml - missing required jankurai control file
ok: file:tools/security-lane.sh - present
ok: file:db/README.md - present
medium: severity-discipline - severity claim should carry Severity-Justified: or Blocker-Type: evidence
medium: severity-discipline - severity claim should carry Severity-Justified: or Blocker-Type: evidence
medium: severity-discipline - severity claim should carry Severity-Justified: or Blocker-Type: evidence
medium: severity-discipline - severity claim should carry Severity-Justified: or Blocker-Type: evidence
medium: severity-discipline - severity claim should carry Severity-Justified: or Blocker-Type: evidence
medium: severity-discipline - severity claim should carry Severity-Justified: or Blocker-Type: evidence
medium: severity-discipline - severity claim should carry Severity-Justified: or Blocker-Type: evidence
medium: severity-discipline - severity claim should carry Severity-Justified: or Blocker-Type: evidence
medium: severity-discipline - severity claim should carry Severity-Justified: or Blocker-Type: evidence
medium: severity-discipline - severity claim should carry Severity-Justified: or Blocker-Type: evidence
medium: severity-discipline - severity claim should carry Severity-Justified: or Blocker-Type: evidence
medium: severity-discipline - severity claim should carry Severity-Justified: or Blocker-Type: evidence
medium: severity-discipline - severity claim should carry Severity-Justified: or Blocker-Type: evidence
medium: severity-discipline - severity claim should carry Severity-Justified: or Blocker-Type: evidence
medium: severity-discipline - severity claim should carry Severity-Justified: or Blocker-Type: evidence
medium: severity-discipline - severity claim should carry Severity-Justified: or Blocker-Type: evidence
medium: severity-discipline - severity claim should carry Severity-Justified: or Blocker-Type: evidence
medium: severity-discipline - severity claim should carry Severity-Justified: or Blocker-Type: evidence
medium: severity-discipline - severity claim should carry Severity-Justified: or Blocker-Type: evidence
medium: severity-discipline - severity claim should carry Severity-Justified: or Blocker-Type: evidence
medium: severity-discipline - severity claim should carry Severity-Justified: or Blocker-Type: evidence
medium: severity-discipline - severity claim should carry Severity-Justified: or Blocker-Type: evidence
medium: severity-discipline - severity claim should carry Severity-Justified: or Blocker-Type: evidence
medium: severity-discipline - severity claim should carry Severity-Justified: or Blocker-Type: evidence
medium: severity-discipline - severity claim should carry Severity-Justified: or Blocker-Type: evidence
medium: severity-discipline - severity claim should carry Severity-Justified: or Blocker-Type: evidence
medium: severity-discipline - severity claim should carry Severity-Justified: or Blocker-Type: evidence
medium: severity-discipline - severity claim should carry Severity-Justified: or Blocker-Type: evidence
medium: severity-discipline - severity claim should carry Severity-Justified: or Blocker-Type: evidence
medium: severity-discipline - severity claim should carry Severity-Justified: or Blocker-Type: evidence
medium: severity-discipline - severity claim should carry Severity-Justified: or Blocker-Type: evidence
medium: severity-discipline - severity claim should carry Severity-Justified: or Blocker-Type: evidence
medium: severity-discipline - severity claim should carry Severity-Justified: or Blocker-Type: evidence
medium: severity-discipline - severity claim should carry Severity-Justified: or Blocker-Type: evidence
medium: severity-discipline - severity claim should carry Severity-Justified: or Blocker-Type: evidence
medium: severity-discipline - severity claim should carry Severity-Justified: or Blocker-Type: evidence
medium: severity-discipline - severity claim should carry Severity-Justified: or Blocker-Type: evidence
witness graph written: 11 crates, 2250 pub items indexed
copy-code status=review hard=0 warning=165 classes=50 json=.jankurai/copy-code.json md=.jankurai/copy-code.md
Cloning into '.jankurai/jankurai-src'...
Note: switching to '3c804453e6c7a6e0e4028d95cc3bccea467277ef'.

You are in 'detached HEAD' state. You can look around, make experimental
changes and commit them, and you can discard any commits you make in this
state without impacting any branches by switching back to a branch.

If you want to create a new branch to retain commits you create, you may
do so (now or later) by using -c with the switch command. Example:

  git switch -c <new-branch-name>

Or undo this operation with:

  git switch -

Turn off this advice by setting config variable advice.detachedHead to false

   Compiling unicode-ident v1.0.24
   Compiling quote v1.0.45
   Compiling proc-macro2 v1.0.106
   Compiling libc v0.2.186
   Compiling serde_core v1.0.228
   Compiling stable_deref_trait v1.2.1
   Compiling memchr v2.8.0
   Compiling crossbeam-utils v0.8.21
   Compiling cfg-if v1.0.4
   Compiling serde v1.0.228
   Compiling writeable v0.6.3
   Compiling zmij v1.0.21
   Compiling version_check v0.9.5
   Compiling litemap v0.8.2
   Compiling serde_json v1.0.149
   Compiling log v0.4.29
   Compiling utf8_iter v1.0.4
   Compiling itoa v1.0.18
   Compiling icu_normalizer_data v2.2.0
   Compiling icu_properties_data v2.2.0
   Compiling anyhow v1.0.102
   Compiling typenum v1.20.0
   Compiling smallvec v1.15.1
   Compiling thiserror v1.0.69
   Compiling utf8parse v0.2.2
   Compiling cfg_aliases v0.1.1
   Compiling winnow v1.0.2
   Compiling regex-syntax v0.8.10
   Compiling bitflags v2.11.1
   Compiling autocfg v1.5.0
   Compiling winnow v0.7.15
   Compiling anstyle v1.0.14
   Compiling toml_writer v1.1.1+spec-1.1.0
   Compiling anstyle-query v1.1.5
   Compiling once_cell v1.21.4
   Compiling thiserror v2.0.18
   Compiling is_terminal_polyfill v1.70.2
   Compiling colorchoice v1.0.5
   Compiling same-file v1.0.6
   Compiling rayon-core v1.13.0
   Compiling portable-atomic v1.13.1
   Compiling bitflags v1.3.2
   Compiling clap_lex v1.1.0
   Compiling strsim v0.11.1
   Compiling percent-encoding v2.3.2
   Compiling camino v1.2.2
   Compiling heck v0.5.0
   Compiling hashbrown v0.17.0
   Compiling equivalent v1.0.2
   Compiling shell-words v1.1.1
   Compiling nix v0.28.0
   Compiling cpufeatures v0.2.17
   Compiling iana-time-zone v0.1.65
   Compiling anstyle-parse v1.0.0
   Compiling walkdir v2.5.0
   Compiling downcast-rs v1.2.1
   Compiling unicode-width v0.2.2
   Compiling number_prefix v0.4.0
   Compiling base64 v0.22.1
   Compiling rustix v1.1.4
   Compiling ryu v1.0.23
   Compiling getrandom v0.4.2
   Compiling either v1.15.0
   Compiling unsafe-libyaml v0.2.11
   Compiling form_urlencoded v1.2.2
   Compiling linux-raw-sys v0.12.1
   Compiling fastrand v2.4.1
   Compiling generic-array v0.14.7
   Compiling aho-corasick v1.1.4
   Compiling anstream v1.0.0
   Compiling bstr v1.12.1
   Compiling toml_parser v1.1.2+spec-1.1.0
   Compiling num-traits v0.2.19
   Compiling clap_builder v4.6.0
   Compiling indexmap v2.14.0
   Compiling regex-automata v0.4.14
   Compiling crossbeam-epoch v0.9.18
   Compiling crossbeam-channel v0.5.15
   Compiling crypto-common v0.1.7
   Compiling block-buffer v0.10.4
   Compiling digest v0.10.7
   Compiling crossbeam-deque v0.8.6
   Compiling syn v2.0.117
   Compiling sha2 v0.10.9
   Compiling chrono v0.4.44
   Compiling rayon v1.12.0
   Compiling inotify-sys v0.1.5
   Compiling mio v0.8.11
   Compiling filetime v0.2.29
   Compiling serial2 v0.2.36
   Compiling console v0.15.11
   Compiling inotify v0.9.6
   Compiling globset v0.4.18
   Compiling regex v1.12.3
   Compiling tempfile v3.27.0
   Compiling notify v6.1.1
   Compiling indicatif v0.17.11
   Compiling ignore v0.4.25
   Compiling toml_datetime v0.7.5+spec-1.1.0
   Compiling serde_spanned v1.1.1
   Compiling semver v1.0.28
   Compiling toml v0.9.12+spec-1.1.0
   Compiling synstructure v0.13.2
   Compiling zerofrom-derive v0.1.7
   Compiling yoke-derive v0.8.2
   Compiling zerovec-derive v0.11.3
   Compiling displaydoc v0.2.5
   Compiling serde_derive v1.0.228
   Compiling thiserror-impl v1.0.69
   Compiling thiserror-impl v2.0.18
   Compiling clap_derive v4.6.1
   Compiling zerofrom v0.1.7
   Compiling yoke v0.8.2
   Compiling filedescriptor v0.8.3
   Compiling zerotrie v0.2.4
   Compiling zerovec v0.11.6
   Compiling portable-pty v0.9.0
   Compiling clap v4.6.1
   Compiling tinystr v0.8.3
   Compiling potential_utf v0.1.5
   Compiling icu_collections v2.2.0
   Compiling icu_locale_core v2.2.0
   Compiling icu_provider v2.2.0
   Compiling icu_normalizer v2.2.0
   Compiling icu_properties v2.2.0
   Compiling jankurai-proofbind v0.8.0 (/tmp/redline-family-ci-192313-1784173362536058738/redline-core/.jankurai/jankurai-src/crates/jankurai-proofbind)
   Compiling cargo-platform v0.1.9
   Compiling serde_yaml v0.9.34+deprecated
   Compiling jankurai-guard v0.1.0 (/tmp/redline-family-ci-192313-1784173362536058738/redline-core/.jankurai/jankurai-src/crates/jankurai-guard)
   Compiling cargo_metadata v0.19.2
   Compiling idna_adapter v1.2.2
   Compiling idna v1.1.0
   Compiling url v2.5.8
   Compiling jankurai-proofmark v0.8.0 (/tmp/redline-family-ci-192313-1784173362536058738/redline-core/.jankurai/jankurai-src/crates/jankurai-proofmark)
   Compiling ureq v2.12.1
   Compiling jankurai v1.6.10 (/tmp/redline-family-ci-192313-1784173362536058738/redline-core/.jankurai/jankurai-src/crates/jankurai)
    Finished `test` profile [unoptimized + debuginfo] target(s) in 38.70s
     Running tests/language_bad_behavior.rs (target/debug/deps/language_bad_behavior-6edcff3b30171f4b)

running 34 tests
test ci_fixture_corpus_covers_risky_and_safe_cases ... ok
test catalog_entries_reference_stable_hlt_rules ... ok
test docker_fixture_corpus_covers_risky_and_safe_cases ... ok
test release_fixture_corpus_covers_risky_and_safe_cases ... ok
test git_fixture_corpus_covers_risky_and_safe_cases ... ok
test gittools_fixture_corpus_covers_risky_and_safe_cases ... ok
test typescript_fixture_corpus_covers_risky_and_safe_cases ... ok
test sql_fixture_corpus_covers_risky_and_safe_cases ... ok
test python_fixture_corpus_covers_risky_and_safe_cases ... ok
test gittools_summary_reports_hard_and_advisory_counts ... ok
test python_summary_reports_hard_and_advisory_counts ... ok
test language_bad_behavior_lane_and_test_map_are_routed ... ok
test release_summary_reports_hard_and_advisory_counts ... ok
test docker_risky_fixtures_emit_hlt032_findings ... ok
test gittools_surfaces_do_not_double_score_as_generic_git ... ok
test ci_safe_fixtures_emit_no_hlt034_findings ... ok
test docker_safe_fixtures_emit_no_hlt032_findings ... ok
test git_safe_fixtures_emit_no_hlt035_findings ... ok
test sql_summary_reports_hard_and_advisory_counts ... ok
test git_risky_fixtures_emit_hlt035_findings ... ok
test gittools_risky_fixtures_emit_hlt036_findings ... ok
test gittools_safe_fixtures_emit_no_hlt036_findings ... ok
test ci_risky_fixtures_emit_hlt034_findings ... ok
test release_safe_fixtures_emit_no_hlt037_findings ... ok
test sql_risky_fixtures_emit_hlt030_findings ... ok
test sql_safe_fixtures_emit_no_hlt030_findings ... ok
test python_code_line_matcher_ignores_qualified_calls_definitions_class_names_and_docstrings ... ok
test release_risky_fixtures_emit_hlt037_findings ... ok
test python_code_line_matcher_still_flags_unqualified_builtin_calls ... ok
test python_safe_fixtures_emit_no_hlt033_findings ... ok
test python_risky_fixtures_emit_hlt033_findings ... ok
test typescript_safe_fixtures_emit_no_hlt031_findings ... ok
test typescript_risky_fixtures_emit_hlt031_findings ... ok
test docs_tips_reference_and_generated_paths_stay_out_of_sql_python_scans ... ok

test result: ok. 34 passed; 0 failed; 0 ignored; 0 measured; 0 filtered out; finished in 0.13s

    Updating git repository `http://127.0.0.1:8787/git/jeryu/jankurai.git`
  Installing jankurai v1.6.10 (http://127.0.0.1:8787/git/jeryu/jankurai.git?rev=3c804453e6c7a6e0e4028d95cc3bccea467277ef#3c804453)
    Updating crates.io index
   Compiling quote v1.0.45
   Compiling proc-macro2 v1.0.106
   Compiling unicode-ident v1.0.24
   Compiling serde_core v1.0.228
   Compiling stable_deref_trait v1.2.1
   Compiling libc v0.2.186
   Compiling memchr v2.8.0
   Compiling crossbeam-utils v0.8.21
   Compiling serde v1.0.228
   Compiling litemap v0.8.2
   Compiling zmij v1.0.21
   Compiling writeable v0.6.3
   Compiling version_check v0.9.5
   Compiling icu_normalizer_data v2.2.0
   Compiling itoa v1.0.18
   Compiling serde_json v1.0.149
   Compiling cfg-if v1.0.4
   Compiling log v0.4.29
   Compiling utf8_iter v1.0.4
   Compiling icu_properties_data v2.2.0
   Compiling anyhow v1.0.102
   Compiling typenum v1.20.0
   Compiling thiserror v1.0.69
   Compiling utf8parse v0.2.2
   Compiling winnow v1.0.2
   Compiling autocfg v1.5.0
   Compiling smallvec v1.15.1
   Compiling regex-syntax v0.8.10
   Compiling cfg_aliases v0.1.1
   Compiling anstyle-parse v1.0.0
   Compiling anstyle v1.0.14
   Compiling winnow v0.7.15
   Compiling toml_writer v1.1.1+spec-1.1.0
   Compiling anstyle-query v1.1.5
   Compiling nix v0.28.0
   Compiling colorchoice v1.0.5
   Compiling generic-array v0.14.7
   Compiling aho-corasick v1.1.4
   Compiling toml_parser v1.1.2+spec-1.1.0
   Compiling num-traits v0.2.19
   Compiling is_terminal_polyfill v1.70.2
   Compiling thiserror v2.0.18
   Compiling same-file v1.0.6
   Compiling bstr v1.12.1
   Compiling heck v0.5.0
   Compiling bitflags v1.3.2
   Compiling camino v1.2.2
   Compiling anstream v1.0.0
   Compiling walkdir v2.5.0
   Compiling strsim v0.11.1
   Compiling rayon-core v1.13.0
   Compiling percent-encoding v2.3.2
   Compiling clap_lex v1.1.0
   Compiling bitflags v2.11.1
   Compiling portable-atomic v1.13.1
   Compiling once_cell v1.21.4
   Compiling form_urlencoded v1.2.2
   Compiling unicode-width v0.2.2
   Compiling crossbeam-epoch v0.9.18
   Compiling crossbeam-channel v0.5.15
   Compiling clap_builder v4.6.0
   Compiling hashbrown v0.17.0
   Compiling iana-time-zone v0.1.65
   Compiling crypto-common v0.1.7
   Compiling block-buffer v0.10.4
   Compiling equivalent v1.0.2
   Compiling syn v2.0.117
   Compiling crossbeam-deque v0.8.6
   Compiling downcast-rs v1.2.1
   Compiling shell-words v1.1.1
   Compiling cpufeatures v0.2.17
   Compiling either v1.15.0
   Compiling base64 v0.22.1
   Compiling digest v0.10.7
   Compiling number_prefix v0.4.0
   Compiling unsafe-libyaml v0.2.11
   Compiling ryu v1.0.23
   Compiling chrono v0.4.44
   Compiling sha2 v0.10.9
   Compiling indexmap v2.14.0
   Compiling regex-automata v0.4.14
   Compiling inotify-sys v0.1.5
   Compiling filetime v0.2.29
   Compiling mio v0.8.11
   Compiling serial2 v0.2.36
   Compiling inotify v0.9.6
   Compiling console v0.15.11
   Compiling rayon v1.12.0
   Compiling notify v6.1.1
   Compiling indicatif v0.17.11
   Compiling toml_datetime v0.7.5+spec-1.1.0
   Compiling serde_spanned v1.1.1
   Compiling semver v1.0.28
   Compiling toml v0.9.12+spec-1.1.0
   Compiling globset v0.4.18
   Compiling regex v1.12.3
   Compiling synstructure v0.13.2
   Compiling ignore v0.4.25
   Compiling zerofrom-derive v0.1.7
   Compiling yoke-derive v0.8.2
   Compiling zerovec-derive v0.11.3
   Compiling displaydoc v0.2.5
   Compiling serde_derive v1.0.228
   Compiling thiserror-impl v1.0.69
   Compiling thiserror-impl v2.0.18
   Compiling clap_derive v4.6.1
   Compiling zerofrom v0.1.7
   Compiling yoke v0.8.2
   Compiling zerovec v0.11.6
   Compiling zerotrie v0.2.4
   Compiling filedescriptor v0.8.3
   Compiling portable-pty v0.9.0
   Compiling clap v4.6.1
   Compiling tinystr v0.8.3
   Compiling potential_utf v0.1.5
   Compiling icu_collections v2.2.0
   Compiling icu_locale_core v2.2.0
   Compiling jankurai-proofbind v0.8.0 (/home/ubuntu/.cargo/git/checkouts/jankurai-e6549eec6e28157b/3c80445/crates/jankurai-proofbind)
   Compiling cargo-platform v0.1.9
   Compiling jankurai-guard v0.1.0 (/home/ubuntu/.cargo/git/checkouts/jankurai-e6549eec6e28157b/3c80445/crates/jankurai-guard)
   Compiling serde_yaml v0.9.34+deprecated
   Compiling cargo_metadata v0.19.2
   Compiling icu_provider v2.2.0
   Compiling icu_normalizer v2.2.0
   Compiling icu_properties v2.2.0
   Compiling jankurai-proofmark v0.8.0 (/home/ubuntu/.cargo/git/checkouts/jankurai-e6549eec6e28157b/3c80445/crates/jankurai-proofmark)
   Compiling idna_adapter v1.2.2
   Compiling idna v1.1.0
   Compiling url v2.5.8
   Compiling ureq v2.12.1
   Compiling jankurai v1.6.10 (/home/ubuntu/.cargo/git/checkouts/jankurai-e6549eec6e28157b/3c80445/crates/jankurai)
    Finished `release` profile [optimized] target(s) in 46.40s
  Installing /tmp/jankurai-release.FdhLaz/install-root/bin/jankurai
   Installed package `jankurai v1.6.10 (http://127.0.0.1:8787/git/jeryu/jankurai.git?rev=3c804453e6c7a6e0e4028d95cc3bccea467277ef#3c804453)` (executable `jankurai`)
warning: be sure to add `/tmp/jankurai-release.FdhLaz/install-root/bin` to your PATH to be able to run the installed binaries
jankurai runtime schemas verified: /home/ubuntu/.cargo/git/checkouts/jankurai-e6549eec6e28157b/3c80445/schemas
jankurai source verified: http://127.0.0.1:8787/git/jeryu/jankurai.git v1.6.10 3c804453e6c7a6e0e4028d95cc3bccea467277ef
jankurai installed: /home/ubuntu/.cargo/bin/jankurai (jankurai 1.6.10)
jankurai ratchet accepted: no score drop, new caps, or new hard findings vs baseline
    Updating git repository `http://127.0.0.1:8787/git/jeryu/jankurai.git`
  Installing jankurai v1.6.10 (http://127.0.0.1:8787/git/jeryu/jankurai.git?rev=3c804453e6c7a6e0e4028d95cc3bccea467277ef#3c804453)
    Updating crates.io index
   Compiling quote v1.0.45
   Compiling proc-macro2 v1.0.106
   Compiling unicode-ident v1.0.24
   Compiling serde_core v1.0.228
   Compiling stable_deref_trait v1.2.1
   Compiling libc v0.2.186
   Compiling memchr v2.8.0
   Compiling crossbeam-utils v0.8.21
   Compiling serde v1.0.228
   Compiling writeable v0.6.3
   Compiling litemap v0.8.2
   Compiling version_check v0.9.5
   Compiling zmij v1.0.21
   Compiling utf8_iter v1.0.4
   Compiling icu_properties_data v2.2.0
   Compiling cfg-if v1.0.4
   Compiling log v0.4.29
   Compiling serde_json v1.0.149
   Compiling itoa v1.0.18
   Compiling icu_normalizer_data v2.2.0
   Compiling typenum v1.20.0
   Compiling anyhow v1.0.102
   Compiling smallvec v1.15.1
   Compiling regex-syntax v0.8.10
   Compiling thiserror v1.0.69
   Compiling cfg_aliases v0.1.1
   Compiling autocfg v1.5.0
   Compiling utf8parse v0.2.2
   Compiling winnow v1.0.2
   Compiling nix v0.28.0
   Compiling anstyle-parse v1.0.0
   Compiling winnow v0.7.15
   Compiling thiserror v2.0.18
   Compiling colorchoice v1.0.5
   Compiling anstyle v1.0.14
   Compiling anstyle-query v1.1.5
   Compiling generic-array v0.14.7
   Compiling is_terminal_polyfill v1.70.2
   Compiling toml_writer v1.1.1+spec-1.1.0
   Compiling same-file v1.0.6
   Compiling portable-atomic v1.13.1
   Compiling once_cell v1.21.4
   Compiling bitflags v1.3.2
   Compiling walkdir v2.5.0
   Compiling anstream v1.0.0
   Compiling camino v1.2.2
   Compiling rayon-core v1.13.0
   Compiling clap_lex v1.1.0
   Compiling num-traits v0.2.19
   Compiling aho-corasick v1.1.4
   Compiling toml_parser v1.1.2+spec-1.1.0
   Compiling bstr v1.12.1
   Compiling heck v0.5.0
   Compiling percent-encoding v2.3.2
   Compiling strsim v0.11.1
   Compiling bitflags v2.11.1
   Compiling form_urlencoded v1.2.2
   Compiling crossbeam-epoch v0.9.18
   Compiling crossbeam-channel v0.5.15
   Compiling shell-words v1.1.1
   Compiling iana-time-zone v0.1.65
   Compiling clap_builder v4.6.0
   Compiling downcast-rs v1.2.1
   Compiling equivalent v1.0.2
   Compiling unicode-width v0.2.2
   Compiling hashbrown v0.17.0
   Compiling crossbeam-deque v0.8.6
   Compiling cpufeatures v0.2.17
   Compiling syn v2.0.117
   Compiling number_prefix v0.4.0
   Compiling unsafe-libyaml v0.2.11
   Compiling ryu v1.0.23
   Compiling base64 v0.22.1
   Compiling either v1.15.0
   Compiling chrono v0.4.44
   Compiling crypto-common v0.1.7
   Compiling block-buffer v0.10.4
   Compiling digest v0.10.7
   Compiling indexmap v2.14.0
   Compiling rayon v1.12.0
   Compiling sha2 v0.10.9
   Compiling inotify-sys v0.1.5
   Compiling mio v0.8.11
   Compiling filetime v0.2.29
   Compiling serial2 v0.2.36
   Compiling console v0.15.11
   Compiling inotify v0.9.6
   Compiling regex-automata v0.4.14
   Compiling notify v6.1.1
   Compiling indicatif v0.17.11
   Compiling toml_datetime v0.7.5+spec-1.1.0
   Compiling serde_spanned v1.1.1
   Compiling semver v1.0.28
   Compiling toml v0.9.12+spec-1.1.0
   Compiling synstructure v0.13.2
   Compiling globset v0.4.18
   Compiling regex v1.12.3
   Compiling zerofrom-derive v0.1.7
   Compiling yoke-derive v0.8.2
   Compiling zerovec-derive v0.11.3
   Compiling displaydoc v0.2.5
   Compiling serde_derive v1.0.228
   Compiling thiserror-impl v1.0.69
   Compiling thiserror-impl v2.0.18
   Compiling clap_derive v4.6.1
   Compiling zerofrom v0.1.7
   Compiling ignore v0.4.25
   Compiling yoke v0.8.2
   Compiling zerotrie v0.2.4
   Compiling zerovec v0.11.6
   Compiling filedescriptor v0.8.3
   Compiling portable-pty v0.9.0
   Compiling tinystr v0.8.3
   Compiling potential_utf v0.1.5
   Compiling clap v4.6.1
   Compiling icu_collections v2.2.0
   Compiling icu_locale_core v2.2.0
   Compiling icu_provider v2.2.0
   Compiling cargo-platform v0.1.9
   Compiling jankurai-proofbind v0.8.0 (/home/ubuntu/.cargo/git/checkouts/jankurai-e6549eec6e28157b/3c80445/crates/jankurai-proofbind)
   Compiling jankurai-guard v0.1.0 (/home/ubuntu/.cargo/git/checkouts/jankurai-e6549eec6e28157b/3c80445/crates/jankurai-guard)
   Compiling serde_yaml v0.9.34+deprecated
   Compiling cargo_metadata v0.19.2
   Compiling icu_properties v2.2.0
   Compiling icu_normalizer v2.2.0
   Compiling jankurai-proofmark v0.8.0 (/home/ubuntu/.cargo/git/checkouts/jankurai-e6549eec6e28157b/3c80445/crates/jankurai-proofmark)
   Compiling idna_adapter v1.2.2
   Compiling idna v1.1.0
   Compiling url v2.5.8
   Compiling ureq v2.12.1
   Compiling jankurai v1.6.10 (/home/ubuntu/.cargo/git/checkouts/jankurai-e6549eec6e28157b/3c80445/crates/jankurai)
    Finished `release` profile [optimized] target(s) in 41.03s
  Installing /tmp/jankurai-release.DVm5cj/install-root/bin/jankurai
   Installed package `jankurai v1.6.10 (http://127.0.0.1:8787/git/jeryu/jankurai.git?rev=3c804453e6c7a6e0e4028d95cc3bccea467277ef#3c804453)` (executable `jankurai`)
warning: be sure to add `/tmp/jankurai-release.DVm5cj/install-root/bin` to your PATH to be able to run the installed binaries
jankurai runtime schemas verified: /home/ubuntu/.cargo/git/checkouts/jankurai-e6549eec6e28157b/3c80445/schemas
jankurai source verified: http://127.0.0.1:8787/git/jeryu/jankurai.git v1.6.10 3c804453e6c7a6e0e4028d95cc3bccea467277ef
jankurai installed: /home/ubuntu/.cargo/bin/jankurai (jankurai 1.6.10)
jankurai ratchet accepted: no score drop, new caps, or new hard findings vs baseline
    Updating git repository `http://127.0.0.1:8787/git/jeryu/jankurai.git`
  Installing jankurai v1.6.10 (http://127.0.0.1:8787/git/jeryu/jankurai.git?rev=3c804453e6c7a6e0e4028d95cc3bccea467277ef#3c804453)
    Updating crates.io index
   Compiling quote v1.0.45
   Compiling proc-macro2 v1.0.106
   Compiling unicode-ident v1.0.24
   Compiling serde_core v1.0.228
   Compiling stable_deref_trait v1.2.1
   Compiling libc v0.2.186
   Compiling memchr v2.8.0
   Compiling crossbeam-utils v0.8.21
   Compiling serde v1.0.228
   Compiling litemap v0.8.2
   Compiling writeable v0.6.3
   Compiling zmij v1.0.21
   Compiling version_check v0.9.5
   Compiling itoa v1.0.18
   Compiling log v0.4.29
   Compiling cfg-if v1.0.4
   Compiling icu_normalizer_data v2.2.0
   Compiling utf8_iter v1.0.4
   Compiling icu_properties_data v2.2.0
   Compiling serde_json v1.0.149
   Compiling typenum v1.20.0
   Compiling anyhow v1.0.102
   Compiling utf8parse v0.2.2
   Compiling winnow v1.0.2
   Compiling regex-syntax v0.8.10
   Compiling smallvec v1.15.1
   Compiling autocfg v1.5.0
   Compiling cfg_aliases v0.1.1
   Compiling thiserror v1.0.69
   Compiling anstyle-parse v1.0.0
   Compiling nix v0.28.0
   Compiling same-file v1.0.6
   Compiling anstyle v1.0.14
   Compiling toml_writer v1.1.1+spec-1.1.0
   Compiling anstyle-query v1.1.5
   Compiling colorchoice v1.0.5
   Compiling thiserror v2.0.18
   Compiling generic-array v0.14.7
   Compiling is_terminal_polyfill v1.70.2
   Compiling winnow v0.7.15
   Compiling walkdir v2.5.0
   Compiling portable-atomic v1.13.1
   Compiling once_cell v1.21.4
   Compiling bitflags v2.11.1
   Compiling toml_parser v1.1.2+spec-1.1.0
   Compiling anstream v1.0.0
   Compiling num-traits v0.2.19
   Compiling camino v1.2.2
   Compiling strsim v0.11.1
   Compiling bitflags v1.3.2
   Compiling clap_lex v1.1.0
   Compiling percent-encoding v2.3.2
   Compiling aho-corasick v1.1.4
   Compiling bstr v1.12.1
   Compiling rayon-core v1.13.0
   Compiling heck v0.5.0
   Compiling clap_builder v4.6.0
   Compiling form_urlencoded v1.2.2
   Compiling cpufeatures v0.2.17
   Compiling unicode-width v0.2.2
   Compiling crossbeam-epoch v0.9.18
   Compiling crossbeam-channel v0.5.15
   Compiling iana-time-zone v0.1.65
   Compiling hashbrown v0.17.0
   Compiling shell-words v1.1.1
   Compiling equivalent v1.0.2
   Compiling downcast-rs v1.2.1
   Compiling crossbeam-deque v0.8.6
   Compiling syn v2.0.117
   Compiling base64 v0.22.1
   Compiling number_prefix v0.4.0
   Compiling ryu v1.0.23
   Compiling either v1.15.0
   Compiling unsafe-libyaml v0.2.11
   Compiling chrono v0.4.44
   Compiling indexmap v2.14.0
   Compiling block-buffer v0.10.4
   Compiling crypto-common v0.1.7
   Compiling digest v0.10.7
   Compiling rayon v1.12.0
   Compiling sha2 v0.10.9
   Compiling inotify-sys v0.1.5
   Compiling serial2 v0.2.36
   Compiling filetime v0.2.29
   Compiling mio v0.8.11
   Compiling console v0.15.11
   Compiling regex-automata v0.4.14
   Compiling inotify v0.9.6
   Compiling notify v6.1.1
   Compiling indicatif v0.17.11
   Compiling toml_datetime v0.7.5+spec-1.1.0
   Compiling serde_spanned v1.1.1
   Compiling semver v1.0.28
   Compiling toml v0.9.12+spec-1.1.0
   Compiling synstructure v0.13.2
   Compiling globset v0.4.18
   Compiling regex v1.12.3
   Compiling zerofrom-derive v0.1.7
   Compiling yoke-derive v0.8.2
   Compiling zerovec-derive v0.11.3
   Compiling displaydoc v0.2.5
   Compiling serde_derive v1.0.228
   Compiling thiserror-impl v1.0.69
   Compiling thiserror-impl v2.0.18
   Compiling clap_derive v4.6.1
   Compiling ignore v0.4.25
   Compiling zerofrom v0.1.7
   Compiling yoke v0.8.2
   Compiling filedescriptor v0.8.3
   Compiling zerovec v0.11.6
   Compiling zerotrie v0.2.4
   Compiling portable-pty v0.9.0
   Compiling clap v4.6.1
   Compiling tinystr v0.8.3
   Compiling potential_utf v0.1.5
   Compiling icu_collections v2.2.0
   Compiling icu_locale_core v2.2.0
   Compiling cargo-platform v0.1.9
   Compiling jankurai-proofbind v0.8.0 (/home/ubuntu/.cargo/git/checkouts/jankurai-e6549eec6e28157b/3c80445/crates/jankurai-proofbind)
   Compiling serde_yaml v0.9.34+deprecated
   Compiling jankurai-guard v0.1.0 (/home/ubuntu/.cargo/git/checkouts/jankurai-e6549eec6e28157b/3c80445/crates/jankurai-guard)
   Compiling icu_provider v2.2.0
   Compiling cargo_metadata v0.19.2
   Compiling icu_normalizer v2.2.0
   Compiling icu_properties v2.2.0
   Compiling jankurai-proofmark v0.8.0 (/home/ubuntu/.cargo/git/checkouts/jankurai-e6549eec6e28157b/3c80445/crates/jankurai-proofmark)
   Compiling idna_adapter v1.2.2
   Compiling idna v1.1.0
   Compiling url v2.5.8
   Compiling ureq v2.12.1
   Compiling jankurai v1.6.10 (/home/ubuntu/.cargo/git/checkouts/jankurai-e6549eec6e28157b/3c80445/crates/jankurai)
    Finished `release` profile [optimized] target(s) in 43.22s
  Installing /tmp/jankurai-release.KLsZDM/install-root/bin/jankurai
   Installed package `jankurai v1.6.10 (http://127.0.0.1:8787/git/jeryu/jankurai.git?rev=3c804453e6c7a6e0e4028d95cc3bccea467277ef#3c804453)` (executable `jankurai`)
warning: be sure to add `/tmp/jankurai-release.KLsZDM/install-root/bin` to your PATH to be able to run the installed binaries
jankurai runtime schemas verified: /home/ubuntu/.cargo/git/checkouts/jankurai-e6549eec6e28157b/3c80445/schemas
jankurai source verified: http://127.0.0.1:8787/git/jeryu/jankurai.git v1.6.10 3c804453e6c7a6e0e4028d95cc3bccea467277ef
jankurai installed: /home/ubuntu/.cargo/bin/jankurai (jankurai 1.6.10)
    Updating git repository `http://127.0.0.1:8787/git/jeryu/jankurai.git`
  Installing jankurai v1.6.10 (http://127.0.0.1:8787/git/jeryu/jankurai.git?rev=3c804453e6c7a6e0e4028d95cc3bccea467277ef#3c804453)
    Updating crates.io index
   Compiling quote v1.0.45
   Compiling proc-macro2 v1.0.106
   Compiling unicode-ident v1.0.24
   Compiling serde_core v1.0.228
   Compiling stable_deref_trait v1.2.1
   Compiling libc v0.2.186
   Compiling memchr v2.8.0
   Compiling crossbeam-utils v0.8.21
   Compiling serde v1.0.228
   Compiling zmij v1.0.21
   Compiling writeable v0.6.3
   Compiling litemap v0.8.2
   Compiling version_check v0.9.5
   Compiling utf8_iter v1.0.4
   Compiling cfg-if v1.0.4
   Compiling itoa v1.0.18
   Compiling icu_normalizer_data v2.2.0
   Compiling icu_properties_data v2.2.0
   Compiling serde_json v1.0.149
   Compiling log v0.4.29
   Compiling typenum v1.20.0
   Compiling anyhow v1.0.102
   Compiling autocfg v1.5.0
   Compiling smallvec v1.15.1
   Compiling utf8parse v0.2.2
   Compiling cfg_aliases v0.1.1
   Compiling winnow v1.0.2
   Compiling thiserror v1.0.69
   Compiling regex-syntax v0.8.10
   Compiling nix v0.28.0
   Compiling anstyle-parse v1.0.0
   Compiling anstyle v1.0.14
   Compiling is_terminal_polyfill v1.70.2
   Compiling colorchoice v1.0.5
   Compiling thiserror v2.0.18
   Compiling anstyle-query v1.1.5
   Compiling toml_writer v1.1.1+spec-1.1.0
   Compiling generic-array v0.14.7
   Compiling same-file v1.0.6
   Compiling winnow v0.7.15
   Compiling bitflags v1.3.2
   Compiling rayon-core v1.13.0
   Compiling clap_lex v1.1.0
   Compiling anstream v1.0.0
   Compiling aho-corasick v1.1.4
   Compiling toml_parser v1.1.2+spec-1.1.0
   Compiling walkdir v2.5.0
   Compiling bstr v1.12.1
   Compiling camino v1.2.2
   Compiling num-traits v0.2.19
   Compiling portable-atomic v1.13.1
   Compiling bitflags v2.11.1
   Compiling strsim v0.11.1
   Compiling heck v0.5.0
   Compiling percent-encoding v2.3.2
   Compiling once_cell v1.21.4
   Compiling crossbeam-epoch v0.9.18
   Compiling form_urlencoded v1.2.2
   Compiling clap_builder v4.6.0
   Compiling crossbeam-channel v0.5.15
   Compiling shell-words v1.1.1
   Compiling cpufeatures v0.2.17
   Compiling hashbrown v0.17.0
   Compiling unicode-width v0.2.2
   Compiling crossbeam-deque v0.8.6
   Compiling iana-time-zone v0.1.65
   Compiling downcast-rs v1.2.1
   Compiling equivalent v1.0.2
   Compiling syn v2.0.117
   Compiling base64 v0.22.1
   Compiling unsafe-libyaml v0.2.11
   Compiling either v1.15.0
   Compiling number_prefix v0.4.0
   Compiling ryu v1.0.23
   Compiling block-buffer v0.10.4
   Compiling crypto-common v0.1.7
   Compiling chrono v0.4.44
   Compiling digest v0.10.7
   Compiling indexmap v2.14.0
   Compiling inotify-sys v0.1.5
   Compiling regex-automata v0.4.14
   Compiling mio v0.8.11
   Compiling filetime v0.2.29
   Compiling serial2 v0.2.36
   Compiling inotify v0.9.6
   Compiling sha2 v0.10.9
   Compiling console v0.15.11
   Compiling rayon v1.12.0
   Compiling notify v6.1.1
   Compiling indicatif v0.17.11
   Compiling serde_spanned v1.1.1
   Compiling toml_datetime v0.7.5+spec-1.1.0
   Compiling semver v1.0.28
   Compiling toml v0.9.12+spec-1.1.0
   Compiling globset v0.4.18
   Compiling regex v1.12.3
   Compiling synstructure v0.13.2
   Compiling ignore v0.4.25
   Compiling zerofrom-derive v0.1.7
   Compiling yoke-derive v0.8.2
   Compiling zerovec-derive v0.11.3
   Compiling displaydoc v0.2.5
   Compiling serde_derive v1.0.228
   Compiling thiserror-impl v1.0.69
   Compiling thiserror-impl v2.0.18
   Compiling clap_derive v4.6.1
   Compiling zerofrom v0.1.7
   Compiling yoke v0.8.2
   Compiling zerovec v0.11.6
   Compiling zerotrie v0.2.4
   Compiling filedescriptor v0.8.3
   Compiling portable-pty v0.9.0
   Compiling clap v4.6.1
   Compiling tinystr v0.8.3
   Compiling potential_utf v0.1.5
   Compiling icu_collections v2.2.0
   Compiling icu_locale_core v2.2.0
   Compiling icu_provider v2.2.0
   Compiling jankurai-proofbind v0.8.0 (/home/ubuntu/.cargo/git/checkouts/jankurai-e6549eec6e28157b/3c80445/crates/jankurai-proofbind)
   Compiling cargo-platform v0.1.9
   Compiling serde_yaml v0.9.34+deprecated
   Compiling jankurai-guard v0.1.0 (/home/ubuntu/.cargo/git/checkouts/jankurai-e6549eec6e28157b/3c80445/crates/jankurai-guard)
   Compiling icu_normalizer v2.2.0
   Compiling icu_properties v2.2.0
   Compiling cargo_metadata v0.19.2
   Compiling jankurai-proofmark v0.8.0 (/home/ubuntu/.cargo/git/checkouts/jankurai-e6549eec6e28157b/3c80445/crates/jankurai-proofmark)
   Compiling idna_adapter v1.2.2
   Compiling idna v1.1.0
   Compiling url v2.5.8
   Compiling ureq v2.12.1
   Compiling jankurai v1.6.10 (/home/ubuntu/.cargo/git/checkouts/jankurai-e6549eec6e28157b/3c80445/crates/jankurai)
    Finished `release` profile [optimized] target(s) in 42.57s
  Installing /tmp/jankurai-release.Y19jSy/install-root/bin/jankurai
   Installed package `jankurai v1.6.10 (http://127.0.0.1:8787/git/jeryu/jankurai.git?rev=3c804453e6c7a6e0e4028d95cc3bccea467277ef#3c804453)` (executable `jankurai`)
warning: be sure to add `/tmp/jankurai-release.Y19jSy/install-root/bin` to your PATH to be able to run the installed binaries
jankurai runtime schemas verified: /home/ubuntu/.cargo/git/checkouts/jankurai-e6549eec6e28157b/3c80445/schemas
jankurai source verified: http://127.0.0.1:8787/git/jeryu/jankurai.git v1.6.10 3c804453e6c7a6e0e4028d95cc3bccea467277ef
jankurai installed: /home/ubuntu/.cargo/bin/jankurai (jankurai 1.6.10)
jankurai ratchet accepted: no score drop, new caps, or new hard findings vs baseline
    Updating git repository `http://127.0.0.1:8787/git/jeryu/jankurai.git`
  Installing jankurai v1.6.10 (http://127.0.0.1:8787/git/jeryu/jankurai.git?rev=3c804453e6c7a6e0e4028d95cc3bccea467277ef#3c804453)
    Updating crates.io index
   Compiling quote v1.0.45
   Compiling proc-macro2 v1.0.106
   Compiling unicode-ident v1.0.24
   Compiling serde_core v1.0.228
   Compiling stable_deref_trait v1.2.1
   Compiling libc v0.2.186
   Compiling memchr v2.8.0
   Compiling crossbeam-utils v0.8.21
   Compiling serde v1.0.228
   Compiling zmij v1.0.21
   Compiling litemap v0.8.2
   Compiling version_check v0.9.5
   Compiling writeable v0.6.3
   Compiling serde_json v1.0.149
   Compiling utf8_iter v1.0.4
   Compiling icu_properties_data v2.2.0
   Compiling icu_normalizer_data v2.2.0
   Compiling cfg-if v1.0.4
   Compiling log v0.4.29
   Compiling itoa v1.0.18
   Compiling anyhow v1.0.102
   Compiling typenum v1.20.0
   Compiling autocfg v1.5.0
   Compiling cfg_aliases v0.1.1
   Compiling smallvec v1.15.1
   Compiling winnow v1.0.2
   Compiling regex-syntax v0.8.10
   Compiling thiserror v1.0.69
   Compiling utf8parse v0.2.2
   Compiling nix v0.28.0
   Compiling winnow v0.7.15
   Compiling colorchoice v1.0.5
   Compiling anstyle-parse v1.0.0
   Compiling anstyle-query v1.1.5
   Compiling anstyle v1.0.14
   Compiling toml_writer v1.1.1+spec-1.1.0
   Compiling thiserror v2.0.18
   Compiling is_terminal_polyfill v1.70.2
   Compiling same-file v1.0.6
   Compiling generic-array v0.14.7
   Compiling strsim v0.11.1
   Compiling camino v1.2.2
   Compiling anstream v1.0.0
   Compiling walkdir v2.5.0
   Compiling once_cell v1.21.4
   Compiling percent-encoding v2.3.2
   Compiling num-traits v0.2.19
   Compiling bitflags v1.3.2
   Compiling bitflags v2.11.1
   Compiling portable-atomic v1.13.1
   Compiling rayon-core v1.13.0
   Compiling toml_parser v1.1.2+spec-1.1.0
   Compiling aho-corasick v1.1.4
   Compiling bstr v1.12.1
   Compiling clap_lex v1.1.0
   Compiling heck v0.5.0
   Compiling form_urlencoded v1.2.2
   Compiling crossbeam-epoch v0.9.18
   Compiling crossbeam-channel v0.5.15
   Compiling clap_builder v4.6.0
   Compiling downcast-rs v1.2.1
   Compiling equivalent v1.0.2
   Compiling hashbrown v0.17.0
   Compiling shell-words v1.1.1
   Compiling iana-time-zone v0.1.65
   Compiling unicode-width v0.2.2
   Compiling crossbeam-deque v0.8.6
   Compiling cpufeatures v0.2.17
   Compiling syn v2.0.117
   Compiling either v1.15.0
   Compiling ryu v1.0.23
   Compiling base64 v0.22.1
   Compiling number_prefix v0.4.0
   Compiling unsafe-libyaml v0.2.11
   Compiling chrono v0.4.44
   Compiling indexmap v2.14.0
   Compiling rayon v1.12.0
   Compiling crypto-common v0.1.7
   Compiling block-buffer v0.10.4
   Compiling digest v0.10.7
   Compiling sha2 v0.10.9
   Compiling inotify-sys v0.1.5
   Compiling serial2 v0.2.36
   Compiling filetime v0.2.29
   Compiling mio v0.8.11
   Compiling console v0.15.11
   Compiling inotify v0.9.6
   Compiling regex-automata v0.4.14
   Compiling notify v6.1.1
   Compiling indicatif v0.17.11
   Compiling serde_spanned v1.1.1
   Compiling toml_datetime v0.7.5+spec-1.1.0
   Compiling semver v1.0.28
   Compiling toml v0.9.12+spec-1.1.0
   Compiling synstructure v0.13.2
   Compiling globset v0.4.18
   Compiling regex v1.12.3
   Compiling zerofrom-derive v0.1.7
   Compiling yoke-derive v0.8.2
   Compiling zerovec-derive v0.11.3
   Compiling displaydoc v0.2.5
   Compiling serde_derive v1.0.228
   Compiling thiserror-impl v1.0.69
   Compiling thiserror-impl v2.0.18
   Compiling clap_derive v4.6.1
   Compiling ignore v0.4.25
   Compiling zerofrom v0.1.7
   Compiling yoke v0.8.2
   Compiling zerovec v0.11.6
   Compiling zerotrie v0.2.4
   Compiling filedescriptor v0.8.3
   Compiling portable-pty v0.9.0
   Compiling clap v4.6.1
   Compiling tinystr v0.8.3
   Compiling potential_utf v0.1.5
   Compiling icu_collections v2.2.0
   Compiling icu_locale_core v2.2.0
   Compiling cargo-platform v0.1.9
   Compiling jankurai-proofbind v0.8.0 (/home/ubuntu/.cargo/git/checkouts/jankurai-e6549eec6e28157b/3c80445/crates/jankurai-proofbind)
   Compiling serde_yaml v0.9.34+deprecated
   Compiling jankurai-guard v0.1.0 (/home/ubuntu/.cargo/git/checkouts/jankurai-e6549eec6e28157b/3c80445/crates/jankurai-guard)
   Compiling icu_provider v2.2.0
   Compiling cargo_metadata v0.19.2
   Compiling icu_normalizer v2.2.0
   Compiling icu_properties v2.2.0
   Compiling jankurai-proofmark v0.8.0 (/home/ubuntu/.cargo/git/checkouts/jankurai-e6549eec6e28157b/3c80445/crates/jankurai-proofmark)
   Compiling idna_adapter v1.2.2
   Compiling idna v1.1.0
   Compiling url v2.5.8
   Compiling ureq v2.12.1
   Compiling jankurai v1.6.10 (/home/ubuntu/.cargo/git/checkouts/jankurai-e6549eec6e28157b/3c80445/crates/jankurai)
    Finished `release` profile [optimized] target(s) in 45.21s
  Installing /tmp/jankurai-release.8ENFwB/install-root/bin/jankurai
   Installed package `jankurai v1.6.10 (http://127.0.0.1:8787/git/jeryu/jankurai.git?rev=3c804453e6c7a6e0e4028d95cc3bccea467277ef#3c804453)` (executable `jankurai`)
warning: be sure to add `/tmp/jankurai-release.8ENFwB/install-root/bin` to your PATH to be able to run the installed binaries
jankurai runtime schemas verified: /home/ubuntu/.cargo/git/checkouts/jankurai-e6549eec6e28157b/3c80445/schemas
jankurai source verified: http://127.0.0.1:8787/git/jeryu/jankurai.git v1.6.10 3c804453e6c7a6e0e4028d95cc3bccea467277ef
jankurai installed: /home/ubuntu/.cargo/bin/jankurai (jankurai 1.6.10)
jankurai ratchet accepted: no score drop, new caps, or new hard findings vs baseline
    Updating git repository `http://127.0.0.1:8787/git/jeryu/jankurai.git`
  Installing jankurai v1.6.10 (http://127.0.0.1:8787/git/jeryu/jankurai.git?rev=3c804453e6c7a6e0e4028d95cc3bccea467277ef#3c804453)
    Updating crates.io index
   Compiling quote v1.0.45
   Compiling proc-macro2 v1.0.106
   Compiling unicode-ident v1.0.24
   Compiling serde_core v1.0.228
   Compiling libc v0.2.186
   Compiling stable_deref_trait v1.2.1
   Compiling memchr v2.8.0
   Compiling crossbeam-utils v0.8.21
   Compiling serde v1.0.228
   Compiling zmij v1.0.21
   Compiling litemap v0.8.2
   Compiling version_check v0.9.5
   Compiling writeable v0.6.3
   Compiling icu_properties_data v2.2.0
   Compiling icu_normalizer_data v2.2.0
   Compiling serde_json v1.0.149
   Compiling utf8_iter v1.0.4
   Compiling log v0.4.29
   Compiling itoa v1.0.18
   Compiling cfg-if v1.0.4
   Compiling typenum v1.20.0
   Compiling anyhow v1.0.102
   Compiling winnow v1.0.2
   Compiling thiserror v1.0.69
   Compiling smallvec v1.15.1
   Compiling autocfg v1.5.0
   Compiling utf8parse v0.2.2
   Compiling regex-syntax v0.8.10
   Compiling cfg_aliases v0.1.1
   Compiling anstyle-parse v1.0.0
   Compiling anstyle-query v1.1.5
   Compiling nix v0.28.0
   Compiling anstyle v1.0.14
   Compiling thiserror v2.0.18
   Compiling toml_writer v1.1.1+spec-1.1.0
   Compiling colorchoice v1.0.5
   Compiling is_terminal_polyfill v1.70.2
   Compiling same-file v1.0.6
   Compiling winnow v0.7.15
   Compiling generic-array v0.14.7
   Compiling portable-atomic v1.13.1
   Compiling bitflags v1.3.2
   Compiling bitflags v2.11.1
   Compiling toml_parser v1.1.2+spec-1.1.0
   Compiling num-traits v0.2.19
   Compiling anstream v1.0.0
   Compiling walkdir v2.5.0
   Compiling camino v1.2.2
   Compiling rayon-core v1.13.0
   Compiling heck v0.5.0
   Compiling percent-encoding v2.3.2
   Compiling once_cell v1.21.4
   Compiling strsim v0.11.1
   Compiling aho-corasick v1.1.4
   Compiling bstr v1.12.1
   Compiling clap_lex v1.1.0
   Compiling form_urlencoded v1.2.2
   Compiling iana-time-zone v0.1.65
   Compiling cpufeatures v0.2.17
   Compiling crossbeam-epoch v0.9.18
   Compiling clap_builder v4.6.0
   Compiling crossbeam-channel v0.5.15
   Compiling downcast-rs v1.2.1
   Compiling hashbrown v0.17.0
   Compiling shell-words v1.1.1
   Compiling unicode-width v0.2.2
   Compiling equivalent v1.0.2
   Compiling syn v2.0.117
   Compiling crossbeam-deque v0.8.6
   Compiling base64 v0.22.1
   Compiling number_prefix v0.4.0
   Compiling ryu v1.0.23
   Compiling either v1.15.0
   Compiling unsafe-libyaml v0.2.11
   Compiling chrono v0.4.44
   Compiling crypto-common v0.1.7
   Compiling block-buffer v0.10.4
   Compiling digest v0.10.7
   Compiling indexmap v2.14.0
   Compiling sha2 v0.10.9
   Compiling rayon v1.12.0
   Compiling regex-automata v0.4.14
   Compiling inotify-sys v0.1.5
   Compiling filetime v0.2.29
   Compiling mio v0.8.11
   Compiling serial2 v0.2.36
   Compiling inotify v0.9.6
   Compiling console v0.15.11
   Compiling notify v6.1.1
   Compiling indicatif v0.17.11
   Compiling serde_spanned v1.1.1
   Compiling toml_datetime v0.7.5+spec-1.1.0
   Compiling semver v1.0.28
   Compiling toml v0.9.12+spec-1.1.0
   Compiling synstructure v0.13.2
   Compiling globset v0.4.18
   Compiling regex v1.12.3
   Compiling zerofrom-derive v0.1.7
   Compiling yoke-derive v0.8.2
   Compiling zerovec-derive v0.11.3
   Compiling displaydoc v0.2.5
   Compiling serde_derive v1.0.228
   Compiling thiserror-impl v1.0.69
   Compiling thiserror-impl v2.0.18
   Compiling clap_derive v4.6.1
   Compiling ignore v0.4.25
   Compiling zerofrom v0.1.7
   Compiling yoke v0.8.2
   Compiling zerovec v0.11.6
   Compiling zerotrie v0.2.4
   Compiling filedescriptor v0.8.3
   Compiling portable-pty v0.9.0
   Compiling tinystr v0.8.3
   Compiling potential_utf v0.1.5
   Compiling icu_collections v2.2.0
   Compiling icu_locale_core v2.2.0
   Compiling clap v4.6.1
   Compiling icu_provider v2.2.0
   Compiling icu_normalizer v2.2.0
   Compiling icu_properties v2.2.0
   Compiling cargo-platform v0.1.9
   Compiling jankurai-proofbind v0.8.0 (/home/ubuntu/.cargo/git/checkouts/jankurai-e6549eec6e28157b/3c80445/crates/jankurai-proofbind)
   Compiling serde_yaml v0.9.34+deprecated
   Compiling jankurai-guard v0.1.0 (/home/ubuntu/.cargo/git/checkouts/jankurai-e6549eec6e28157b/3c80445/crates/jankurai-guard)
   Compiling cargo_metadata v0.19.2
   Compiling jankurai-proofmark v0.8.0 (/home/ubuntu/.cargo/git/checkouts/jankurai-e6549eec6e28157b/3c80445/crates/jankurai-proofmark)
   Compiling idna_adapter v1.2.2
   Compiling idna v1.1.0
   Compiling url v2.5.8
   Compiling ureq v2.12.1
   Compiling jankurai v1.6.10 (/home/ubuntu/.cargo/git/checkouts/jankurai-e6549eec6e28157b/3c80445/crates/jankurai)
    Finished `release` profile [optimized] target(s) in 46.64s
  Installing /tmp/jankurai-release.2B0i4D/install-root/bin/jankurai
   Installed package `jankurai v1.6.10 (http://127.0.0.1:8787/git/jeryu/jankurai.git?rev=3c804453e6c7a6e0e4028d95cc3bccea467277ef#3c804453)` (executable `jankurai`)
warning: be sure to add `/tmp/jankurai-release.2B0i4D/install-root/bin` to your PATH to be able to run the installed binaries
jankurai runtime schemas verified: /home/ubuntu/.cargo/git/checkouts/jankurai-e6549eec6e28157b/3c80445/schemas
jankurai source verified: http://127.0.0.1:8787/git/jeryu/jankurai.git v1.6.10 3c804453e6c7a6e0e4028d95cc3bccea467277ef
jankurai installed: /home/ubuntu/.cargo/bin/jankurai (jankurai 1.6.10)
jankurai ratchet accepted: no score drop, new caps, or new hard findings vs baseline
   Compiling getrandom v0.3.4
   Compiling sqlparser v0.61.0
   Compiling ahash v0.8.12
   Compiling tempfile v3.27.0
   Compiling redlinedb-kernel v4.1.0 (/tmp/redline-family-ci-192313-1784173362536058738/redline-core/crates/kernel)
   Compiling redlinedb-sql v4.1.0 (/tmp/redline-family-ci-192313-1784173362536058738/redline-core/crates/sql)
warning: field `name` is never read
    --> crates/sql/src/parser.rs:4705:18
     |
4705 |     InlineExpr { name: String, body: String },
     |     ----------   ^^^^
     |     |
     |     field in this variant
     |
     = note: `#[warn(dead_code)]` (part of `#[warn(unused)]`) on by default

warning: field `single_col_name` is never read
    --> crates/sql/src/parser.rs:4708:22
     |
4708 |     ScalarSubquery { single_col_name: String },
     |     --------------   ^^^^^^^^^^^^^^^
     |     |
     |     field in this variant

warning: `redlinedb-sql` (lib) generated 2 warnings
   Compiling redlinedb-ffi v4.1.0 (/tmp/redline-family-ci-192313-1784173362536058738/redline-core/crates/ffi)
    Finished `test` profile [unoptimized + debuginfo] target(s) in 24.87s
  Executable tests/exec_input_boundary.rs (target/debug/deps/exec_input_boundary-b127242e39b32dc6)
    Updating git repository `http://127.0.0.1:8787/git/jeryu/jankurai.git`
  Installing jankurai v1.6.10 (http://127.0.0.1:8787/git/jeryu/jankurai.git?rev=3c804453e6c7a6e0e4028d95cc3bccea467277ef#3c804453)
    Updating crates.io index
   Compiling quote v1.0.45
   Compiling proc-macro2 v1.0.106
   Compiling unicode-ident v1.0.24
   Compiling serde_core v1.0.228
   Compiling libc v0.2.186
   Compiling stable_deref_trait v1.2.1
   Compiling memchr v2.8.0
   Compiling crossbeam-utils v0.8.21
   Compiling serde v1.0.228
   Compiling litemap v0.8.2
   Compiling zmij v1.0.21
   Compiling writeable v0.6.3
   Compiling version_check v0.9.5
   Compiling icu_normalizer_data v2.2.0
   Compiling utf8_iter v1.0.4
   Compiling log v0.4.29
   Compiling cfg-if v1.0.4
   Compiling serde_json v1.0.149
   Compiling itoa v1.0.18
   Compiling icu_properties_data v2.2.0
   Compiling anyhow v1.0.102
   Compiling typenum v1.20.0
   Compiling regex-syntax v0.8.10
   Compiling utf8parse v0.2.2
   Compiling autocfg v1.5.0
   Compiling thiserror v1.0.69
   Compiling cfg_aliases v0.1.1
   Compiling winnow v1.0.2
   Compiling smallvec v1.15.1
   Compiling anstyle-parse v1.0.0
   Compiling nix v0.28.0
   Compiling same-file v1.0.6
   Compiling colorchoice v1.0.5
   Compiling anstyle v1.0.14
   Compiling toml_writer v1.1.1+spec-1.1.0
   Compiling anstyle-query v1.1.5
   Compiling is_terminal_polyfill v1.70.2
   Compiling generic-array v0.14.7
   Compiling winnow v0.7.15
   Compiling thiserror v2.0.18
   Compiling walkdir v2.5.0
   Compiling bitflags v2.11.1
   Compiling percent-encoding v2.3.2
   Compiling portable-atomic v1.13.1
   Compiling camino v1.2.2
   Compiling num-traits v0.2.19
   Compiling anstream v1.0.0
   Compiling rayon-core v1.13.0
   Compiling bitflags v1.3.2
   Compiling clap_lex v1.1.0
   Compiling heck v0.5.0
   Compiling toml_parser v1.1.2+spec-1.1.0
   Compiling aho-corasick v1.1.4
   Compiling bstr v1.12.1
   Compiling strsim v0.11.1
   Compiling once_cell v1.21.4
   Compiling form_urlencoded v1.2.2
   Compiling hashbrown v0.17.0
   Compiling shell-words v1.1.1
   Compiling downcast-rs v1.2.1
   Compiling crossbeam-epoch v0.9.18
   Compiling crossbeam-channel v0.5.15
   Compiling clap_builder v4.6.0
   Compiling unicode-width v0.2.2
   Compiling iana-time-zone v0.1.65
   Compiling cpufeatures v0.2.17
   Compiling equivalent v1.0.2
   Compiling syn v2.0.117
   Compiling crossbeam-deque v0.8.6
   Compiling either v1.15.0
   Compiling base64 v0.22.1
   Compiling unsafe-libyaml v0.2.11
   Compiling ryu v1.0.23
   Compiling number_prefix v0.4.0
   Compiling chrono v0.4.44
   Compiling indexmap v2.14.0
   Compiling rayon v1.12.0
   Compiling block-buffer v0.10.4
   Compiling crypto-common v0.1.7
   Compiling digest v0.10.7
   Compiling inotify-sys v0.1.5
   Compiling mio v0.8.11
   Compiling filetime v0.2.29
   Compiling inotify v0.9.6
   Compiling serial2 v0.2.36
   Compiling sha2 v0.10.9
   Compiling console v0.15.11
   Compiling notify v6.1.1
   Compiling regex-automata v0.4.14
   Compiling indicatif v0.17.11
   Compiling toml_datetime v0.7.5+spec-1.1.0
   Compiling serde_spanned v1.1.1
   Compiling semver v1.0.28
   Compiling toml v0.9.12+spec-1.1.0
   Compiling synstructure v0.13.2
   Compiling zerofrom-derive v0.1.7
   Compiling yoke-derive v0.8.2
   Compiling zerovec-derive v0.11.3
   Compiling displaydoc v0.2.5
   Compiling serde_derive v1.0.228
   Compiling thiserror-impl v1.0.69
   Compiling thiserror-impl v2.0.18
   Compiling clap_derive v4.6.1
   Compiling zerofrom v0.1.7
   Compiling globset v0.4.18
   Compiling regex v1.12.3
   Compiling yoke v0.8.2
   Compiling zerovec v0.11.6
   Compiling zerotrie v0.2.4
   Compiling filedescriptor v0.8.3
   Compiling ignore v0.4.25
   Compiling portable-pty v0.9.0
   Compiling clap v4.6.1
   Compiling tinystr v0.8.3
   Compiling potential_utf v0.1.5
   Compiling icu_collections v2.2.0
   Compiling icu_locale_core v2.2.0
   Compiling icu_provider v2.2.0
   Compiling jankurai-proofbind v0.8.0 (/home/ubuntu/.cargo/git/checkouts/jankurai-e6549eec6e28157b/3c80445/crates/jankurai-proofbind)
   Compiling cargo-platform v0.1.9
   Compiling serde_yaml v0.9.34+deprecated
   Compiling jankurai-guard v0.1.0 (/home/ubuntu/.cargo/git/checkouts/jankurai-e6549eec6e28157b/3c80445/crates/jankurai-guard)
   Compiling cargo_metadata v0.19.2
   Compiling icu_properties v2.2.0
   Compiling icu_normalizer v2.2.0
   Compiling jankurai-proofmark v0.8.0 (/home/ubuntu/.cargo/git/checkouts/jankurai-e6549eec6e28157b/3c80445/crates/jankurai-proofmark)
   Compiling idna_adapter v1.2.2
   Compiling idna v1.1.0
   Compiling url v2.5.8
   Compiling ureq v2.12.1
   Compiling jankurai v1.6.10 (/home/ubuntu/.cargo/git/checkouts/jankurai-e6549eec6e28157b/3c80445/crates/jankurai)
    Finished `release` profile [optimized] target(s) in 41.16s
  Installing /tmp/jankurai-release.t4keVG/install-root/bin/jankurai
   Installed package `jankurai v1.6.10 (http://127.0.0.1:8787/git/jeryu/jankurai.git?rev=3c804453e6c7a6e0e4028d95cc3bccea467277ef#3c804453)` (executable `jankurai`)
warning: be sure to add `/tmp/jankurai-release.t4keVG/install-root/bin` to your PATH to be able to run the installed binaries
jankurai runtime schemas verified: /home/ubuntu/.cargo/git/checkouts/jankurai-e6549eec6e28157b/3c80445/schemas
jankurai source verified: http://127.0.0.1:8787/git/jeryu/jankurai.git v1.6.10 3c804453e6c7a6e0e4028d95cc3bccea467277ef
jankurai installed: /home/ubuntu/.cargo/bin/jankurai (jankurai 1.6.10)
jankurai ratchet accepted: no score drop, new caps, or new hard findings vs baseline
    Updating git repository `http://127.0.0.1:8787/git/jeryu/jankurai.git`
  Installing jankurai v1.6.10 (http://127.0.0.1:8787/git/jeryu/jankurai.git?rev=3c804453e6c7a6e0e4028d95cc3bccea467277ef#3c804453)
    Updating crates.io index
   Compiling quote v1.0.45
   Compiling proc-macro2 v1.0.106
   Compiling unicode-ident v1.0.24
   Compiling serde_core v1.0.228
   Compiling libc v0.2.186
   Compiling stable_deref_trait v1.2.1
   Compiling memchr v2.8.0
   Compiling crossbeam-utils v0.8.21
   Compiling serde v1.0.228
   Compiling writeable v0.6.3
   Compiling zmij v1.0.21
   Compiling version_check v0.9.5
   Compiling litemap v0.8.2
   Compiling icu_properties_data v2.2.0
   Compiling serde_json v1.0.149
   Compiling cfg-if v1.0.4
   Compiling utf8_iter v1.0.4
   Compiling icu_normalizer_data v2.2.0
   Compiling itoa v1.0.18
   Compiling log v0.4.29
   Compiling typenum v1.20.0
   Compiling anyhow v1.0.102
   Compiling thiserror v1.0.69
   Compiling winnow v1.0.2
   Compiling autocfg v1.5.0
   Compiling cfg_aliases v0.1.1
   Compiling utf8parse v0.2.2
   Compiling smallvec v1.15.1
   Compiling regex-syntax v0.8.10
   Compiling anstyle-parse v1.0.0
   Compiling nix v0.28.0
   Compiling same-file v1.0.6
   Compiling toml_writer v1.1.1+spec-1.1.0
   Compiling anstyle v1.0.14
   Compiling winnow v0.7.15
   Compiling generic-array v0.14.7
   Compiling anstyle-query v1.1.5
   Compiling thiserror v2.0.18
   Compiling colorchoice v1.0.5
   Compiling is_terminal_polyfill v1.70.2
   Compiling walkdir v2.5.0
   Compiling once_cell v1.21.4
   Compiling clap_lex v1.1.0
   Compiling strsim v0.11.1
   Compiling portable-atomic v1.13.1
   Compiling anstream v1.0.0
   Compiling toml_parser v1.1.2+spec-1.1.0
   Compiling num-traits v0.2.19
   Compiling bitflags v1.3.2
   Compiling rayon-core v1.13.0
   Compiling camino v1.2.2
   Compiling aho-corasick v1.1.4
   Compiling bstr v1.12.1
   Compiling heck v0.5.0
   Compiling bitflags v2.11.1
   Compiling percent-encoding v2.3.2
   Compiling clap_builder v4.6.0
   Compiling crossbeam-epoch v0.9.18
   Compiling form_urlencoded v1.2.2
   Compiling crossbeam-channel v0.5.15
   Compiling cpufeatures v0.2.17
   Compiling unicode-width v0.2.2
   Compiling downcast-rs v1.2.1
   Compiling iana-time-zone v0.1.65
   Compiling shell-words v1.1.1
   Compiling crossbeam-deque v0.8.6
   Compiling equivalent v1.0.2
   Compiling syn v2.0.117
   Compiling hashbrown v0.17.0
   Compiling unsafe-libyaml v0.2.11
   Compiling number_prefix v0.4.0
   Compiling ryu v1.0.23
   Compiling base64 v0.22.1
   Compiling either v1.15.0
   Compiling chrono v0.4.44
   Compiling indexmap v2.14.0
   Compiling rayon v1.12.0
   Compiling crypto-common v0.1.7
   Compiling block-buffer v0.10.4
   Compiling digest v0.10.7
   Compiling sha2 v0.10.9
   Compiling inotify-sys v0.1.5
   Compiling filetime v0.2.29
   Compiling serial2 v0.2.36
   Compiling mio v0.8.11
   Compiling console v0.15.11
   Compiling inotify v0.9.6
   Compiling regex-automata v0.4.14
   Compiling notify v6.1.1
   Compiling indicatif v0.17.11
   Compiling toml_datetime v0.7.5+spec-1.1.0
   Compiling serde_spanned v1.1.1
   Compiling semver v1.0.28
   Compiling toml v0.9.12+spec-1.1.0
   Compiling synstructure v0.13.2
   Compiling globset v0.4.18
   Compiling regex v1.12.3
   Compiling zerofrom-derive v0.1.7
   Compiling yoke-derive v0.8.2
   Compiling zerovec-derive v0.11.3
   Compiling displaydoc v0.2.5
   Compiling serde_derive v1.0.228
   Compiling thiserror-impl v1.0.69
   Compiling thiserror-impl v2.0.18
   Compiling clap_derive v4.6.1
   Compiling ignore v0.4.25
   Compiling zerofrom v0.1.7
   Compiling yoke v0.8.2
   Compiling filedescriptor v0.8.3
   Compiling zerovec v0.11.6
   Compiling zerotrie v0.2.4
   Compiling portable-pty v0.9.0
   Compiling clap v4.6.1
   Compiling tinystr v0.8.3
   Compiling potential_utf v0.1.5
   Compiling icu_collections v2.2.0
   Compiling icu_locale_core v2.2.0
   Compiling icu_provider v2.2.0
   Compiling cargo-platform v0.1.9
   Compiling jankurai-proofbind v0.8.0 (/home/ubuntu/.cargo/git/checkouts/jankurai-e6549eec6e28157b/3c80445/crates/jankurai-proofbind)
   Compiling jankurai-guard v0.1.0 (/home/ubuntu/.cargo/git/checkouts/jankurai-e6549eec6e28157b/3c80445/crates/jankurai-guard)
   Compiling serde_yaml v0.9.34+deprecated
   Compiling cargo_metadata v0.19.2
   Compiling icu_properties v2.2.0
   Compiling icu_normalizer v2.2.0
   Compiling jankurai-proofmark v0.8.0 (/home/ubuntu/.cargo/git/checkouts/jankurai-e6549eec6e28157b/3c80445/crates/jankurai-proofmark)
   Compiling idna_adapter v1.2.2
   Compiling idna v1.1.0
   Compiling url v2.5.8
   Compiling ureq v2.12.1
   Compiling jankurai v1.6.10 (/home/ubuntu/.cargo/git/checkouts/jankurai-e6549eec6e28157b/3c80445/crates/jankurai)
    Finished `release` profile [optimized] target(s) in 40.49s
  Installing /tmp/jankurai-release.lmzNQi/install-root/bin/jankurai
   Installed package `jankurai v1.6.10 (http://127.0.0.1:8787/git/jeryu/jankurai.git?rev=3c804453e6c7a6e0e4028d95cc3bccea467277ef#3c804453)` (executable `jankurai`)
warning: be sure to add `/tmp/jankurai-release.lmzNQi/install-root/bin` to your PATH to be able to run the installed binaries
jankurai runtime schemas verified: /home/ubuntu/.cargo/git/checkouts/jankurai-e6549eec6e28157b/3c80445/schemas
jankurai source verified: http://127.0.0.1:8787/git/jeryu/jankurai.git v1.6.10 3c804453e6c7a6e0e4028d95cc3bccea467277ef
jankurai installed: /home/ubuntu/.cargo/bin/jankurai (jankurai 1.6.10)
jankurai ratchet accepted: no score drop, new caps, or new hard findings vs baseline
    Updating git repository `http://127.0.0.1:8787/git/jeryu/jankurai.git`
  Installing jankurai v1.6.10 (http://127.0.0.1:8787/git/jeryu/jankurai.git?rev=3c804453e6c7a6e0e4028d95cc3bccea467277ef#3c804453)
    Updating crates.io index
   Compiling quote v1.0.45
   Compiling proc-macro2 v1.0.106
   Compiling unicode-ident v1.0.24
   Compiling serde_core v1.0.228
   Compiling stable_deref_trait v1.2.1
   Compiling libc v0.2.186
   Compiling memchr v2.8.0
   Compiling crossbeam-utils v0.8.21
   Compiling serde v1.0.228
   Compiling version_check v0.9.5
   Compiling zmij v1.0.21
   Compiling writeable v0.6.3
   Compiling litemap v0.8.2
   Compiling serde_json v1.0.149
   Compiling utf8_iter v1.0.4
   Compiling icu_properties_data v2.2.0
   Compiling itoa v1.0.18
   Compiling log v0.4.29
   Compiling icu_normalizer_data v2.2.0
   Compiling cfg-if v1.0.4
   Compiling typenum v1.20.0
   Compiling anyhow v1.0.102
   Compiling regex-syntax v0.8.10
   Compiling thiserror v1.0.69
   Compiling winnow v1.0.2
   Compiling utf8parse v0.2.2
   Compiling autocfg v1.5.0
   Compiling smallvec v1.15.1
   Compiling cfg_aliases v0.1.1
   Compiling anstyle-parse v1.0.0
   Compiling toml_writer v1.1.1+spec-1.1.0
   Compiling nix v0.28.0
   Compiling thiserror v2.0.18
   Compiling same-file v1.0.6
   Compiling anstyle v1.0.14
   Compiling anstyle-query v1.1.5
   Compiling generic-array v0.14.7
   Compiling is_terminal_polyfill v1.70.2
   Compiling colorchoice v1.0.5
   Compiling winnow v0.7.15
   Compiling toml_parser v1.1.2+spec-1.1.0
   Compiling walkdir v2.5.0
   Compiling percent-encoding v2.3.2
   Compiling anstream v1.0.0
   Compiling portable-atomic v1.13.1
   Compiling clap_lex v1.1.0
   Compiling once_cell v1.21.4
   Compiling aho-corasick v1.1.4
   Compiling bstr v1.12.1
   Compiling camino v1.2.2
   Compiling strsim v0.11.1
   Compiling num-traits v0.2.19
   Compiling rayon-core v1.13.0
   Compiling bitflags v2.11.1
   Compiling heck v0.5.0
   Compiling bitflags v1.3.2
   Compiling crossbeam-epoch v0.9.18
   Compiling crossbeam-channel v0.5.15
   Compiling form_urlencoded v1.2.2
   Compiling clap_builder v4.6.0
   Compiling downcast-rs v1.2.1
   Compiling equivalent v1.0.2
   Compiling iana-time-zone v0.1.65
   Compiling hashbrown v0.17.0
   Compiling crossbeam-deque v0.8.6
   Compiling cpufeatures v0.2.17
   Compiling unicode-width v0.2.2
   Compiling shell-words v1.1.1
   Compiling number_prefix v0.4.0
   Compiling ryu v1.0.23
   Compiling syn v2.0.117
   Compiling either v1.15.0
   Compiling unsafe-libyaml v0.2.11
   Compiling base64 v0.22.1
   Compiling block-buffer v0.10.4
   Compiling crypto-common v0.1.7
   Compiling digest v0.10.7
   Compiling chrono v0.4.44
   Compiling rayon v1.12.0
   Compiling indexmap v2.14.0
   Compiling sha2 v0.10.9
   Compiling inotify-sys v0.1.5
   Compiling filetime v0.2.29
   Compiling serial2 v0.2.36
   Compiling mio v0.8.11
   Compiling console v0.15.11
   Compiling regex-automata v0.4.14
   Compiling inotify v0.9.6
   Compiling notify v6.1.1
   Compiling indicatif v0.17.11
   Compiling serde_spanned v1.1.1
   Compiling toml_datetime v0.7.5+spec-1.1.0
   Compiling semver v1.0.28
   Compiling toml v0.9.12+spec-1.1.0
   Compiling synstructure v0.13.2
   Compiling globset v0.4.18
   Compiling regex v1.12.3
   Compiling zerofrom-derive v0.1.7
   Compiling yoke-derive v0.8.2
   Compiling zerovec-derive v0.11.3
   Compiling displaydoc v0.2.5
   Compiling serde_derive v1.0.228
   Compiling thiserror-impl v1.0.69
   Compiling thiserror-impl v2.0.18
   Compiling clap_derive v4.6.1
   Compiling ignore v0.4.25
   Compiling zerofrom v0.1.7
   Compiling filedescriptor v0.8.3
   Compiling yoke v0.8.2
   Compiling zerovec v0.11.6
   Compiling zerotrie v0.2.4
   Compiling portable-pty v0.9.0
   Compiling clap v4.6.1
   Compiling tinystr v0.8.3
   Compiling potential_utf v0.1.5
   Compiling icu_collections v2.2.0
   Compiling icu_locale_core v2.2.0
   Compiling jankurai-proofbind v0.8.0 (/home/ubuntu/.cargo/git/checkouts/jankurai-e6549eec6e28157b/3c80445/crates/jankurai-proofbind)
   Compiling cargo-platform v0.1.9
   Compiling jankurai-guard v0.1.0 (/home/ubuntu/.cargo/git/checkouts/jankurai-e6549eec6e28157b/3c80445/crates/jankurai-guard)
   Compiling serde_yaml v0.9.34+deprecated
   Compiling cargo_metadata v0.19.2
   Compiling icu_provider v2.2.0
   Compiling jankurai-proofmark v0.8.0 (/home/ubuntu/.cargo/git/checkouts/jankurai-e6549eec6e28157b/3c80445/crates/jankurai-proofmark)
   Compiling icu_normalizer v2.2.0
   Compiling icu_properties v2.2.0
   Compiling idna_adapter v1.2.2
   Compiling idna v1.1.0
   Compiling url v2.5.8
   Compiling ureq v2.12.1
   Compiling jankurai v1.6.10 (/home/ubuntu/.cargo/git/checkouts/jankurai-e6549eec6e28157b/3c80445/crates/jankurai)
    Finished `release` profile [optimized] target(s) in 43.17s
  Installing /tmp/jankurai-release.TK92hd/install-root/bin/jankurai
   Installed package `jankurai v1.6.10 (http://127.0.0.1:8787/git/jeryu/jankurai.git?rev=3c804453e6c7a6e0e4028d95cc3bccea467277ef#3c804453)` (executable `jankurai`)
warning: be sure to add `/tmp/jankurai-release.TK92hd/install-root/bin` to your PATH to be able to run the installed binaries
jankurai runtime schemas verified: /home/ubuntu/.cargo/git/checkouts/jankurai-e6549eec6e28157b/3c80445/schemas
jankurai source verified: http://127.0.0.1:8787/git/jeryu/jankurai.git v1.6.10 3c804453e6c7a6e0e4028d95cc3bccea467277ef
jankurai installed: /home/ubuntu/.cargo/bin/jankurai (jankurai 1.6.10)
jankurai ratchet accepted: no score drop, new caps, or new hard findings vs baseline
    Updating git repository `http://127.0.0.1:8787/git/jeryu/jankurai.git`
  Installing jankurai v1.6.10 (http://127.0.0.1:8787/git/jeryu/jankurai.git?rev=3c804453e6c7a6e0e4028d95cc3bccea467277ef#3c804453)
    Updating crates.io index
   Compiling quote v1.0.45
   Compiling proc-macro2 v1.0.106
   Compiling unicode-ident v1.0.24
   Compiling serde_core v1.0.228
   Compiling libc v0.2.186
   Compiling stable_deref_trait v1.2.1
   Compiling memchr v2.8.0
   Compiling crossbeam-utils v0.8.21
   Compiling serde v1.0.228
   Compiling version_check v0.9.5
   Compiling writeable v0.6.3
   Compiling litemap v0.8.2
   Compiling zmij v1.0.21
   Compiling icu_properties_data v2.2.0
   Compiling utf8_iter v1.0.4
   Compiling cfg-if v1.0.4
   Compiling itoa v1.0.18
   Compiling icu_normalizer_data v2.2.0
   Compiling serde_json v1.0.149
   Compiling log v0.4.29
   Compiling anyhow v1.0.102
   Compiling typenum v1.20.0
   Compiling thiserror v1.0.69
   Compiling regex-syntax v0.8.10
   Compiling autocfg v1.5.0
   Compiling smallvec v1.15.1
   Compiling winnow v1.0.2
   Compiling utf8parse v0.2.2
   Compiling cfg_aliases v0.1.1
   Compiling winnow v0.7.15
   Compiling nix v0.28.0
   Compiling anstyle-parse v1.0.0
   Compiling thiserror v2.0.18
   Compiling anstyle-query v1.1.5
   Compiling is_terminal_polyfill v1.70.2
   Compiling toml_writer v1.1.1+spec-1.1.0
   Compiling generic-array v0.14.7
   Compiling anstyle v1.0.14
   Compiling colorchoice v1.0.5
   Compiling same-file v1.0.6
   Compiling strsim v0.11.1
   Compiling camino v1.2.2
   Compiling bitflags v2.11.1
   Compiling bitflags v1.3.2
   Compiling once_cell v1.21.4
   Compiling toml_parser v1.1.2+spec-1.1.0
   Compiling num-traits v0.2.19
   Compiling aho-corasick v1.1.4
   Compiling bstr v1.12.1
   Compiling anstream v1.0.0
   Compiling walkdir v2.5.0
   Compiling heck v0.5.0
   Compiling portable-atomic v1.13.1
   Compiling percent-encoding v2.3.2
   Compiling rayon-core v1.13.0
   Compiling clap_lex v1.1.0
   Compiling crossbeam-epoch v0.9.18
   Compiling crossbeam-channel v0.5.15
   Compiling form_urlencoded v1.2.2
   Compiling equivalent v1.0.2
   Compiling clap_builder v4.6.0
   Compiling hashbrown v0.17.0
   Compiling unicode-width v0.2.2
   Compiling crossbeam-deque v0.8.6
   Compiling shell-words v1.1.1
   Compiling cpufeatures v0.2.17
   Compiling iana-time-zone v0.1.65
   Compiling downcast-rs v1.2.1
   Compiling unsafe-libyaml v0.2.11
   Compiling syn v2.0.117
   Compiling either v1.15.0
   Compiling base64 v0.22.1
   Compiling ryu v1.0.23
   Compiling number_prefix v0.4.0
   Compiling chrono v0.4.44
   Compiling indexmap v2.14.0
   Compiling crypto-common v0.1.7
   Compiling block-buffer v0.10.4
   Compiling rayon v1.12.0
   Compiling digest v0.10.7
   Compiling sha2 v0.10.9
   Compiling regex-automata v0.4.14
   Compiling inotify-sys v0.1.5
   Compiling filetime v0.2.29
   Compiling serial2 v0.2.36
   Compiling mio v0.8.11
   Compiling inotify v0.9.6
   Compiling console v0.15.11
   Compiling toml_datetime v0.7.5+spec-1.1.0
   Compiling serde_spanned v1.1.1
   Compiling semver v1.0.28
   Compiling notify v6.1.1
   Compiling indicatif v0.17.11
   Compiling toml v0.9.12+spec-1.1.0
   Compiling globset v0.4.18
   Compiling regex v1.12.3
   Compiling synstructure v0.13.2
   Compiling ignore v0.4.25
   Compiling zerofrom-derive v0.1.7
   Compiling yoke-derive v0.8.2
   Compiling zerovec-derive v0.11.3
   Compiling displaydoc v0.2.5
   Compiling serde_derive v1.0.228
   Compiling thiserror-impl v1.0.69
   Compiling thiserror-impl v2.0.18
   Compiling clap_derive v4.6.1
   Compiling zerofrom v0.1.7
   Compiling yoke v0.8.2
   Compiling zerotrie v0.2.4
   Compiling zerovec v0.11.6
   Compiling filedescriptor v0.8.3
   Compiling portable-pty v0.9.0
   Compiling tinystr v0.8.3
   Compiling potential_utf v0.1.5
   Compiling icu_collections v2.2.0
   Compiling icu_locale_core v2.2.0
   Compiling clap v4.6.1
   Compiling icu_provider v2.2.0
   Compiling icu_properties v2.2.0
   Compiling icu_normalizer v2.2.0
   Compiling jankurai-proofbind v0.8.0 (/home/ubuntu/.cargo/git/checkouts/jankurai-e6549eec6e28157b/3c80445/crates/jankurai-proofbind)
   Compiling cargo-platform v0.1.9
   Compiling serde_yaml v0.9.34+deprecated
   Compiling jankurai-guard v0.1.0 (/home/ubuntu/.cargo/git/checkouts/jankurai-e6549eec6e28157b/3c80445/crates/jankurai-guard)
   Compiling cargo_metadata v0.19.2
   Compiling jankurai-proofmark v0.8.0 (/home/ubuntu/.cargo/git/checkouts/jankurai-e6549eec6e28157b/3c80445/crates/jankurai-proofmark)
   Compiling idna_adapter v1.2.2
   Compiling idna v1.1.0
   Compiling url v2.5.8
   Compiling ureq v2.12.1
   Compiling jankurai v1.6.10 (/home/ubuntu/.cargo/git/checkouts/jankurai-e6549eec6e28157b/3c80445/crates/jankurai)
    Finished `release` profile [optimized] target(s) in 39.60s
  Installing /tmp/jankurai-release.DiGZTm/install-root/bin/jankurai
   Installed package `jankurai v1.6.10 (http://127.0.0.1:8787/git/jeryu/jankurai.git?rev=3c804453e6c7a6e0e4028d95cc3bccea467277ef#3c804453)` (executable `jankurai`)
warning: be sure to add `/tmp/jankurai-release.DiGZTm/install-root/bin` to your PATH to be able to run the installed binaries
jankurai runtime schemas verified: /home/ubuntu/.cargo/git/checkouts/jankurai-e6549eec6e28157b/3c80445/schemas
jankurai source verified: http://127.0.0.1:8787/git/jeryu/jankurai.git v1.6.10 3c804453e6c7a6e0e4028d95cc3bccea467277ef
jankurai installed: /home/ubuntu/.cargo/bin/jankurai (jankurai 1.6.10)
no changed files vs origin/main; nothing to gate
