rank,case_id,name,case_file,priority,profile,category,sqlite_median_ns,redline_median_ns,improvement_pct,samples
1,00075,EXPLAIN_QUERY_PLAN,SQLITE_PARITY_075_EXPLAIN_QUERY_PLAN.rs,P0,memory,SQL_EXPLAIN,2924841,1179823876,-39227.462533,3
2,00130,DOT_OPEN_MEMORY,SQLITE_PARITY_130_DOT_OPEN_MEMORY.rs,P0,memory,CLI_DOT_COMMAND,3210200,1045820818,-32478.058003,3
3,00010,GENERATED_COLUMNS,SQLITE_PARITY_010_GENERATED_COLUMNS.rs,P0,memory,SQL_DDL,2654599,967884176,-32162.805867,3
4,00088,JSON_SCALAR_FUNCTIONS,SQLITE_PARITY_088_JSON_SCALAR_FUNCTIONS.rs,P0,memory,SQL_JSON,2307694,929753058,-30891.768600,3
5,00069,COLLATE_NOCASE_RTRIM_BINARY,SQLITE_PARITY_069_COLLATE_NOCASE_RTRIM_BINARY.rs,P0,memory,SQL_COLLATION,2943406,929394970,-30879.832333,3
6,00138,DOT_VFSNAME_LIST_INFO,SQLITE_PARITY_138_DOT_VFSNAME_LIST_INFO.rs,P3,memory,CLI_DOT_COMMAND_DIAGNOSTIC,2490068,886440887,-29448.029567,3
7,00055,JOINS_RIGHT_FULL_OUTER,SQLITE_PARITY_055_JOINS_RIGHT_FULL_OUTER.rs,P0,memory,SQL_JOIN,2186785,870284542,-28909.484733,3
8,00079,CHECK_CONSTRAINT_FAILURE,SQLITE_PARITY_079_CHECK_CONSTRAINT_FAILURE.rs,P0,memory,SQL_CONSTRAINTS_NEGATIVE,2852895,867014683,-28800.489433,3
9,00164,DOT_IMPOSTER_CATALOG,SQLITE_PARITY_164_DOT_IMPOSTER_CATALOG.rs,P4,catalog,CLI_CATALOG,2009250,863783595,-28692.786500,3
10,00008,STRICT_TABLE,SQLITE_PARITY_008_STRICT_TABLE.rs,P0,memory,SQL_DDL,2656503,862040908,-28634.696933,3
11,00195,OPT_SAFE_MODE_BLOCKS_SHELL,SQLITE_PARITY_195_OPT_SAFE_MODE_BLOCKS_SHELL.rs,P2,memory,CLI_OPTION_NEGATIVE,2960047,845559587,-28085.319567,3
12,00086,DATE_TIME_FUNCTIONS,SQLITE_PARITY_086_DATE_TIME_FUNCTIONS.rs,P0,memory,SQL_FUNCTIONS,2651334,840422074,-27914.069133,3
13,00084,CORE_FORMAT_QUOTE_HEX,SQLITE_PARITY_084_CORE_FORMAT_QUOTE_HEX.rs,P0,memory,SQL_FUNCTIONS,2219266,838488356,-27849.611867,3
14,00043,ATTACH_DETACH_MEMORY,SQLITE_PARITY_043_ATTACH_DETACH_MEMORY.rs,P0,memory,SQL_ATTACH,2648879,832301659,-27643.388633,3
15,00166,DOT_SESSION_CATALOG,SQLITE_PARITY_166_DOT_SESSION_CATALOG.rs,P4,catalog,CLI_CATALOG,2775549,830573715,-27585.790500,3
16,00127,DOT_LIMIT,SQLITE_PARITY_127_DOT_LIMIT.rs,P0,memory,CLI_DOT_COMMAND,2729581,830469475,-27582.315833,3
17,00009,STRICT_TABLE_TYPE_FAILURE,SQLITE_PARITY_009_STRICT_TABLE_TYPE_FAILURE.rs,P0,memory,SQL_DDL_NEGATIVE,3154425,847171637,-26756.610539,3
18,00116,DOT_DATABASES,SQLITE_PARITY_116_DOT_DATABASES.rs,P0,memory,CLI_DOT_COMMAND,3247901,860961624,-26408.247142,3
19,00020,UPSERT_DO_UPDATE,SQLITE_PARITY_020_UPSERT_DO_UPDATE.rs,P0,memory,SQL_UPSERT,3129047,819593058,-26093.056800,3
20,00245,SCALAR_CAST_TYPEOF_005,SQLITE_PARITY_245_SCALAR_CAST_TYPEOF_005.rs,P1,memory,GEN_SQL_SCALAR,2566684,781364560,-25945.485333,3
21,00085,CORE_RANDOM_SHAPE,SQLITE_PARITY_085_CORE_RANDOM_SHAPE.rs,P0,memory,SQL_FUNCTIONS,3080184,798651528,-25828.695429,3
22,00027,FOREIGN_KEY_FAILURE,SQLITE_PARITY_027_FOREIGN_KEY_FAILURE.rs,P0,memory,SQL_FOREIGN_KEYS_NEGATIVE,2883792,776530480,-25784.349333,3
23,00228,SCALAR_ARITH_001,SQLITE_PARITY_228_SCALAR_ARITH_001.rs,P1,memory,GEN_SQL_SCALAR,3353170,866199795,-25732.266035,3
24,00178,OPT_HTML_MODE,SQLITE_PARITY_178_OPT_HTML_MODE.rs,P2,memory,CLI_OPTION,2569399,767518070,-25483.935667,3
25,00163,DOT_FILECTRL_CATALOG,SQLITE_PARITY_163_DOT_FILECTRL_CATALOG.rs,P4,catalog,CLI_CATALOG,2966810,767361110,-25478.703667,3
26,00167,DOT_UNMODULE_CATALOG,SQLITE_PARITY_167_DOT_UNMODULE_CATALOG.rs,P4,catalog,CLI_CATALOG,1966779,757133482,-25137.782733,3
27,00083,CORE_NUMERIC_FUNCTIONS,SQLITE_PARITY_083_CORE_NUMERIC_FUNCTIONS.rs,P0,memory,SQL_FUNCTIONS,3479379,877203568,-25111.498029,3
28,00062,WINDOW_FRAMES_ROWS,SQLITE_PARITY_062_WINDOW_FRAMES_ROWS.rs,P0,memory,SQL_WINDOW,3422802,855675659,-24899.274250,3
29,00035,DROP_INDEX,SQLITE_PARITY_035_DROP_INDEX.rs,P0,memory,SQL_DROP,3180133,794781593,-24892.086589,3
30,00026,FOREIGN_KEYS_CASCADE,SQLITE_PARITY_026_FOREIGN_KEYS_CASCADE.rs,P0,memory,SQL_FOREIGN_KEYS,3284470,819944098,-24864.274236,3
31,00015,UPDATE_BASIC,SQLITE_PARITY_015_UPDATE_BASIC.rs,P0,memory,SQL_UPDATE,3381093,833740859,-24558.915298,3
32,00039,CREATE_TRIGGER_BEFORE,SQLITE_PARITY_039_CREATE_TRIGGER_BEFORE.rs,P0,memory,SQL_TRIGGER,2936883,734020321,-24367.344033,3
33,00105,CASE_SENSITIVE_LIKE_PRAGMA,SQLITE_PARITY_105_CASE_SENSITIVE_LIKE_PRAGMA.rs,P2,memory,SQL_PRAGMA,3394629,803758073,-23577.346567,3
34,00047,PRAGMA_FOREIGN_KEYS,SQLITE_PARITY_047_PRAGMA_FOREIGN_KEYS.rs,P0,memory,SQL_PRAGMA,2785838,699961089,-23232.036300,3
35,00082,CORE_STRING_FUNCTIONS,SQLITE_PARITY_082_CORE_STRING_FUNCTIONS.rs,P0,memory,SQL_FUNCTIONS,2596339,699369861,-23212.328700,3
36,00057,COMPOUND_SELECT_UNION_INTERSECT_EXCEPT,SQLITE_PARITY_057_COMPOUND_SELECT_UNION_INTERSECT_EXCEPT.rs,P0,memory,SQL_SELECT,3882651,897178182,-23007.360976,3
37,00185,OPT_SEPARATOR,SQLITE_PARITY_185_OPT_SEPARATOR.rs,P1,memory,CLI_OPTION,3209689,740064348,-22957.198003,3
38,00078,ON_CONFLICT_ALGORITHMS,SQLITE_PARITY_078_ON_CONFLICT_ALGORITHMS.rs,P0,memory,SQL_CONFLICT,2854858,691178129,-22939.270967,3
39,00119,DOT_EQP,SQLITE_PARITY_119_DOT_EQP.rs,P0,memory,CLI_DOT_COMMAND,5342291,1187576926,-22129.731140,3
40,00149,DOT_ONCE_TEMPFILE,SQLITE_PARITY_149_DOT_ONCE_TEMPFILE.rs,P1,tempfile,CLI_TEMPFILE,3525907,778423158,-21977.245883,3
41,00186,OPT_NEWLINE,SQLITE_PARITY_186_OPT_NEWLINE.rs,P2,memory,CLI_OPTION,3851342,848348140,-21927.338523,3
42,00089,JSON_TABLE_VALUED_FUNCTIONS,SQLITE_PARITY_089_JSON_TABLE_VALUED_FUNCTIONS.rs,P0,memory,SQL_JSON,3869487,834894461,-21476.360406,3
43,00189,OPT_ECHO,SQLITE_PARITY_189_OPT_ECHO.rs,P2,memory,CLI_OPTION,2529132,645438692,-21414.623067,3
44,00243,SCALAR_NULL_COALESCE_004,SQLITE_PARITY_243_SCALAR_NULL_COALESCE_004.rs,P1,memory,GEN_SQL_SCALAR,3059085,657384538,-21389.580643,3
45,00154,DOT_DBINFO_TEMPFILE,SQLITE_PARITY_154_DOT_DBINFO_TEMPFILE.rs,P3,tempfile,CLI_TEMPFILE_DIAGNOSTIC,3216482,689720711,-21343.325689,3
46,00179,OPT_MARKDOWN_MODE,SQLITE_PARITY_179_OPT_MARKDOWN_MODE.rs,P2,memory,CLI_OPTION,3266676,698434570,-21280.589015,3
47,00246,SCALAR_STRING_005,SQLITE_PARITY_246_SCALAR_STRING_005.rs,P1,memory,GEN_SQL_SCALAR,2555361,634056619,-21035.220633,3
48,00181,OPT_TABLE_MODE,SQLITE_PARITY_181_OPT_TABLE_MODE.rs,P2,memory,CLI_OPTION,2508343,632948701,-20998.290033,3
49,00255,SCALAR_NULL_COALESCE_007,SQLITE_PARITY_255_SCALAR_NULL_COALESCE_007.rs,P1,memory,GEN_SQL_SCALAR,2485269,631801293,-20960.043100,3
50,00225,OPT_NONCE_SAFE_MODE,SQLITE_PARITY_225_OPT_NONCE_SAFE_MODE.rs,P2,memory,CLI_OPTION,3328093,699462735,-20916.922754,3
51,00182,OPT_COLUMN_MODE,SQLITE_PARITY_182_OPT_COLUMN_MODE.rs,P2,memory,CLI_OPTION,2500639,629469462,-20882.315400,3
52,00214,DROP_TABLE,SQLITE_PARITY_214_DROP_TABLE.rs,P0,memory,SQL_DROP,3653648,766609730,-20882.035763,3
53,00173,OPT_LIST_MODE,SQLITE_PARITY_173_OPT_LIST_MODE.rs,P1,memory,CLI_OPTION,3419416,715258632,-20817.566976,3
54,00080,NOT_NULL_FAILURE,SQLITE_PARITY_080_NOT_NULL_FAILURE.rs,P0,memory,SQL_CONSTRAINTS_NEGATIVE,3528622,737138690,-20790.270763,3
55,00124,DOT_BAIL_OFF,SQLITE_PARITY_124_DOT_BAIL_OFF.rs,P0,memory,CLI_DOT_COMMAND_NEGATIVE,2913409,625160120,-20738.670667,3
56,00236,SCALAR_ARITH_003,SQLITE_PARITY_236_SCALAR_ARITH_003.rs,P1,memory,GEN_SQL_SCALAR,3585129,746710002,-20727.981420,3
57,00241,SCALAR_CAST_TYPEOF_004,SQLITE_PARITY_241_SCALAR_CAST_TYPEOF_004.rs,P1,memory,GEN_SQL_SCALAR,3416460,705219430,-20541.817261,3
58,00013,INSERT_SELECT,SQLITE_PARITY_013_INSERT_SELECT.rs,P0,memory,SQL_INSERT,4479651,919805053,-20432.962345,3
59,00153,DOT_CD_TEMPFILE,SQLITE_PARITY_153_DOT_CD_TEMPFILE.rs,P2,tempfile,CLI_TEMPFILE,4311994,874650242,-20184.124746,3
60,00011,CREATE_TABLE_AS_SELECT,SQLITE_PARITY_011_CREATE_TABLE_AS_SELECT.rs,P0,memory,SQL_DDL,4142313,838193921,-20134.924811,3
61,00171,OPT_HELP,SQLITE_PARITY_171_OPT_HELP.rs,P1,memory,CLI_OPTION,4320640,863875755,-19894.161860,3
62,00074,NOT_INDEXED,SQLITE_PARITY_074_NOT_INDEXED.rs,P0,memory,SQL_INDEX,4720656,942789399,-19871.575963,3
63,00230,SCALAR_STRING_001,SQLITE_PARITY_230_SCALAR_STRING_001.rs,P1,memory,GEN_SQL_SCALAR,4305701,854372178,-19742.812541,3
64,00172,OPT_CMD,SQLITE_PARITY_172_OPT_CMD.rs,P1,memory,CLI_OPTION,4039277,796402735,-19616.467452,3
65,00007,WITHOUT_ROWID_TABLE,SQLITE_PARITY_007_WITHOUT_ROWID_TABLE.rs,P0,memory,SQL_ROWID,2769036,589168213,-19538.940433,3
66,00059,AGGREGATE_FUNCTIONS_CORE,SQLITE_PARITY_059_AGGREGATE_FUNCTIONS_CORE.rs,P0,memory,SQL_FUNCTIONS,5489810,1075634908,-19493.299367,3
67,00042,TEMP_TABLE_TEMP_SCHEMA,SQLITE_PARITY_042_TEMP_TABLE_TEMP_SCHEMA.rs,P0,memory,SQL_TEMP,4194181,821396960,-19484.203924,3
68,00175,OPT_QUOTE_MODE,SQLITE_PARITY_175_OPT_QUOTE_MODE.rs,P1,memory,CLI_OPTION,3168862,616539223,-19356.171427,3
69,00201,OPT_NO_ROWID_IN_VIEW,SQLITE_PARITY_201_OPT_NO_ROWID_IN_VIEW.rs,P4,memory,CLI_OPTION,3025831,578300280,-19012.114325,3
70,00198,OPT_LOOKASIDE,SQLITE_PARITY_198_OPT_LOOKASIDE.rs,P3,memory,CLI_OPTION,3588425,684036293,-18962.298724,3
71,00231,SCALAR_NULL_COALESCE_001,SQLITE_PARITY_231_SCALAR_NULL_COALESCE_001.rs,P1,memory,GEN_SQL_SCALAR,2255855,571556649,-18951.888300,3
72,00004,TABLE_CONSTRAINTS_SUCCESS,SQLITE_PARITY_004_TABLE_CONSTRAINTS_SUCCESS.rs,P0,memory,SQL_CONSTRAINTS,4435126,843487300,-18918.339051,3
73,00227,OPT_UNSAFE_TESTING_CATALOG,SQLITE_PARITY_227_OPT_UNSAFE_TESTING_CATALOG.rs,P4,catalog,CLI_OPTION_CATALOG,3118557,590953597,-18849.584600,3
74,00250,SCALAR_STRING_006,SQLITE_PARITY_250_SCALAR_STRING_006.rs,P1,memory,GEN_SQL_SCALAR,4077790,758518472,-18501.214678,3
75,00144,DOT_PROMPT,SQLITE_PARITY_144_DOT_PROMPT.rs,P0,memory,CLI_DOT_COMMAND,4615988,858362384,-18495.420612,3
76,00200,OPT_HEAP,SQLITE_PARITY_200_OPT_HEAP.rs,P4,memory,CLI_OPTION,3140388,583212045,-18471.337204,3
77,00151,DOT_SAVE_RESTORE_TEMPFILE,SQLITE_PARITY_151_DOT_SAVE_RESTORE_TEMPFILE.rs,P1,tempfile,CLI_TEMPFILE,4671173,866009339,-18439.440500,3
78,00112,DOT_SEPARATOR,SQLITE_PARITY_112_DOT_SEPARATOR.rs,P0,memory,CLI_DOT_COMMAND,5041873,926308961,-18272.318402,3
79,00174,OPT_CSV_MODE,SQLITE_PARITY_174_OPT_CSV_MODE.rs,P1,memory,CLI_OPTION,3262579,598134752,-18233.188315,3
80,00023,TRANSACTION_ROLLBACK,SQLITE_PARITY_023_TRANSACTION_ROLLBACK.rs,P0,memory,SQL_TRANSACTION,4606691,844446332,-18230.865517,3
81,00092,PERCENTILE_FUNCTIONS_OPTIONAL,SQLITE_PARITY_092_PERCENTILE_FUNCTIONS_OPTIONAL.rs,P3,memory,SQL_FUNCTIONS_OPTIONAL,4545676,833210428,-18229.736391,3
82,00060,FILTER_CLAUSE,SQLITE_PARITY_060_FILTER_CLAUSE.rs,P0,memory,SQL_AGGREGATE,3910173,707029014,-17981.783440,3
83,00131,DOT_TIMEOUT,SQLITE_PARITY_131_DOT_TIMEOUT.rs,P0,memory,CLI_DOT_COMMAND,3757415,677956418,-17943.160471,3
84,00070,LIKE_GLOB_MATCH_ESCAPE,SQLITE_PARITY_070_LIKE_GLOB_MATCH_ESCAPE.rs,P0,memory,SQL_OPERATORS,2054084,534817664,-17727.255467,3
85,00192,OPT_INIT_TEMPFILE,SQLITE_PARITY_192_OPT_INIT_TEMPFILE.rs,P2,tempfile,CLI_OPTION_TEMPFILE,3925943,699626831,-17720.605928,3
86,00005,UNIQUE_CONSTRAINT_FAILURE,SQLITE_PARITY_005_UNIQUE_CONSTRAINT_FAILURE.rs,P0,memory,SQL_CONSTRAINTS_NEGATIVE,4786431,848173386,-17620.372152,3
87,00101,SCHEMA_SQLITE_MASTER_ALIAS,SQLITE_PARITY_101_SCHEMA_SQLITE_MASTER_ALIAS.rs,P0,memory,SQL_SCHEMA,6858959,1213580693,-17593.365611,3
88,00145,DOT_SCANSTATS,SQLITE_PARITY_145_DOT_SCANSTATS.rs,P3,memory,CLI_DOT_COMMAND_DIAGNOSTIC,4245557,745678109,-17463.728599,3
89,00048,PRAGMA_USER_VERSION,SQLITE_PARITY_048_PRAGMA_USER_VERSION.rs,P0,memory,SQL_PRAGMA,4958296,856425835,-17172.583868,3
90,00028,ALTER_TABLE_RENAME,SQLITE_PARITY_028_ALTER_TABLE_RENAME.rs,P0,memory,SQL_ALTER,4741235,816313107,-17117.309562,3
91,00251,SCALAR_NULL_COALESCE_006,SQLITE_PARITY_251_SCALAR_NULL_COALESCE_006.rs,P1,memory,GEN_SQL_SCALAR,2406129,515580935,-17086.031167,3
92,00090,JSON_MUTATION_FUNCTIONS,SQLITE_PARITY_090_JSON_MUTATION_FUNCTIONS.rs,P0,memory,SQL_JSON,6892212,1179567171,-17014.493446,3
93,00233,SCALAR_CAST_TYPEOF_002,SQLITE_PARITY_233_SCALAR_CAST_TYPEOF_002.rs,P1,memory,GEN_SQL_SCALAR,2299088,510810134,-16927.004467,3
94,00157,DOT_ARCHIVE_TEMPFILE_OPTIONAL,SQLITE_PARITY_157_DOT_ARCHIVE_TEMPFILE_OPTIONAL.rs,P3,tempfile,CLI_TEMPFILE_OPTIONAL,4640465,789342165,-16909.979927,3
95,00014,INSERT_RETURNING,SQLITE_PARITY_014_INSERT_RETURNING.rs,P0,memory,SQL_INSERT,3699716,626863600,-16843.559992,3
96,00110,DOT_MODE_LINE_COLUMN_TABLE_BOX_MARKDOWN,SQLITE_PARITY_110_DOT_MODE_LINE_COLUMN_TABLE_BOX_MARKDOWN.rs,P0,memory,CLI_DOT_COMMAND,3982811,674391631,-16832.554194,3
97,00063,WINDOW_EXCLUDE_CURRENT_ROW,SQLITE_PARITY_063_WINDOW_EXCLUDE_CURRENT_ROW.rs,P0,memory,SQL_WINDOW,5141512,864982845,-16723.511158,3
98,00061,WINDOW_ROW_NUMBER_RANK,SQLITE_PARITY_061_WINDOW_ROW_NUMBER_RANK.rs,P0,memory,SQL_WINDOW,5193901,860548944,-16468.451035,3
99,00263,SCALAR_NULL_COALESCE_009,SQLITE_PARITY_263_SCALAR_NULL_COALESCE_009.rs,P1,memory,GEN_SQL_SCALAR,4208257,687918355,-16246.871282,3
100,00049,PRAGMA_TEMP_STORE_MEMORY,SQLITE_PARITY_049_PRAGMA_TEMP_STORE_MEMORY.rs,P0,memory,SQL_PRAGMA,5215913,834060938,-15890.698810,3
101,00146,DOT_READ_TEMPFILE,SQLITE_PARITY_146_DOT_READ_TEMPFILE.rs,P1,tempfile,CLI_TEMPFILE,3453430,544455761,-15665.652149,3
102,00041,DROP_TRIGGER,SQLITE_PARITY_041_DROP_TRIGGER.rs,P0,memory,SQL_DROP,5416703,852913478,-15645.989359,3
103,00003,CREATE_TABLE_INSERT_SELECT,SQLITE_PARITY_003_CREATE_TABLE_INSERT_SELECT.rs,P0,memory,SQL_DDL_DML,3099220,486219711,-15588.454224,3
104,00024,SAVEPOINT_ROLLBACK_RELEASE,SQLITE_PARITY_024_SAVEPOINT_ROLLBACK_RELEASE.rs,P0,memory,SQL_SAVEPOINT,3627189,564762355,-15470.248890,3
105,00054,JOINS_INNER_LEFT_CROSS_NATURAL,SQLITE_PARITY_054_JOINS_INNER_LEFT_CROSS_NATURAL.rs,P0,memory,SQL_JOIN,6065429,943312815,-15452.285172,3
106,00222,OPT_ESCAPE_SYMBOL,SQLITE_PARITY_222_OPT_ESCAPE_SYMBOL.rs,P3,memory,CLI_OPTION,4180425,643510012,-15293.411244,3
107,00104,SELECT_DISTINCT,SQLITE_PARITY_104_SELECT_DISTINCT.rs,P0,memory,SQL_SELECT,7824815,1203936026,-15286.127672,3
108,00129,DOT_CONNECTION,SQLITE_PARITY_129_DOT_CONNECTION.rs,P0,memory,CLI_DOT_COMMAND,6773398,1039449581,-15246.057931,3
109,00244,SCALAR_ARITH_005,SQLITE_PARITY_244_SCALAR_ARITH_005.rs,P1,memory,GEN_SQL_SCALAR,3678355,563482733,-15218.878493,3
110,00148,DOT_OUTPUT_TEMPFILE,SQLITE_PARITY_148_DOT_OUTPUT_TEMPFILE.rs,P1,tempfile,CLI_TEMPFILE,2486762,455781148,-15092.704933,3
111,00065,CTE_RECURSIVE,SQLITE_PARITY_065_CTE_RECURSIVE.rs,P0,memory,SQL_CTE,6431391,961648226,-14852.414276,3
112,00087,DATE_TIMEDIFF_FUNCTION,SQLITE_PARITY_087_DATE_TIMEDIFF_FUNCTION.rs,P0,memory,SQL_FUNCTIONS,4555945,680817240,-14843.491197,3
113,00123,DOT_ECHO,SQLITE_PARITY_123_DOT_ECHO.rs,P0,memory,CLI_DOT_COMMAND,4730324,696360230,-14621.195208,3
114,00239,SCALAR_NULL_COALESCE_003,SQLITE_PARITY_239_SCALAR_NULL_COALESCE_003.rs,P1,memory,GEN_SQL_SCALAR,5010855,733738566,-14542.981407,3
115,00058,GROUP_BY_HAVING,SQLITE_PARITY_058_GROUP_BY_HAVING.rs,P0,memory,SQL_AGGREGATE,4911868,715896733,-14474.836559,3
116,00125,DOT_TIMER,SQLITE_PARITY_125_DOT_TIMER.rs,P3,memory,CLI_DOT_COMMAND_DIAGNOSTIC,4127735,601332433,-14468.096862,3
117,00141,DOT_SHA3SUM,SQLITE_PARITY_141_DOT_SHA3SUM.rs,P0,memory,CLI_DOT_COMMAND,3833940,554720243,-14368.673036,3
118,00162,DOT_LOAD_EXTENSION_NEGATIVE,SQLITE_PARITY_162_DOT_LOAD_EXTENSION_NEGATIVE.rs,P4,side_effect,CLI_SIDE_EFFECT,6163785,890060350,-14340.158928,3
119,00031,CREATE_INDEX,SQLITE_PARITY_031_CREATE_INDEX.rs,P0,memory,SQL_INDEX,3409978,485176086,-14128.129507,3
120,00135,DOT_PROGRESS,SQLITE_PARITY_135_DOT_PROGRESS.rs,P0,memory,CLI_DOT_COMMAND,5207587,734826337,-14010.687676,3
121,00136,DOT_LOG,SQLITE_PARITY_136_DOT_LOG.rs,P0,memory,CLI_DOT_COMMAND,5928981,831978411,-13932.401369,3
122,00064,CTE_NON_RECURSIVE,SQLITE_PARITY_064_CTE_NON_RECURSIVE.rs,P0,memory,SQL_CTE,4874598,672309592,-13692.103308,3
123,00176,OPT_LINE_MODE,SQLITE_PARITY_176_OPT_LINE_MODE.rs,P2,memory,CLI_OPTION,5627882,763426952,-13465.084556,3
124,00237,SCALAR_CAST_TYPEOF_003,SQLITE_PARITY_237_SCALAR_CAST_TYPEOF_003.rs,P1,memory,GEN_SQL_SCALAR,5633011,764060078,-13463.972767,3
125,00073,INDEXED_BY,SQLITE_PARITY_073_INDEXED_BY.rs,P0,memory,SQL_INDEX,7637191,1035600572,-13459.966904,3
126,00204,OPT_ZIP_TEMPFILE_CATALOG,SQLITE_PARITY_204_OPT_ZIP_TEMPFILE_CATALOG.rs,P4,catalog,CLI_OPTION_CATALOG,4044187,542480089,-13313.823075,3
127,00187,OPT_NULLVALUE,SQLITE_PARITY_187_OPT_NULLVALUE.rs,P1,memory,CLI_OPTION,4908451,641956887,-12978.604370,3
128,00030,ALTER_TABLE_ADD_DROP_COLUMN,SQLITE_PARITY_030_ALTER_TABLE_ADD_DROP_COLUMN.rs,P0,memory,SQL_ALTER,3712891,482452999,-12893.998450,3
129,00056,SUBQUERIES_EXISTS_IN,SQLITE_PARITY_056_SUBQUERIES_EXISTS_IN.rs,P0,memory,SQL_SELECT,6100085,787324635,-12806.781381,3
130,00050,PRAGMA_TABLE_INFO_FUNCTION,SQLITE_PARITY_050_PRAGMA_TABLE_INFO_FUNCTION.rs,P0,memory,SQL_PRAGMA,5411082,695978558,-12762.095936,3
131,00052,PRAGMA_INTEGRITY_QUICK_CHECK,SQLITE_PARITY_052_PRAGMA_INTEGRITY_QUICK_CHECK.rs,P0,memory,SQL_PRAGMA,5316824,676556883,-12624.831271,3
132,00158,DOT_SHELL_SIDE_EFFECT,SQLITE_PARITY_158_DOT_SHELL_SIDE_EFFECT.rs,P4,side_effect,CLI_SIDE_EFFECT,5018129,637370333,-12601.354090,3
133,00106,DOT_HELP,SQLITE_PARITY_106_DOT_HELP.rs,P0,memory,CLI_DOT_COMMAND,6613826,836207153,-12543.319510,3
134,00037,DROP_VIEW,SQLITE_PARITY_037_DROP_VIEW.rs,P0,memory,SQL_DROP,5603555,701280059,-12414.913461,3
135,00114,DOT_PRINT,SQLITE_PARITY_114_DOT_PRINT.rs,P0,memory,CLI_DOT_COMMAND,5657007,707617587,-12408.692088,3
136,00137,DOT_VERSION,SQLITE_PARITY_137_DOT_VERSION.rs,P2,memory,CLI_DOT_COMMAND_DIAGNOSTIC,7291838,912084876,-12408.298676,3
137,00150,DOT_BACKUP_RESTORE_TEMPFILE,SQLITE_PARITY_150_DOT_BACKUP_RESTORE_TEMPFILE.rs,P1,tempfile,CLI_TEMPFILE,5966983,745558851,-12394.737307,3
138,00066,VALUES_STATEMENT,SQLITE_PARITY_066_VALUES_STATEMENT.rs,P0,memory,SQL_VALUES,9746520,1200583316,-12218.071640,3
139,00220,DELETE_LIMIT_OPTIONAL,SQLITE_PARITY_220_DELETE_LIMIT_OPTIONAL.rs,P3,memory,SQL_DELETE_OPTIONAL,6482498,795319228,-12168.715363,3
140,00205,OPT_VFS_CATALOG,SQLITE_PARITY_205_OPT_VFS_CATALOG.rs,P4,catalog,CLI_OPTION_CATALOG,4485782,549282601,-12144.968681,3
141,00190,OPT_BAIL,SQLITE_PARITY_190_OPT_BAIL.rs,P1,memory,CLI_OPTION_NEGATIVE,7193803,879913617,-12131.550086,3
142,00012,INSERT_DEFAULT_VALUES,SQLITE_PARITY_012_INSERT_DEFAULT_VALUES.rs,P0,memory,SQL_INSERT,5735856,701062492,-12122.456282,3
143,00117,DOT_DUMP,SQLITE_PARITY_117_DOT_DUMP.rs,P0,memory,CLI_DOT_COMMAND,6824113,828458593,-12040.165220,3
144,00180,OPT_BOX_MODE,SQLITE_PARITY_180_OPT_BOX_MODE.rs,P2,memory,CLI_OPTION,4000074,484394032,-12009.626772,3
145,00045,REINDEX_COMMAND,SQLITE_PARITY_045_REINDEX_COMMAND.rs,P0,memory,SQL_REINDEX,5737418,694710722,-12008.420931,3
146,00072,ORDER_BY_NULLS_FIRST_LAST,SQLITE_PARITY_072_ORDER_BY_NULLS_FIRST_LAST.rs,P0,memory,SQL_SELECT,5572126,673842661,-11993.098056,3
147,00152,DOT_CLONE_TEMPFILE,SQLITE_PARITY_152_DOT_CLONE_TEMPFILE.rs,P2,tempfile,CLI_TEMPFILE,5271578,627085043,-11795.585022,3
148,00102,WITH_MATERIALIZED_HINTS,SQLITE_PARITY_102_WITH_MATERIALIZED_HINTS.rs,P0,memory,SQL_CTE,8747551,1040437238,-11794.040263,3
149,00224,OPT_STATS,SQLITE_PARITY_224_OPT_STATS.rs,P3,memory,CLI_OPTION_DIAGNOSTIC,2740552,355218708,-11740.623600,3
150,00099,CLI_UINT_COLLATION_OPTIONAL,SQLITE_PARITY_099_CLI_UINT_COLLATION_OPTIONAL.rs,P3,memory,CLI_EXTENSION_OPTIONAL,5808914,687520857,-11735.617759,3
151,00016,UPDATE_RETURNING,SQLITE_PARITY_016_UPDATE_RETURNING.rs,P0,memory,SQL_UPDATE,7190997,847872112,-11690.744899,3
152,00128,DOT_DBCONFIG,SQLITE_PARITY_128_DOT_DBCONFIG.rs,P0,memory,CLI_DOT_COMMAND,5367749,632567665,-11684.598442,3
153,00040,INSTEAD_OF_TRIGGER_ON_VIEW,SQLITE_PARITY_040_INSTEAD_OF_TRIGGER_ON_VIEW.rs,P0,memory,SQL_TRIGGER,6580703,773656075,-11656.435065,3
154,00202,OPT_APPEND_TEMPFILE,SQLITE_PARITY_202_OPT_APPEND_TEMPFILE.rs,P4,tempfile,CLI_OPTION_TEMPFILE,3528822,413601845,-11620.677467,3
155,00223,OPT_NOHEADER,SQLITE_PARITY_223_OPT_NOHEADER.rs,P2,memory,CLI_OPTION,5762406,675242687,-11618.068581,3
156,00001,SELECT_CORE_EXPRESSIONS,SQLITE_PARITY_001_SELECT_CORE_EXPRESSIONS.rs,P0,memory,SQL_SELECT,6877895,803998126,-11589.595814,3
157,00108,DOT_MODE_CSV_AND_QUOTE,SQLITE_PARITY_108_DOT_MODE_CSV_AND_QUOTE.rs,P0,memory,CLI_DOT_COMMAND,6089053,710754288,-11572.657275,3
158,00019,REPLACE_INTO,SQLITE_PARITY_019_REPLACE_INTO.rs,P0,memory,SQL_REPLACE,5967564,690448593,-11470.024100,3
159,00081,BLOBS_HEX_ZEROBLOB,SQLITE_PARITY_081_BLOBS_HEX_ZEROBLOB.rs,P0,memory,SQL_FUNCTIONS,6049539,697339692,-11427.154251,3
160,00139,DOT_LINT_FKEY_INDEXES,SQLITE_PARITY_139_DOT_LINT_FKEY_INDEXES.rs,P3,memory,CLI_DOT_COMMAND_DIAGNOSTIC,7698998,883717116,-11378.339337,3
161,00126,DOT_STATS,SQLITE_PARITY_126_DOT_STATS.rs,P3,memory,CLI_DOT_COMMAND_DIAGNOSTIC,5543402,635180555,-11358.316662,3
162,00210,OPT_NOUNICODE_UTF8_CATALOG,SQLITE_PARITY_210_OPT_NOUNICODE_UTF8_CATALOG.rs,P4,catalog,CLI_OPTION_CATALOG,6912301,785268482,-11260.449755,3
163,00109,DOT_MODE_JSON,SQLITE_PARITY_109_DOT_MODE_JSON.rs,P0,memory,CLI_DOT_COMMAND,9230194,1044462168,-11215.711977,3
164,00118,DOT_FULLSCHEMA,SQLITE_PARITY_118_DOT_FULLSCHEMA.rs,P0,memory,CLI_DOT_COMMAND,5975960,674716575,-11190.513574,3
165,00147,DOT_IMPORT_CSV_TEMPFILE,SQLITE_PARITY_147_DOT_IMPORT_CSV_TEMPFILE.rs,P1,tempfile,CLI_TEMPFILE,7916629,890701482,-11151.019620,3
166,00249,SCALAR_CAST_TYPEOF_006,SQLITE_PARITY_249_SCALAR_CAST_TYPEOF_006.rs,P1,memory,GEN_SQL_SCALAR,5974097,671379652,-11138.177954,3
167,00077,COMMENTS_AND_CLI_TERMINATORS,SQLITE_PARITY_077_COMMENTS_AND_CLI_TERMINATORS.rs,P0,memory,CLI_SQL_INPUT,6362992,707017231,-11011.395881,3
168,00194,OPT_IFEXISTS_NEGATIVE_TEMPFILE,SQLITE_PARITY_194_OPT_IFEXISTS_NEGATIVE_TEMPFILE.rs,P3,tempfile,CLI_OPTION_TEMPFILE_DIAGNOSTIC,6253204,694298987,-11003.091903,3
169,00226,OPT_NOFOLLOW_CATALOG,SQLITE_PARITY_226_OPT_NOFOLLOW_CATALOG.rs,P4,catalog,CLI_OPTION_CATALOG,4218888,465287746,-10928.682108,3
170,00196,OPT_MMAP,SQLITE_PARITY_196_OPT_MMAP.rs,P3,memory,CLI_OPTION,3940010,434420841,-10925.881686,3
171,00207,OPT_PCACHETRACE_CATALOG,SQLITE_PARITY_207_OPT_PCACHETRACE_CATALOG.rs,P4,catalog,CLI_OPTION_CATALOG,6608135,720252145,-10799.476857,3
172,00122,DOT_CHANGES,SQLITE_PARITY_122_DOT_CHANGES.rs,P0,memory,CLI_DOT_COMMAND,7145972,775469875,-10751.845977,3
173,00203,OPT_ARCHIVE_A_TEMPFILE_OPTIONAL,SQLITE_PARITY_203_OPT_ARCHIVE_A_TEMPFILE_OPTIONAL.rs,P4,tempfile,CLI_OPTION_TEMPFILE_OPTIONAL,4608605,499953383,-10748.258486,3
174,00032,UNIQUE_INDEX_FAILURE,SQLITE_PARITY_032_UNIQUE_INDEX_FAILURE.rs,P0,memory,SQL_INDEX_NEGATIVE,7682116,832816651,-10740.979894,3
175,00177,OPT_JSON_MODE,SQLITE_PARITY_177_OPT_JSON_MODE.rs,P1,memory,CLI_OPTION,6342232,682284220,-10657.793471,3
176,00170,OPT_VERSION,SQLITE_PARITY_170_OPT_VERSION.rs,P1,memory,CLI_OPTION,6630016,710793840,-10620.846526,3
177,00120,DOT_EXPLAIN,SQLITE_PARITY_120_DOT_EXPLAIN.rs,P0,memory,CLI_DOT_COMMAND,7624918,810449459,-10528.959669,3
178,00168,DOT_CHECK_CATALOG,SQLITE_PARITY_168_DOT_CHECK_CATALOG.rs,P4,catalog,CLI_CATALOG,4366257,461894998,-10478.740509,3
179,00217,DETACH_DATABASE_SYNTAX,SQLITE_PARITY_217_DETACH_DATABASE_SYNTAX.rs,P0,memory,SQL_ATTACH,8530150,889750243,-10330.651782,3
180,00206,OPT_MEMTRACE_CATALOG,SQLITE_PARITY_206_OPT_MEMTRACE_CATALOG.rs,P4,catalog,CLI_OPTION_CATALOG,6173303,632347137,-10143.254494,3
181,00067,CASE_COALESCE_NULLIF_IIF,SQLITE_PARITY_067_CASE_COALESCE_NULLIF_IIF.rs,P0,memory,SQL_EXPRESSIONS,5705539,584113166,-10137.650921,3
182,00018,DELETE_RETURNING,SQLITE_PARITY_018_DELETE_RETURNING.rs,P0,memory,SQL_DELETE,7020174,708293371,-9989.399080,3
183,00256,SCALAR_ARITH_008,SQLITE_PARITY_256_SCALAR_ARITH_008.rs,P1,memory,GEN_SQL_SCALAR,4272409,430463458,-9975.427189,3
184,00029,ALTER_TABLE_RENAME_COLUMN,SQLITE_PARITY_029_ALTER_TABLE_RENAME_COLUMN.rs,P0,memory,SQL_ALTER,7039420,698658347,-9824.941927,3
185,00053,SELECT_WHERE_ORDER_LIMIT_OFFSET,SQLITE_PARITY_053_SELECT_WHERE_ORDER_LIMIT_OFFSET.rs,P0,memory,SQL_SELECT,10153388,1001325913,-9761.988067,3
186,00133,DOT_AUTH,SQLITE_PARITY_133_DOT_AUTH.rs,P3,memory,CLI_DOT_COMMAND_DIAGNOSTIC,7290926,704365051,-9560.844878,3
187,00107,DOT_HELP_PATTERN,SQLITE_PARITY_107_DOT_HELP_PATTERN.rs,P0,memory,CLI_DOT_COMMAND,8980330,865562084,-9538.421795,3
188,00051,PRAGMA_INDEX_LIST_FUNCTION,SQLITE_PARITY_051_PRAGMA_INDEX_LIST_FUNCTION.rs,P0,memory,SQL_PRAGMA,7284233,697210438,-9471.501049,3
189,00183,OPT_TABS_MODE,SQLITE_PARITY_183_OPT_TABS_MODE.rs,P2,memory,CLI_OPTION,5185986,496079177,-9465.763907,3
190,00006,ROWID_INTEGER_PRIMARY_KEY,SQLITE_PARITY_006_ROWID_INTEGER_PRIMARY_KEY.rs,P0,memory,SQL_ROWID,7369776,703233363,-9442.126694,3
191,00036,CREATE_VIEW,SQLITE_PARITY_036_CREATE_VIEW.rs,P0,memory,SQL_VIEW,7113251,675946551,-9402.638822,3
192,00208,OPT_VFSTRACE_CATALOG,SQLITE_PARITY_208_OPT_VFSTRACE_CATALOG.rs,P4,catalog,CLI_OPTION_CATALOG,3697732,351350573,-9401.785770,3
193,00213,SQL_WAL_CHECKPOINT_TEMPFILE,SQLITE_PARITY_213_SQL_WAL_CHECKPOINT_TEMPFILE.rs,P2,tempfile,SQL_TEMPFILE,5522022,523905045,-9387.558090,3
194,00218,PRAGMA_FORMS_SCHEMA_EQUALS_PARENS,SQLITE_PARITY_218_PRAGMA_FORMS_SCHEMA_EQUALS_PARENS.rs,P0,memory,SQL_PRAGMA,8012231,757047900,-9348.652941,3
195,00260,SCALAR_ARITH_009,SQLITE_PARITY_260_SCALAR_ARITH_009.rs,P1,memory,GEN_SQL_SCALAR,4500440,420474509,-9242.964443,3
196,00100,SCHEMA_SQLITE_SCHEMA,SQLITE_PARITY_100_SCHEMA_SQLITE_SCHEMA.rs,P0,memory,SQL_SCHEMA,7443023,691012588,-9184.031340,3
197,00111,DOT_HEADERS,SQLITE_PARITY_111_DOT_HEADERS.rs,P0,memory,CLI_DOT_COMMAND,9051816,831035705,-9080.872711,3
198,00097,CLI_GENERATE_SERIES_OPTIONAL,SQLITE_PARITY_097_CLI_GENERATE_SERIES_OPTIONAL.rs,P2,memory,CLI_EXTENSION_OPTIONAL,9313049,847242233,-8997.366856,3
199,00038,CREATE_TRIGGER_AFTER,SQLITE_PARITY_038_CREATE_TRIGGER_AFTER.rs,P0,memory,SQL_TRIGGER,9292231,844481881,-8988.042269,3
200,00140,DOT_EXPERT_OPTIONAL,SQLITE_PARITY_140_DOT_EXPERT_OPTIONAL.rs,P3,memory,CLI_DOT_COMMAND_OPTIONAL,9316156,834440630,-8856.919893,3
201,00199,OPT_PAGECACHE,SQLITE_PARITY_199_OPT_PAGECACHE.rs,P3,memory,CLI_OPTION,7444016,648292948,-8608.913952,3
202,00071,BETWEEN_IN_ISNULL_IS,SQLITE_PARITY_071_BETWEEN_IN_ISNULL_IS.rs,P0,memory,SQL_OPERATORS,8083284,692636149,-8468.746923,3
203,00261,SCALAR_CAST_TYPEOF_009,SQLITE_PARITY_261_SCALAR_CAST_TYPEOF_009.rs,P1,memory,GEN_SQL_SCALAR,7799789,661505621,-8381.070719,3
204,00238,SCALAR_STRING_003,SQLITE_PARITY_238_SCALAR_STRING_003.rs,P1,memory,GEN_SQL_SCALAR,5637580,477184021,-8364.341455,3
205,00142,DOT_EXIT_CODE,SQLITE_PARITY_142_DOT_EXIT_CODE.rs,P0,memory,CLI_DOT_COMMAND,7305433,615507191,-8325.334830,3
206,00103,WINDOW_NAMED_WINDOW,SQLITE_PARITY_103_WINDOW_NAMED_WINDOW.rs,P0,memory,SQL_WINDOW,9779602,806084936,-8142.512691,3
207,00191,OPT_BATCH,SQLITE_PARITY_191_OPT_BATCH.rs,P2,memory,CLI_OPTION,6843981,553496018,-7987.340073,3
208,00033,PARTIAL_INDEX,SQLITE_PARITY_033_PARTIAL_INDEX.rs,P0,memory,SQL_INDEX,8545819,689549492,-7968.852055,3
209,00002,LITERALS_AND_TYPEOF,SQLITE_PARITY_002_LITERALS_AND_TYPEOF.rs,P0,memory,SQL_EXPRESSIONS,9828324,786327458,-7900.626129,3
210,00044,ANALYZE_SQLITE_STAT1,SQLITE_PARITY_044_ANALYZE_SQLITE_STAT1.rs,P0,memory,SQL_ANALYZE,6957015,555013872,-7877.758737,3
211,00017,DELETE_BASIC,SQLITE_PARITY_017_DELETE_BASIC.rs,P0,memory,SQL_DELETE,10435843,827810405,-7832.376953,3
212,00248,SCALAR_ARITH_006,SQLITE_PARITY_248_SCALAR_ARITH_006.rs,P1,memory,GEN_SQL_SCALAR,10114896,790202651,-7712.266691,3
213,00211,SQL_ATTACH_TEMPFILE_DATABASE,SQLITE_PARITY_211_SQL_ATTACH_TEMPFILE_DATABASE.rs,P1,tempfile,SQL_TEMPFILE,5614527,431376445,-7583.219708,3
214,00068,CAST_AND_TYPE_AFFINITY,SQLITE_PARITY_068_CAST_AND_TYPE_AFFINITY.rs,P0,memory,SQL_EXPRESSIONS,8241033,633093589,-7582.211550,3
215,00253,SCALAR_CAST_TYPEOF_007,SQLITE_PARITY_253_SCALAR_CAST_TYPEOF_007.rs,P1,memory,GEN_SQL_SCALAR,4998301,382279246,-7548.183773,3
216,00169,DOT_NONCE_SAFE_MODE,SQLITE_PARITY_169_DOT_NONCE_SAFE_MODE.rs,P2,memory,CLI_DOT_COMMAND,6447872,483025635,-7391.241064,3
217,00242,SCALAR_STRING_004,SQLITE_PARITY_242_SCALAR_STRING_004.rs,P1,memory,GEN_SQL_SCALAR,7250320,538900149,-7332.777436,3
218,00132,DOT_TRACE_STDOUT,SQLITE_PARITY_132_DOT_TRACE_STDOUT.rs,P2,memory,CLI_DOT_COMMAND_DIAGNOSTIC,13565430,998728332,-7262.305006,3
219,00121,DOT_PARAMETER,SQLITE_PARITY_121_DOT_PARAMETER.rs,P0,memory,CLI_DOT_COMMAND,13831123,994453759,-7089.971190,3
220,00115,DOT_SCHEMA_TABLES_INDEXES,SQLITE_PARITY_115_DOT_SCHEMA_TABLES_INDEXES.rs,P0,memory,CLI_DOT_COMMAND,7875301,554125603,-6936.246653,3
221,00113,DOT_NULLVALUE,SQLITE_PARITY_113_DOT_NULLVALUE.rs,P0,memory,CLI_DOT_COMMAND,14640964,1020843789,-6872.517581,3
222,00188,OPT_HEADER,SQLITE_PARITY_188_OPT_HEADER.rs,P1,memory,CLI_OPTION,8256793,575219966,-6866.626946,3
223,00229,SCALAR_CAST_TYPEOF_001,SQLITE_PARITY_229_SCALAR_CAST_TYPEOF_001.rs,P1,memory,GEN_SQL_SCALAR,12206030,833298403,-6726.940479,3
224,00247,SCALAR_NULL_COALESCE_005,SQLITE_PARITY_247_SCALAR_NULL_COALESCE_005.rs,P1,memory,GEN_SQL_SCALAR,6360777,429356043,-6650.056526,3
225,00076,EXPLAIN_BYTECODE,SQLITE_PARITY_076_EXPLAIN_BYTECODE.rs,P0,memory,SQL_EXPLAIN,10278255,687672664,-6590.558504,3
226,00091,MATH_FUNCTIONS_OPTIONAL,SQLITE_PARITY_091_MATH_FUNCTIONS_OPTIONAL.rs,P2,memory,SQL_FUNCTIONS_OPTIONAL,11784874,779957182,-6518.290378,3
227,00215,TRANSACTION_SYNONYMS_END_COMMIT_TRANSACTION,SQLITE_PARITY_215_TRANSACTION_SYNONYMS_END_COMMIT_TRANSACTION.rs,P0,memory,SQL_TRANSACTION,9032349,588500666,-6415.477491,3
228,00221,OPT_DOUBLE_DASH_END_OPTIONS,SQLITE_PARITY_221_OPT_DOUBLE_DASH_END_OPTIONS.rs,P2,memory,CLI_OPTION,7928192,512925314,-6369.637895,3
229,00156,DOT_RECOVER_TEMPFILE,SQLITE_PARITY_156_DOT_RECOVER_TEMPFILE.rs,P3,tempfile,CLI_TEMPFILE,7165569,443798320,-6093.483309,3
230,00212,SQL_VACUUM_INTO_TEMPFILE,SQLITE_PARITY_212_SQL_VACUUM_INTO_TEMPFILE.rs,P2,tempfile,SQL_TEMPFILE,6362010,393647903,-6087.476961,3
231,00264,SCALAR_ARITH_010,SQLITE_PARITY_264_SCALAR_ARITH_010.rs,P1,memory,GEN_SQL_SCALAR,6667858,412316293,-6083.639379,3
232,00257,SCALAR_CAST_TYPEOF_008,SQLITE_PARITY_257_SCALAR_CAST_TYPEOF_008.rs,P1,memory,GEN_SQL_SCALAR,8470957,522769869,-6071.320065,3
233,00240,SCALAR_ARITH_004,SQLITE_PARITY_240_SCALAR_ARITH_004.rs,P1,memory,GEN_SQL_SCALAR,8263416,505764233,-6020.522469,3
234,00021,UPSERT_DO_NOTHING,SQLITE_PARITY_021_UPSERT_DO_NOTHING.rs,P0,memory,SQL_UPSERT,8445820,504857513,-5877.602092,3
235,00216,ROLLBACK_TRANSACTION_SYNTAX,SQLITE_PARITY_216_ROLLBACK_TRANSACTION_SYNTAX.rs,P0,memory,SQL_TRANSACTION,7775272,456571383,-5772.095317,3
236,00155,DOT_DBTOTXT_TEMPFILE,SQLITE_PARITY_155_DOT_DBTOTXT_TEMPFILE.rs,P3,tempfile,CLI_TEMPFILE,8161192,463702757,-5581.801837,3
237,00232,SCALAR_ARITH_002,SQLITE_PARITY_232_SCALAR_ARITH_002.rs,P1,memory,GEN_SQL_SCALAR,6698636,372640740,-5462.934603,3
238,00258,SCALAR_STRING_008,SQLITE_PARITY_258_SCALAR_STRING_008.rs,P1,memory,GEN_SQL_SCALAR,5925304,328646252,-5446.487606,3
239,00184,OPT_ASCII_MODE,SQLITE_PARITY_184_OPT_ASCII_MODE.rs,P2,memory,CLI_OPTION,10596917,573941477,-5316.117509,3
240,00046,VACUUM_MEMORY,SQLITE_PARITY_046_VACUUM_MEMORY.rs,P0,memory,SQL_VACUUM,3110211,164234265,-5180.486276,3
241,00098,CLI_REGEXP_OPTIONAL,SQLITE_PARITY_098_CLI_REGEXP_OPTIONAL.rs,P2,memory,CLI_EXTENSION_OPTIONAL,16169044,838942446,-5088.571730,3
242,00273,SCALAR_CAST_TYPEOF_012,SQLITE_PARITY_273_SCALAR_CAST_TYPEOF_012.rs,P1,memory,GEN_SQL_SCALAR,5901640,275998042,-4576.632970,3
243,00134,DOT_CRLF,SQLITE_PARITY_134_DOT_CRLF.rs,P3,memory,CLI_DOT_COMMAND_DIAGNOSTIC,14461665,671544297,-4543.616741,3
244,00234,SCALAR_STRING_002,SQLITE_PARITY_234_SCALAR_STRING_002.rs,P1,memory,GEN_SQL_SCALAR,6565043,293455861,-4369.976221,3
245,00235,SCALAR_NULL_COALESCE_002,SQLITE_PARITY_235_SCALAR_NULL_COALESCE_002.rs,P1,memory,GEN_SQL_SCALAR,8730969,380998855,-4263.763690,3
246,00159,DOT_SYSTEM_SIDE_EFFECT,SQLITE_PARITY_159_DOT_SYSTEM_SIDE_EFFECT.rs,P4,side_effect,CLI_SIDE_EFFECT,4499087,177095395,-3836.251844,3
247,00254,SCALAR_STRING_007,SQLITE_PARITY_254_SCALAR_STRING_007.rs,P1,memory,GEN_SQL_SCALAR,6124000,234249479,-3725.105797,3
248,00143,DOT_QUIT,SQLITE_PARITY_143_DOT_QUIT.rs,P0,memory,CLI_DOT_COMMAND,2407141,113712336,-3690.411200,3
249,00025,BEGIN_MODES,SQLITE_PARITY_025_BEGIN_MODES.rs,P0,memory,SQL_TRANSACTION,22053150,802660820,-3539.665173,3
250,00269,SCALAR_CAST_TYPEOF_011,SQLITE_PARITY_269_SCALAR_CAST_TYPEOF_011.rs,P1,memory,GEN_SQL_SCALAR,2823369,106601983,-3453.399433,3
251,11839,JSON_QUOTE_INT,SQLITE_PARITY_11839_JSON_QUOTE_INT.rs,P0,memory,SQL_JSON,2366675,105604258,-3420.141933,3
252,11840,JSON_QUOTE_STR,SQLITE_PARITY_11840_JSON_QUOTE_STR.rs,P0,memory,SQL_JSON,2590829,105600360,-3420.012000,3
253,00022,TRANSACTION_COMMIT,SQLITE_PARITY_022_TRANSACTION_COMMIT.rs,P0,memory,SQL_TRANSACTION,19309502,643594225,-3233.044141,3
254,00505,DML_WHERE_ORDER_LIMIT_118,SQLITE_PARITY_505_DML_WHERE_ORDER_LIMIT_118.rs,P1,memory,GEN_SQL_DML,3722389,123067697,-3206.148202,3
255,00259,SCALAR_NULL_COALESCE_008,SQLITE_PARITY_259_SCALAR_NULL_COALESCE_008.rs,P1,memory,GEN_SQL_SCALAR,4764559,133379626,-2699.411782,3
256,00268,SCALAR_ARITH_011,SQLITE_PARITY_268_SCALAR_ARITH_011.rs,P1,memory,GEN_SQL_SCALAR,11001563,288965591,-2526.586704,3
257,00298,SCALAR_STRING_018,SQLITE_PARITY_298_SCALAR_STRING_018.rs,P1,memory,GEN_SQL_SCALAR,5093321,128640776,-2425.675802,3
258,00262,SCALAR_STRING_009,SQLITE_PARITY_262_SCALAR_STRING_009.rs,P1,memory,GEN_SQL_SCALAR,9135034,227393876,-2389.250461,3
259,00484,DML_WHERE_ORDER_LIMIT_097,SQLITE_PARITY_484_DML_WHERE_ORDER_LIMIT_097.rs,P1,memory,GEN_SQL_DML,4275274,106199381,-2384.036836,3
260,11104,MATH_POWER_2_0_10,SQLITE_PARITY_11104_MATH_POWER_2_0_10.rs,P1,memory,SQL_MATH,4741786,117167893,-2370.965434,3
261,00266,SCALAR_STRING_010,SQLITE_PARITY_266_SCALAR_STRING_010.rs,P1,memory,GEN_SQL_SCALAR,6122457,141082641,-2204.346784,3
262,11814,JSON_JSON_TYPE_A_B,SQLITE_PARITY_11814_JSON_JSON_TYPE_A_B.rs,P0,memory,SQL_JSON,6439797,134949867,-1995.560885,3
263,11659,DATETIME_STRFTIME_ISO_DATE_2024_WEEKDAY_0,SQLITE_PARITY_11659_DATETIME_STRFTIME_ISO_DATE_2024_WEEKDAY_0.rs,P0,memory,SQL_DATETIME,4891810,96637562,-1875.497045,3
264,00034,EXPRESSION_INDEX,SQLITE_PARITY_034_EXPRESSION_INDEX.rs,P0,memory,SQL_INDEX,25506239,500668140,-1862.924208,3
265,00511,AGG_GROUP_HAVING_004,SQLITE_PARITY_511_AGG_GROUP_HAVING_004.rs,P1,memory,GEN_SQL_AGGREGATE,6662067,127215591,-1809.551360,3
266,00219,UPDATE_LIMIT_OPTIONAL,SQLITE_PARITY_219_UPDATE_LIMIT_OPTIONAL.rs,P3,memory,SQL_UPDATE_OPTIONAL,7593949,128969537,-1598.319767,3
267,11350,AFFINITY_BLOB_REAL_HALF,SQLITE_PARITY_11350_AFFINITY_BLOB_REAL_HALF.rs,P0,memory,SQL_TYPE_AFFINITY,8020777,135754479,-1592.535262,3
268,11727,DATETIME_DATETIME_Y2K_BASE,SQLITE_PARITY_11727_DATETIME_DATETIME_Y2K_BASE.rs,P0,memory,SQL_DATETIME,9549618,151355278,-1484.935418,3
269,00327,SCALAR_NULL_COALESCE_025,SQLITE_PARITY_327_SCALAR_NULL_COALESCE_025.rs,P1,memory,GEN_SQL_SCALAR,6413657,99258797,-1447.616235,3
270,10084,STRICT_INT_REJECTS_NON_WHOLE_REAL,SQLITE_PARITY_10084_STRICT_INT_REJECTS_NON_WHOLE_REAL.rs,P0,memory,SQL_STRICT_TABLES,4958476,74812733,-1408.784816,3
271,00160,DOT_EXCEL_EXTERNAL_APP,SQLITE_PARITY_160_DOT_EXCEL_EXTERNAL_APP.rs,P4,external_app,CLI_EXTERNAL_APP,58823017,849234183,-1343.710687,3
272,11821,JSON_JSON_TYPE_E,SQLITE_PARITY_11821_JSON_JSON_TYPE_E.rs,P0,memory,SQL_JSON,9721442,137460815,-1313.996144,3
273,00508,AGG_GROUP_HAVING_001,SQLITE_PARITY_508_AGG_GROUP_HAVING_001.rs,P1,memory,GEN_SQL_AGGREGATE,8627573,121048900,-1303.046952,3
274,00209,OPT_INTERACTIVE_CATALOG,SQLITE_PARITY_209_OPT_INTERACTIVE_CATALOG.rs,P4,catalog,CLI_OPTION_CATALOG,57460661,795419388,-1284.285134,3
275,11339,AFFINITY_TEXT_NULL_LIT,SQLITE_PARITY_11339_AFFINITY_TEXT_NULL_LIT.rs,P0,memory,SQL_TYPE_AFFINITY,9870925,135986106,-1277.642987,3
276,00272,SCALAR_ARITH_012,SQLITE_PARITY_272_SCALAR_ARITH_012.rs,P1,memory,GEN_SQL_SCALAR,7116436,97418147,-1268.917630,3
277,11335,AFFINITY_TEXT_REAL_BIG,SQLITE_PARITY_11335_AFFINITY_TEXT_REAL_BIG.rs,P0,memory,SQL_TYPE_AFFINITY,10109566,137931245,-1264.363663,3
278,11811,JSON_JSON_EXTRACT_A_B_99,SQLITE_PARITY_11811_JSON_JSON_EXTRACT_A_B_99.rs,P0,memory,SQL_JSON,3065196,41767017,-1262.621411,3
279,00780,CTE_RECURSIVE_MATRIX_073,SQLITE_PARITY_780_CTE_RECURSIVE_MATRIX_073.rs,P1,memory,GEN_SQL_CTE,9716843,126877953,-1205.752836,3
280,11820,JSON_JSON_TYPE_D_3,SQLITE_PARITY_11820_JSON_JSON_TYPE_D_3.rs,P0,memory,SQL_JSON,10422187,135708732,-1202.113769,3
281,00197,OPT_MAXSIZE_DESERIALIZE_TEMPFILE,SQLITE_PARITY_197_OPT_MAXSIZE_DESERIALIZE_TEMPFILE.rs,P3,tempfile,CLI_OPTION_TEMPFILE,12306981,158861580,-1190.824939,3
282,11084,MATH_TANH_0_0,SQLITE_PARITY_11084_MATH_TANH_0_0.rs,P1,memory,SQL_MATH,10150183,130692707,-1187.589662,3
283,11671,DATETIME_TIME_UNIX_MINUS_1_MONTH,SQLITE_PARITY_11671_DATETIME_TIME_UNIX_MINUS_1_MONTH.rs,P0,memory,SQL_DATETIME,2424585,38250978,-1175.032600,3
284,11338,AFFINITY_TEXT_BLOB_HEX,SQLITE_PARITY_11338_AFFINITY_TEXT_BLOB_HEX.rs,P0,memory,SQL_TYPE_AFFINITY,10900451,136864087,-1155.581875,3
285,00434,DML_WHERE_ORDER_LIMIT_047,SQLITE_PARITY_434_DML_WHERE_ORDER_LIMIT_047.rs,P1,memory,GEN_SQL_DML,10261874,127636727,-1143.795500,3
286,00512,AGG_GROUP_HAVING_005,SQLITE_PARITY_512_AGG_GROUP_HAVING_005.rs,P1,memory,GEN_SQL_AGGREGATE,10691787,130740596,-1122.813324,3
287,11824,JSON_JSON_ARRAY_LENGTH_,SQLITE_PARITY_11824_JSON_JSON_ARRAY_LENGTH_.rs,P0,memory,SQL_JSON,9924065,116053656,-1069.416524,3
288,00308,SCALAR_ARITH_021,SQLITE_PARITY_308_SCALAR_ARITH_021.rs,P1,memory,GEN_SQL_SCALAR,9467041,110592198,-1068.181251,3
289,11573,DATETIME_JULIANDAY_Y2K_PLUS_3_HOURS,SQLITE_PARITY_11573_DATETIME_JULIANDAY_Y2K_PLUS_3_HOURS.rs,P0,memory,SQL_DATETIME,6014102,70056821,-1064.875837,3
290,11091,MATH_TRUNC_1_6,SQLITE_PARITY_11091_MATH_TRUNC_1_6.rs,P1,memory,SQL_MATH,12133003,136884595,-1028.200455,3
291,00590,AGG_GROUP_HAVING_083,SQLITE_PARITY_590_AGG_GROUP_HAVING_083.rs,P1,memory,GEN_SQL_AGGREGATE,3637849,40798546,-1021.501910,3
292,00855,WINDOW_PARTITION_SUM_068,SQLITE_PARITY_855_WINDOW_PARTITION_SUM_068.rs,P2,memory,GEN_SQL_WINDOW,11862070,132718386,-1018.846761,3
293,11064,MATH_RADIANS_0_0,SQLITE_PARITY_11064_MATH_RADIANS_0_0.rs,P1,memory,SQL_MATH,11048582,123392162,-1016.814465,3
294,00549,AGG_GROUP_HAVING_042,SQLITE_PARITY_549_AGG_GROUP_HAVING_042.rs,P1,memory,GEN_SQL_AGGREGATE,7675523,85621881,-1015.518526,3
295,00517,AGG_GROUP_HAVING_010,SQLITE_PARITY_517_AGG_GROUP_HAVING_010.rs,P1,memory,GEN_SQL_AGGREGATE,10960815,121133520,-1005.150666,3
296,00161,DOT_WWW_EXTERNAL_APP,SQLITE_PARITY_161_DOT_WWW_EXTERNAL_APP.rs,P4,external_app,CLI_EXTERNAL_APP,67757341,713815889,-953.488638,3
297,11813,JSON_JSON_TYPE_A,SQLITE_PARITY_11813_JSON_JSON_TYPE_A.rs,P0,memory,SQL_JSON,3682804,38767606,-952.665469,3
298,00950,VIEW_TRIGGER_GENERATED_003,SQLITE_PARITY_950_VIEW_TRIGGER_GENERATED_003.rs,P2,memory,GEN_SQL_VIEW_TRIGGER,5400632,56718529,-950.220215,3
299,11072,MATH_SINH_0_0,SQLITE_PARITY_11072_MATH_SINH_0_0.rs,P1,memory,SQL_MATH,12650741,129005085,-919.743310,3
300,11823,JSON_JSON_TYPE_A_B_99,SQLITE_PARITY_11823_JSON_JSON_TYPE_A_B_99.rs,P0,memory,SQL_JSON,13683204,137850332,-907.441912,3
301,11040,MATH_DEGREES_0_0,SQLITE_PARITY_11040_MATH_DEGREES_0_0.rs,P1,memory,SQL_MATH,12361243,123837414,-901.820076,3
302,00267,SCALAR_NULL_COALESCE_010,SQLITE_PARITY_267_SCALAR_NULL_COALESCE_010.rs,P1,memory,GEN_SQL_SCALAR,9747732,92707509,-851.067479,3
303,11347,AFFINITY_VARCHAR_8_NULL_LIT,SQLITE_PARITY_11347_AFFINITY_VARCHAR_8_NULL_LIT.rs,P0,memory,SQL_TYPE_AFFINITY,13490439,127476115,-844.936744,3
304,00822,WINDOW_PARTITION_SUM_035,SQLITE_PARITY_822_WINDOW_PARTITION_SUM_035.rs,P2,memory,GEN_SQL_WINDOW,2656403,28109112,-836.970400,3
305,11046,MATH_EXP_1_0,SQLITE_PARITY_11046_MATH_EXP_1_0.rs,P1,memory,SQL_MATH,14363770,132977688,-825.785417,3
306,11228,CAST_TEXT_42_AS_BLOB,SQLITE_PARITY_11228_CAST_TEXT_42_AS_BLOB.rs,P0,memory,SQL_CAST,15385042,142148740,-823.941189,3
307,11345,AFFINITY_VARCHAR_8_TEXT_BARE,SQLITE_PARITY_11345_AFFINITY_VARCHAR_8_TEXT_BARE.rs,P0,memory,SQL_TYPE_AFFINITY,9859984,90962832,-822.545432,3
308,11323,AFFINITY_REAL_NULL_LIT,SQLITE_PARITY_11323_AFFINITY_REAL_NULL_LIT.rs,P0,memory,SQL_TYPE_AFFINITY,13481232,124285662,-821.916202,3
309,11841,JSON_QUOTE_NULL_LIT,SQLITE_PARITY_11841_JSON_QUOTE_NULL_LIT.rs,P0,memory,SQL_JSON,4059887,37122305,-814.367937,3
310,11343,AFFINITY_VARCHAR_8_REAL_BIG,SQLITE_PARITY_11343_AFFINITY_VARCHAR_8_REAL_BIG.rs,P0,memory,SQL_TYPE_AFFINITY,12585608,114273440,-807.969166,3
311,00920,CONSTRAINT_FK_SAVEPOINT_053,SQLITE_PARITY_920_CONSTRAINT_FK_SAVEPOINT_053.rs,P2,memory,GEN_SQL_CONSTRAINT_TX,8452443,76709039,-807.536898,3
312,00728,CTE_RECURSIVE_MATRIX_021,SQLITE_PARITY_728_CTE_RECURSIVE_MATRIX_021.rs,P1,memory,GEN_SQL_CTE,4852816,43982807,-806.335765,3
313,11346,AFFINITY_VARCHAR_8_BLOB_HEX,SQLITE_PARITY_11346_AFFINITY_VARCHAR_8_BLOB_HEX.rs,P0,memory,SQL_TYPE_AFFINITY,13380872,121054692,-804.684627,3
314,11081,MATH_TAN_0_7853981633974483,SQLITE_PARITY_11081_MATH_TAN_0_7853981633974483.rs,P1,memory,SQL_MATH,12933917,115696119,-794.517253,3
315,11337,AFFINITY_TEXT_TEXT_BARE,SQLITE_PARITY_11337_AFFINITY_TEXT_TEXT_BARE.rs,P0,memory,SQL_TYPE_AFFINITY,13512540,120095097,-788.767745,3
316,11316,AFFINITY_REAL_INT_1,SQLITE_PARITY_11316_AFFINITY_REAL_INT_1.rs,P0,memory,SQL_TYPE_AFFINITY,5272941,46314186,-778.336890,3
317,00514,AGG_GROUP_HAVING_007,SQLITE_PARITY_514_AGG_GROUP_HAVING_007.rs,P1,memory,GEN_SQL_AGGREGATE,15322453,134342768,-776.770632,3
318,11828,JSON_JSON_ARRAY_LENGTH_A_B_1,SQLITE_PARITY_11828_JSON_JSON_ARRAY_LENGTH_A_B_1.rs,P0,memory,SQL_JSON,15133856,131915369,-771.657356,3
319,11640,DATETIME_DATE_DATE_2024_START_OF_DAY,SQLITE_PARITY_11640_DATETIME_DATE_DATE_2024_START_OF_DAY.rs,P0,memory,SQL_DATETIME,11761640,100787629,-756.918159,3
320,11327,AFFINITY_DOUBLE_REAL_BIG,SQLITE_PARITY_11327_AFFINITY_DOUBLE_REAL_BIG.rs,P0,memory,SQL_TYPE_AFFINITY,14410238,122166595,-747.776386,3
321,11410,STRING_LOWER_,SQLITE_PARITY_11410_STRING_LOWER_.rs,P0,memory,SQL_STRING,2618320,25252049,-741.734967,3
322,10630,JSON_REJECTS_BLOB,SQLITE_PARITY_10630_JSON_REJECTS_BLOB.rs,P0,memory,SQL_BLOB,8864181,74463834,-740.053176,3
323,00311,SCALAR_NULL_COALESCE_021,SQLITE_PARITY_311_SCALAR_NULL_COALESCE_021.rs,P1,memory,GEN_SQL_SCALAR,3313436,27337192,-725.040592,3
324,00978,VIEW_TRIGGER_GENERATED_031,SQLITE_PARITY_978_VIEW_TRIGGER_GENERATED_031.rs,P2,memory,GEN_SQL_VIEW_TRIGGER,3535806,29061011,-721.906264,3
325,11086,MATH_TANH_1_0,SQLITE_PARITY_11086_MATH_TANH_1_0.rs,P1,memory,SQL_MATH,16525057,134244663,-712.370348,3
326,11817,JSON_JSON_TYPE_A_B_1_C,SQLITE_PARITY_11817_JSON_JSON_TYPE_A_B_1_C.rs,P0,memory,SQL_JSON,17010695,138086718,-711.764117,3
327,11069,MATH_SIN_1_5707963267949,SQLITE_PARITY_11069_MATH_SIN_1_5707963267949.rs,P1,memory,SQL_MATH,7149529,57559149,-705.076097,3
328,00469,DML_WHERE_ORDER_LIMIT_082,SQLITE_PARITY_469_DML_WHERE_ORDER_LIMIT_082.rs,P1,memory,GEN_SQL_DML,14328674,115180684,-703.847474,3
329,00844,WINDOW_PARTITION_SUM_057,SQLITE_PARITY_844_WINDOW_PARTITION_SUM_057.rs,P2,memory,GEN_SQL_WINDOW,17416041,139223336,-699.397153,3
330,11588,DATETIME_JULIANDAY_Y2K_START_OF_DAY,SQLITE_PARITY_11588_DATETIME_JULIANDAY_Y2K_START_OF_DAY.rs,P0,memory,SQL_DATETIME,3692832,29265438,-692.493078,3
331,10070,CHANGES_AND_TOTAL_CHANGES,SQLITE_PARITY_10070_CHANGES_AND_TOTAL_CHANGES.rs,P0,memory,SQL_AUTOINCREMENT,15206494,120084036,-689.689168,3
332,10276,FK_DELETE_NO_ACTION_REJECTED,SQLITE_PARITY_10276_FK_DELETE_NO_ACTION_REJECTED.rs,P0,memory,SQL_FOREIGN_KEYS,11067428,87191510,-687.820892,3
333,11324,AFFINITY_DOUBLE_INT_1,SQLITE_PARITY_11324_AFFINITY_DOUBLE_INT_1.rs,P0,memory,SQL_TYPE_AFFINITY,17399611,136930191,-686.972715,3
334,01117,INDEX_SCHEMA_PRAGMA_050,SQLITE_PARITY_1117_INDEX_SCHEMA_PRAGMA_050.rs,P2,memory,GEN_SQL_INDEX_PRAGMA,16580411,129155320,-678.963320,3
335,00764,CTE_RECURSIVE_MATRIX_057,SQLITE_PARITY_764_CTE_RECURSIVE_MATRIX_057.rs,P1,memory,GEN_SQL_CTE,5771212,44927553,-678.476913,3
336,11050,MATH_FLOOR_1_4,SQLITE_PARITY_11050_MATH_FLOOR_1_4.rs,P1,memory,SQL_MATH,18136274,140262242,-673.379593,3
337,00270,SCALAR_STRING_011,SQLITE_PARITY_270_SCALAR_STRING_011.rs,P1,memory,GEN_SQL_SCALAR,6615409,50041142,-656.433079,3
338,10076,AUTOINCREMENT_MAX_ROWID_FAIL,SQLITE_PARITY_10076_AUTOINCREMENT_MAX_ROWID_FAIL.rs,P0,memory,SQL_AUTOINCREMENT,4118217,31026488,-653.396142,3
339,00322,SCALAR_STRING_024,SQLITE_PARITY_322_SCALAR_STRING_024.rs,P1,memory,GEN_SQL_SCALAR,2602000,22528849,-650.961633,3
340,00845,WINDOW_PARTITION_SUM_058,SQLITE_PARITY_845_WINDOW_PARTITION_SUM_058.rs,P2,memory,GEN_SQL_WINDOW,17560976,131447974,-648.523169,3
341,11826,JSON_JSON_ARRAY_LENGTH_A_B,SQLITE_PARITY_11826_JSON_JSON_ARRAY_LENGTH_A_B.rs,P0,memory,SQL_JSON,17932599,133854706,-646.432271,3
342,00489,DML_WHERE_ORDER_LIMIT_102,SQLITE_PARITY_489_DML_WHERE_ORDER_LIMIT_102.rs,P1,memory,GEN_SQL_DML,15224939,113399206,-644.825355,3
343,11548,DATETIME_JULIANDAY_EPOCH_WEEKDAY_0,SQLITE_PARITY_11548_DATETIME_JULIANDAY_EPOCH_WEEKDAY_0.rs,P0,memory,SQL_DATETIME,5933139,43719600,-636.871326,3
344,10511,SUBQUERY_ORDER_BY_NO_LIMIT_SCALAR,SQLITE_PARITY_10511_SUBQUERY_ORDER_BY_NO_LIMIT_SCALAR.rs,P0,memory,SQL_SUBQUERY,5402095,39362661,-628.655475,3
345,11354,AFFINITY_BLOB_BLOB_HEX,SQLITE_PARITY_11354_AFFINITY_BLOB_BLOB_HEX.rs,P0,memory,SQL_TYPE_AFFINITY,18499581,134567955,-627.410826,3
346,11360,AFFINITY_NUMERIC_TEXT_NUM,SQLITE_PARITY_11360_AFFINITY_NUMERIC_TEXT_NUM.rs,P0,memory,SQL_TYPE_AFFINITY,2511089,21581679,-619.389300,3
347,00492,DML_WHERE_ORDER_LIMIT_105,SQLITE_PARITY_492_DML_WHERE_ORDER_LIMIT_105.rs,P1,memory,GEN_SQL_DML,3715676,26449303,-611.830176,3
348,00720,CTE_RECURSIVE_MATRIX_013,SQLITE_PARITY_720_CTE_RECURSIVE_MATRIX_013.rs,P1,memory,GEN_SQL_CTE,5666495,39957626,-605.155939,3
349,11341,AFFINITY_VARCHAR_8_INT_BIG,SQLITE_PARITY_11341_AFFINITY_VARCHAR_8_INT_BIG.rs,P0,memory,SQL_TYPE_AFFINITY,6129220,42813246,-598.510512,3
350,11080,MATH_TAN_0_0,SQLITE_PARITY_11080_MATH_TAN_0_0.rs,P1,memory,SQL_MATH,7109163,49560624,-597.137258,3
351,11066,MATH_RADIANS_180_0,SQLITE_PARITY_11066_MATH_RADIANS_180_0.rs,P1,memory,SQL_MATH,16015955,108697867,-578.684893,3
352,00533,AGG_GROUP_HAVING_026,SQLITE_PARITY_533_AGG_GROUP_HAVING_026.rs,P1,memory,GEN_SQL_AGGREGATE,5075116,34414314,-578.099062,3
353,10606,LIKE_ON_INDEXED_COLUMN,SQLITE_PARITY_10606_LIKE_ON_INDEXED_COLUMN.rs,P0,memory,SQL_PATTERN,16523705,111697769,-575.985011,3
354,10044,COUNT_STAR_VS_COUNT_COL_WITH_NULLS,SQLITE_PARITY_10044_COUNT_STAR_VS_COUNT_COL_WITH_NULLS.rs,P0,memory,SQL_AGGREGATE_NULL,7675183,51827010,-575.254388,3
355,00846,WINDOW_PARTITION_SUM_059,SQLITE_PARITY_846_WINDOW_PARTITION_SUM_059.rs,P2,memory,GEN_SQL_WINDOW,19527845,131206858,-571.896249,3
356,00536,AGG_GROUP_HAVING_029,SQLITE_PARITY_536_AGG_GROUP_HAVING_029.rs,P1,memory,GEN_SQL_AGGREGATE,10696636,70984604,-563.616150,3
357,11003,MATH_ACOS_0_5,SQLITE_PARITY_11003_MATH_ACOS_0_5.rs,P1,memory,SQL_MATH,12202383,80930131,-563.232182,3
358,00293,SCALAR_CAST_TYPEOF_017,SQLITE_PARITY_293_SCALAR_CAST_TYPEOF_017.rs,P1,memory,GEN_SQL_SCALAR,8399112,55521555,-561.040774,3
359,11344,AFFINITY_VARCHAR_8_TEXT_NUM,SQLITE_PARITY_11344_AFFINITY_VARCHAR_8_TEXT_NUM.rs,P0,memory,SQL_TYPE_AFFINITY,21430372,141392199,-559.774823,3
360,00473,DML_WHERE_ORDER_LIMIT_086,SQLITE_PARITY_473_DML_WHERE_ORDER_LIMIT_086.rs,P1,memory,GEN_SQL_DML,21227650,139946684,-559.266023,3
361,00277,SCALAR_CAST_TYPEOF_013,SQLITE_PARITY_277_SCALAR_CAST_TYPEOF_013.rs,P1,memory,GEN_SQL_SCALAR,14515858,95607183,-558.639558,3
362,00193,OPT_READONLY_TEMPFILE,SQLITE_PARITY_193_OPT_READONLY_TEMPFILE.rs,P2,tempfile,CLI_OPTION_TEMPFILE,30747711,200897084,-553.372487,3
363,00804,WINDOW_PARTITION_SUM_017,SQLITE_PARITY_804_WINDOW_PARTITION_SUM_017.rs,P2,memory,GEN_SQL_WINDOW,18233197,118610259,-550.518167,3
364,11406,STRING_OCTET_LENGTH_H_LLO,SQLITE_PARITY_11406_STRING_OCTET_LENGTH_H_LLO.rs,P0,memory,SQL_STRING,14374571,93413245,-549.850663,3
365,11083,MATH_TAN_1_0,SQLITE_PARITY_11083_MATH_TAN_1_0.rs,P1,memory,SQL_MATH,7156432,45958343,-542.196321,3
366,10322,ON_CONFLICT_DO_NOTHING_NO_TARGET,SQLITE_PARITY_10322_ON_CONFLICT_DO_NOTHING_NO_TARGET.rs,P0,memory,SQL_UPSERT,4326020,27762155,-541.748189,3
367,01111,INDEX_SCHEMA_PRAGMA_044,SQLITE_PARITY_1111_INDEX_SCHEMA_PRAGMA_044.rs,P2,memory,GEN_SQL_INDEX_PRAGMA,20369797,130720759,-541.738153,3
368,00759,CTE_RECURSIVE_MATRIX_052,SQLITE_PARITY_759_CTE_RECURSIVE_MATRIX_052.rs,P1,memory,GEN_SQL_CTE,14942594,94983884,-535.658601,3
369,00733,CTE_RECURSIVE_MATRIX_026,SQLITE_PARITY_733_CTE_RECURSIVE_MATRIX_026.rs,P1,memory,GEN_SQL_CTE,9540490,60584308,-535.023023,3
370,11031,MATH_CEILING_1_6,SQLITE_PARITY_11031_MATH_CEILING_1_6.rs,P1,memory,SQL_MATH,3004993,19068136,-534.548433,3
371,11011,MATH_ASIN_0_5,SQLITE_PARITY_11011_MATH_ASIN_0_5.rs,P1,memory,SQL_MATH,14695768,93246750,-534.514304,3
372,10026,ORDER_BY_ASC_NULL_FIRST_DEFAULT,SQLITE_PARITY_10026_ORDER_BY_ASC_NULL_FIRST_DEFAULT.rs,P0,memory,SQL_NULL_ORDER,13318734,83737228,-528.717624,3
373,11610,DATETIME_DATE_DATE_2024_PLUS_5_DAYS,SQLITE_PARITY_11610_DATETIME_DATE_DATE_2024_PLUS_5_DAYS.rs,P0,memory,SQL_DATETIME,5997110,37515668,-525.562446,3
374,11077,MATH_SQRT_1_0,SQLITE_PARITY_11077_MATH_SQRT_1_0.rs,P1,memory,SQL_MATH,20039412,124772181,-522.633943,3
375,11547,DATETIME_DATETIME_EPOCH_WEEKDAY_0,SQLITE_PARITY_11547_DATETIME_DATETIME_EPOCH_WEEKDAY_0.rs,P0,memory,SQL_DATETIME,6708986,41538986,-519.154459,3
376,12028,PRAGMA_SET_TEMP_STORE_MEMORY,SQLITE_PARITY_12028_PRAGMA_SET_TEMP_STORE_MEMORY.rs,P1,memory,SQL_PRAGMA,5539194,34292374,-519.085990,3
377,00504,DML_WHERE_ORDER_LIMIT_117,SQLITE_PARITY_504_DML_WHERE_ORDER_LIMIT_117.rs,P1,memory,GEN_SQL_DML,17536139,108155671,-516.758746,3
378,10040,DISTINCT_ORDER_BY_ASC_NULL_FIRST,SQLITE_PARITY_10040_DISTINCT_ORDER_BY_ASC_NULL_FIRST.rs,P0,memory,SQL_NULL_ORDER,5831016,35903590,-515.734719,3
379,10220,OPT_MODE_TABLE,SQLITE_PARITY_10220_OPT_MODE_TABLE.rs,P0,memory,CLI_OPTION,21019596,128079535,-509.333952,3
380,11014,MATH_ASINH_1_0,SQLITE_PARITY_11014_MATH_ASINH_1_0.rs,P1,memory,SQL_MATH,7267292,43992816,-505.353631,3
381,11927,WIN_COUNT_EXCL_GROUP,SQLITE_PARITY_11927_WIN_COUNT_EXCL_GROUP.rs,P0,memory,SQL_WINDOW,4345487,26238444,-503.809055,3
382,00817,WINDOW_PARTITION_SUM_030,SQLITE_PARITY_817_WINDOW_PARTITION_SUM_030.rs,P2,memory,GEN_SQL_WINDOW,10672370,64269587,-502.205386,3
383,11319,AFFINITY_REAL_REAL_BIG,SQLITE_PARITY_11319_AFFINITY_REAL_REAL_BIG.rs,P0,memory,SQL_TYPE_AFFINITY,15786711,94328395,-497.517716,3
384,00767,CTE_RECURSIVE_MATRIX_060,SQLITE_PARITY_767_CTE_RECURSIVE_MATRIX_060.rs,P1,memory,GEN_SQL_CTE,19288633,114537408,-493.807804,3
385,11334,AFFINITY_TEXT_REAL_HALF,SQLITE_PARITY_11334_AFFINITY_TEXT_REAL_HALF.rs,P0,memory,SQL_TYPE_AFFINITY,21934256,130105747,-493.162344,3
386,11075,MATH_SINH_2_0,SQLITE_PARITY_11075_MATH_SINH_2_0.rs,P1,memory,SQL_MATH,22752662,134870867,-492.769615,3
387,11100,MATH_POW_2_0_10,SQLITE_PARITY_11100_MATH_POW_2_0_10.rs,P1,memory,SQL_MATH,2768444,17542591,-484.753033,3
388,11846,JSON_DARROW_A,SQLITE_PARITY_11846_JSON_DARROW_A.rs,P0,memory,SQL_JSON,6412335,37492595,-484.694889,3
389,10090,STRICT_TEXT_COERCES_INTEGER,SQLITE_PARITY_10090_STRICT_TEXT_COERCES_INTEGER.rs,P0,memory,SQL_STRICT_TABLES,16506462,96322927,-483.546777,3
390,00458,DML_WHERE_ORDER_LIMIT_071,SQLITE_PARITY_458_DML_WHERE_ORDER_LIMIT_071.rs,P1,memory,GEN_SQL_DML,15821106,90707768,-473.333925,3
391,01093,INDEX_SCHEMA_PRAGMA_026,SQLITE_PARITY_1093_INDEX_SCHEMA_PRAGMA_026.rs,P2,memory,GEN_SQL_INDEX_PRAGMA,18505562,104870098,-466.695019,3
392,11634,DATETIME_STRFTIME_ISO_DATE_2024_PLUS_30_MINUTES,SQLITE_PARITY_11634_DATETIME_STRFTIME_ISO_DATE_2024_PLUS_30_MINUTES.rs,P0,memory,SQL_DATETIME,11733557,66147969,-463.750353,3
393,11738,DATETIME_JULIANDAY_UNIX_BASE,SQLITE_PARITY_11738_DATETIME_JULIANDAY_UNIX_BASE.rs,P0,memory,SQL_DATETIME,6113259,34415917,-462.971682,3
394,01094,INDEX_SCHEMA_PRAGMA_027,SQLITE_PARITY_1094_INDEX_SCHEMA_PRAGMA_027.rs,P2,memory,GEN_SQL_INDEX_PRAGMA,20694431,115789205,-459.518670,3
395,00976,VIEW_TRIGGER_GENERATED_029,SQLITE_PARITY_976_VIEW_TRIGGER_GENERATED_029.rs,P2,memory,GEN_SQL_VIEW_TRIGGER,11465711,64110747,-459.151953,3
396,11096,MATH_ATAN2_1_0_1_0,SQLITE_PARITY_11096_MATH_ATAN2_1_0_1_0.rs,P1,memory,SQL_MATH,25622149,143260471,-459.127460,3
397,11332,AFFINITY_TEXT_INT_1,SQLITE_PARITY_11332_AFFINITY_TEXT_INT_1.rs,P0,memory,SQL_TYPE_AFFINITY,21473384,119858761,-458.173602,3
398,11551,DATETIME_TIME_EPOCH_UTC,SQLITE_PARITY_11551_DATETIME_TIME_EPOCH_UTC.rs,P0,memory,SQL_DATETIME,10991093,61187650,-456.702141,3
399,11549,DATETIME_STRFTIME_ISO_EPOCH_WEEKDAY_0,SQLITE_PARITY_11549_DATETIME_STRFTIME_ISO_EPOCH_WEEKDAY_0.rs,P0,memory,SQL_DATETIME,8287781,45605536,-450.274386,3
400,00835,WINDOW_PARTITION_SUM_048,SQLITE_PARITY_835_WINDOW_PARTITION_SUM_048.rs,P2,memory,GEN_SQL_WINDOW,24411419,133807124,-448.133331,3
401,00986,VIEW_TRIGGER_GENERATED_039,SQLITE_PARITY_986_VIEW_TRIGGER_GENERATED_039.rs,P2,memory,GEN_SQL_VIEW_TRIGGER,30869421,169008987,-447.496459,3
402,00701,JOIN_SUBQUERY_EXISTS_094,SQLITE_PARITY_701_JOIN_SUBQUERY_EXISTS_094.rs,P1,memory,GEN_SQL_JOIN_SUBQUERY,9657992,52816421,-446.867517,3
403,00522,AGG_GROUP_HAVING_015,SQLITE_PARITY_522_AGG_GROUP_HAVING_015.rs,P1,memory,GEN_SQL_AGGREGATE,23509784,128202997,-445.317630,3
404,00834,WINDOW_PARTITION_SUM_047,SQLITE_PARITY_834_WINDOW_PARTITION_SUM_047.rs,P2,memory,GEN_SQL_WINDOW,23566341,128468881,-445.137156,3
405,01120,INDEX_SCHEMA_PRAGMA_053,SQLITE_PARITY_1120_INDEX_SCHEMA_PRAGMA_053.rs,P2,memory,GEN_SQL_INDEX_PRAGMA,17016396,92691019,-444.715926,3
406,11816,JSON_JSON_TYPE_A_B_1,SQLITE_PARITY_11816_JSON_JSON_TYPE_A_B_1.rs,P0,memory,SQL_JSON,24021933,130095789,-441.570859,3
407,00528,AGG_GROUP_HAVING_021,SQLITE_PARITY_528_AGG_GROUP_HAVING_021.rs,P1,memory,GEN_SQL_AGGREGATE,24708020,133595495,-440.696887,3
408,11030,MATH_CEILING_1_4,SQLITE_PARITY_11030_MATH_CEILING_1_4.rs,P1,memory,SQL_MATH,22921122,123004900,-436.644323,3
409,12021,PRAGMA_REVERSE_UNORDERED_SELECTS,SQLITE_PARITY_12021_PRAGMA_REVERSE_UNORDERED_SELECTS.rs,P1,memory,SQL_PRAGMA,3030230,16256800,-436.487329,3
410,01097,INDEX_SCHEMA_PRAGMA_030,SQLITE_PARITY_1097_INDEX_SCHEMA_PRAGMA_030.rs,P2,memory,GEN_SQL_INDEX_PRAGMA,20088325,107184555,-433.566412,3
411,00901,CONSTRAINT_FK_SAVEPOINT_034,SQLITE_PARITY_901_CONSTRAINT_FK_SAVEPOINT_034.rs,P2,memory,GEN_SQL_CONSTRAINT_TX,9048680,48168041,-432.321189,3
412,11105,MATH_POWER_3_0_2,SQLITE_PARITY_11105_MATH_POWER_3_0_2.rs,P1,memory,SQL_MATH,4437170,23605676,-431.998458,3
413,11682,DATETIME_DATETIME_UNIX_PLUS_3_HOURS,SQLITE_PARITY_11682_DATETIME_DATETIME_UNIX_PLUS_3_HOURS.rs,P0,memory,SQL_DATETIME,17911839,94990618,-430.323090,3
414,01058,JSON_EXTRACT_SET_051,SQLITE_PARITY_1058_JSON_EXTRACT_SET_051.rs,P2,memory,GEN_SQL_JSON,22187174,117168453,-428.090928,3
415,00859,WINDOW_PARTITION_SUM_072,SQLITE_PARITY_859_WINDOW_PARTITION_SUM_072.rs,P2,memory,GEN_SQL_WINDOW,22578393,118840254,-426.345050,3
416,11515,DATETIME_DATE_EPOCH_PLUS_3_HOURS,SQLITE_PARITY_11515_DATETIME_DATE_EPOCH_PLUS_3_HOURS.rs,P0,memory,SQL_DATETIME,9530471,50077251,-425.443611,3
417,11092,MATH_PI_NO_ARG,SQLITE_PARITY_11092_MATH_PI_NO_ARG.rs,P1,memory,SQL_MATH,24333111,127317846,-423.228805,3
418,00751,CTE_RECURSIVE_MATRIX_044,SQLITE_PARITY_751_CTE_RECURSIVE_MATRIX_044.rs,P1,memory,GEN_SQL_CTE,16714736,87311697,-422.363602,3
419,10326,DO_UPDATE_WHERE_FILTERED_OUT,SQLITE_PARITY_10326_DO_UPDATE_WHERE_FILTERED_OUT.rs,P0,memory,SQL_UPSERT,16600610,86691916,-422.221268,3
420,00339,SCALAR_NULL_COALESCE_028,SQLITE_PARITY_339_SCALAR_NULL_COALESCE_028.rs,P1,memory,GEN_SQL_SCALAR,14966390,78121960,-421.982656,3
421,01077,INDEX_SCHEMA_PRAGMA_010,SQLITE_PARITY_1077_INDEX_SCHEMA_PRAGMA_010.rs,P2,memory,GEN_SQL_INDEX_PRAGMA,19553464,101976367,-421.525838,3
422,11305,AFFINITY_INTEGER_TEXT_BARE,SQLITE_PARITY_11305_AFFINITY_INTEGER_TEXT_BARE.rs,P0,memory,SQL_TYPE_AFFINITY,24266285,126345167,-420.661350,3
423,11226,CAST_TEXT_42_AS_REAL,SQLITE_PARITY_11226_CAST_TEXT_42_AS_REAL.rs,P0,memory,SQL_CAST,4670692,24303044,-420.330692,3
424,00914,CONSTRAINT_FK_SAVEPOINT_047,SQLITE_PARITY_914_CONSTRAINT_FK_SAVEPOINT_047.rs,P2,memory,GEN_SQL_CONSTRAINT_TX,9441202,49116023,-420.230613,3
425,00774,CTE_RECURSIVE_MATRIX_067,SQLITE_PARITY_774_CTE_RECURSIVE_MATRIX_067.rs,P1,memory,GEN_SQL_CTE,9509101,49407604,-419.582282,3
426,10117,MODE_LIST_HEADERS_OFF_DEFAULT_NULL,SQLITE_PARITY_10117_MODE_LIST_HEADERS_OFF_DEFAULT_NULL.rs,P0,memory,CLI_OUTPUT_MODE,13122393,68144845,-419.301967,3
427,00997,VIEW_TRIGGER_GENERATED_050,SQLITE_PARITY_997_VIEW_TRIGGER_GENERATED_050.rs,P2,memory,GEN_SQL_VIEW_TRIGGER,2997088,15551927,-418.397567,3
428,01124,INDEX_SCHEMA_PRAGMA_057,SQLITE_PARITY_1124_INDEX_SCHEMA_PRAGMA_057.rs,P2,memory,GEN_SQL_INDEX_PRAGMA,24188057,125340265,-418.190713,3
429,00933,CONSTRAINT_FK_SAVEPOINT_066,SQLITE_PARITY_933_CONSTRAINT_FK_SAVEPOINT_066.rs,P2,memory,GEN_SQL_CONSTRAINT_TX,8301397,42939734,-417.259131,3
430,11313,AFFINITY_BIGINT_TEXT_BARE,SQLITE_PARITY_11313_AFFINITY_BIGINT_TEXT_BARE.rs,P0,memory,SQL_TYPE_AFFINITY,3662786,18835175,-414.230834,3
431,00337,SCALAR_CAST_TYPEOF_028,SQLITE_PARITY_337_SCALAR_CAST_TYPEOF_028.rs,P1,memory,GEN_SQL_SCALAR,5854961,30006819,-412.502457,3
432,00842,WINDOW_PARTITION_SUM_055,SQLITE_PARITY_842_WINDOW_PARTITION_SUM_055.rs,P2,memory,GEN_SQL_WINDOW,22152227,113380420,-411.824026,3
433,11683,DATETIME_JULIANDAY_UNIX_PLUS_3_HOURS,SQLITE_PARITY_11683_DATETIME_JULIANDAY_UNIX_PLUS_3_HOURS.rs,P0,memory,SQL_DATETIME,24754247,126672976,-411.722195,3
434,11070,MATH_SIN_3_14159265358979,SQLITE_PARITY_11070_MATH_SIN_3_14159265358979.rs,P1,memory,SQL_MATH,24088820,122873251,-410.084143,3
435,00409,DML_WHERE_ORDER_LIMIT_022,SQLITE_PARITY_409_DML_WHERE_ORDER_LIMIT_022.rs,P1,memory,GEN_SQL_DML,23115298,117873486,-409.937125,3
436,01091,INDEX_SCHEMA_PRAGMA_024,SQLITE_PARITY_1091_INDEX_SCHEMA_PRAGMA_024.rs,P2,memory,GEN_SQL_INDEX_PRAGMA,19870703,101146587,-409.023697,3
437,11202,CAST_NULL_AS_TEXT,SQLITE_PARITY_11202_CAST_NULL_AS_TEXT.rs,P0,memory,SQL_CAST,4103059,20847971,-408.107999,3
438,11662,DATETIME_DATETIME_DATE_2024_UTC,SQLITE_PARITY_11662_DATETIME_DATETIME_DATE_2024_UTC.rs,P0,memory,SQL_DATETIME,32252687,163664954,-407.445950,3
439,00782,CTE_RECURSIVE_MATRIX_075,SQLITE_PARITY_782_CTE_RECURSIVE_MATRIX_075.rs,P1,memory,GEN_SQL_CTE,25152030,127314318,-406.179096,3
440,11616,DATETIME_TIME_DATE_2024_MINUS_1_MONTH,SQLITE_PARITY_11616_DATETIME_TIME_DATE_2024_MINUS_1_MONTH.rs,P0,memory,SQL_DATETIME,6005586,30253897,-403.762614,3
441,10053,DISTINCT_ALL_NULL_COUNT_ZERO,SQLITE_PARITY_10053_DISTINCT_ALL_NULL_COUNT_ZERO.rs,P0,memory,SQL_AGGREGATE_NULL,17260077,86913384,-403.551543,3
442,00323,SCALAR_NULL_COALESCE_024,SQLITE_PARITY_323_SCALAR_NULL_COALESCE_024.rs,P1,memory,GEN_SQL_SCALAR,23519523,118408838,-403.449147,3
443,00496,DML_WHERE_ORDER_LIMIT_109,SQLITE_PARITY_496_DML_WHERE_ORDER_LIMIT_109.rs,P1,memory,GEN_SQL_DML,24382204,122564646,-402.680750,3
444,11624,DATETIME_STRFTIME_ISO_DATE_2024_PLUS_1_YEAR,SQLITE_PARITY_11624_DATETIME_STRFTIME_ISO_DATE_2024_PLUS_1_YEAR.rs,P0,memory,SQL_DATETIME,11358407,56947793,-401.371301,3
445,10250,PRAGMA_IGNORE_CHECK_CONSTRAINTS_TOGGLE,SQLITE_PARITY_10250_PRAGMA_IGNORE_CHECK_CONSTRAINTS_TOGGLE.rs,P0,memory,SQL_PRAGMA,10597699,52776825,-398.002680,3
446,10066,AUTOINCREMENT_PERSISTS_AFTER_DELETE_ALL,SQLITE_PARITY_10066_AUTOINCREMENT_PERSISTS_AFTER_DELETE_ALL.rs,P0,memory,SQL_AUTOINCREMENT,17452190,86669814,-396.612826,3
447,11038,MATH_COSH_1_0,SQLITE_PARITY_11038_MATH_COSH_1_0.rs,P1,memory,SQL_MATH,26829672,132113002,-392.413780,3
448,11575,DATETIME_DATE_Y2K_PLUS_30_MINUTES,SQLITE_PARITY_11575_DATETIME_DATE_Y2K_PLUS_30_MINUTES.rs,P0,memory,SQL_DATETIME,2596640,14771552,-392.385067,3
449,00515,AGG_GROUP_HAVING_008,SQLITE_PARITY_515_AGG_GROUP_HAVING_008.rs,P1,memory,GEN_SQL_AGGREGATE,9141956,44971487,-391.924124,3
450,12017,PRAGMA_SOFT_HEAP_LIMIT,SQLITE_PARITY_12017_PRAGMA_SOFT_HEAP_LIMIT.rs,P1,memory,SQL_PRAGMA,6330400,31098354,-391.254170,3
451,11543,DATETIME_JULIANDAY_EPOCH_START_OF_YEAR,SQLITE_PARITY_11543_DATETIME_JULIANDAY_EPOCH_START_OF_YEAR.rs,P0,memory,SQL_DATETIME,6127016,29854181,-387.254824,3
452,11697,DATETIME_DATETIME_UNIX_START_OF_DAY,SQLITE_PARITY_11697_DATETIME_DATETIME_UNIX_START_OF_DAY.rs,P0,memory,SQL_DATETIME,10391800,50539966,-386.344676,3
453,01055,JSON_EXTRACT_SET_048,SQLITE_PARITY_1055_JSON_EXTRACT_SET_048.rs,P2,memory,GEN_SQL_JSON,15510519,75383141,-386.013015,3
454,01037,JSON_EXTRACT_SET_030,SQLITE_PARITY_1037_JSON_EXTRACT_SET_030.rs,P2,memory,GEN_SQL_JSON,18419620,89493423,-385.859225,3
455,00779,CTE_RECURSIVE_MATRIX_072,SQLITE_PARITY_779_CTE_RECURSIVE_MATRIX_072.rs,P1,memory,GEN_SQL_CTE,18274004,88759916,-385.716847,3
456,00295,SCALAR_NULL_COALESCE_017,SQLITE_PARITY_295_SCALAR_NULL_COALESCE_017.rs,P1,memory,GEN_SQL_SCALAR,26831225,129719565,-383.464937,3
457,11693,DATETIME_JULIANDAY_UNIX_PLUS_10_SECONDS,SQLITE_PARITY_11693_DATETIME_JULIANDAY_UNIX_PLUS_10_SECONDS.rs,P0,memory,SQL_DATETIME,7611082,36491893,-379.457362,3
458,11613,DATETIME_JULIANDAY_DATE_2024_PLUS_5_DAYS,SQLITE_PARITY_11613_DATETIME_JULIANDAY_DATE_2024_PLUS_5_DAYS.rs,P0,memory,SQL_DATETIME,4401183,21005419,-377.267566,3
459,00856,WINDOW_PARTITION_SUM_069,SQLITE_PARITY_856_WINDOW_PARTITION_SUM_069.rs,P2,memory,GEN_SQL_WINDOW,23495667,112010239,-376.727215,3
460,11825,JSON_JSON_ARRAY_LENGTH_A,SQLITE_PARITY_11825_JSON_JSON_ARRAY_LENGTH_A.rs,P0,memory,SQL_JSON,5750042,27378139,-376.138070,3
461,11863,JSON_ARROW_MISSING,SQLITE_PARITY_11863_JSON_ARROW_MISSING.rs,P0,memory,SQL_JSON,8482600,40363554,-375.839412,3
462,00927,CONSTRAINT_FK_SAVEPOINT_060,SQLITE_PARITY_927_CONSTRAINT_FK_SAVEPOINT_060.rs,P2,memory,GEN_SQL_CONSTRAINT_TX,20252896,95479231,-371.434954,3
463,00410,DML_WHERE_ORDER_LIMIT_023,SQLITE_PARITY_410_DML_WHERE_ORDER_LIMIT_023.rs,P1,memory,GEN_SQL_DML,24874475,115780288,-365.458218,3
464,00773,CTE_RECURSIVE_MATRIX_066,SQLITE_PARITY_773_CTE_RECURSIVE_MATRIX_066.rs,P1,memory,GEN_SQL_CTE,25938346,120731780,-365.456741,3
465,00297,SCALAR_CAST_TYPEOF_018,SQLITE_PARITY_297_SCALAR_CAST_TYPEOF_018.rs,P1,memory,GEN_SQL_SCALAR,25523612,118359004,-363.723567,3
466,00998,VIEW_TRIGGER_GENERATED_051,SQLITE_PARITY_998_VIEW_TRIGGER_GENERATED_051.rs,P2,memory,GEN_SQL_VIEW_TRIGGER,3235498,14990746,-363.321133,3
467,10371,INSERT_SELECT_RANGE_RETURNING,SQLITE_PARITY_10371_INSERT_SELECT_RANGE_RETURNING.rs,P0,memory,SQL_RETURNING,9936318,46029187,-363.241887,3
468,00710,CTE_RECURSIVE_MATRIX_003,SQLITE_PARITY_710_CTE_RECURSIVE_MATRIX_003.rs,P1,memory,GEN_SQL_CTE,31998906,148166868,-363.037293,3
469,00480,DML_WHERE_ORDER_LIMIT_093,SQLITE_PARITY_480_DML_WHERE_ORDER_LIMIT_093.rs,P1,memory,GEN_SQL_DML,24996356,115476834,-361.974673,3
470,00758,CTE_RECURSIVE_MATRIX_051,SQLITE_PARITY_758_CTE_RECURSIVE_MATRIX_051.rs,P1,memory,GEN_SQL_CTE,10788991,49820225,-361.769085,3
471,00975,VIEW_TRIGGER_GENERATED_028,SQLITE_PARITY_975_VIEW_TRIGGER_GENERATED_028.rs,P2,memory,GEN_SQL_VIEW_TRIGGER,29269366,134972910,-361.140532,3
472,11097,MATH_LOG_10_0_100_0,SQLITE_PARITY_11097_MATH_LOG_10_0_100_0.rs,P1,memory,SQL_MATH,6849551,31499112,-359.871194,3
473,11961,WIN_LAST_VALUE_ROWS_CURRENT_UNBND_FOLL,SQLITE_PARITY_11961_WIN_LAST_VALUE_ROWS_CURRENT_UNBND_FOLL.rs,P0,memory,SQL_WINDOW,4073533,18668851,-358.296300,3
474,11442,STRING_SUBSTRING_ABCDEF_2_3,SQLITE_PARITY_11442_STRING_SUBSTRING_ABCDEF_2_3.rs,P0,memory,SQL_STRING,17004995,77912785,-358.175877,3
475,11596,DATETIME_TIME_Y2K_START_OF_YEAR,SQLITE_PARITY_11596_DATETIME_TIME_Y2K_START_OF_YEAR.rs,P0,memory,SQL_DATETIME,4806448,21762982,-352.787214,3
476,00284,SCALAR_ARITH_015,SQLITE_PARITY_284_SCALAR_ARITH_015.rs,P1,memory,GEN_SQL_SCALAR,27384812,123880875,-352.370734,3
477,01006,VIEW_TRIGGER_GENERATED_059,SQLITE_PARITY_1006_VIEW_TRIGGER_GENERATED_059.rs,P2,memory,GEN_SQL_VIEW_TRIGGER,4365645,19667239,-350.500190,3
478,00776,CTE_RECURSIVE_MATRIX_069,SQLITE_PARITY_776_CTE_RECURSIVE_MATRIX_069.rs,P1,memory,GEN_SQL_CTE,18054499,81252219,-350.038625,3
479,00341,SCALAR_CAST_TYPEOF_029,SQLITE_PARITY_341_SCALAR_CAST_TYPEOF_029.rs,P1,memory,GEN_SQL_SCALAR,7698206,34626445,-349.798888,3
480,00795,WINDOW_PARTITION_SUM_008,SQLITE_PARITY_795_WINDOW_PARTITION_SUM_008.rs,P2,memory,GEN_SQL_WINDOW,27562608,123593372,-348.409570,3
481,11611,DATETIME_TIME_DATE_2024_PLUS_5_DAYS,SQLITE_PARITY_11611_DATETIME_TIME_DATE_2024_PLUS_5_DAYS.rs,P0,memory,SQL_DATETIME,5315491,23826313,-348.242937,3
482,11318,AFFINITY_REAL_REAL_HALF,SQLITE_PARITY_11318_AFFINITY_REAL_REAL_HALF.rs,P0,memory,SQL_TYPE_AFFINITY,3970478,17709176,-346.021260,3
483,00592,AGG_GROUP_HAVING_085,SQLITE_PARITY_592_AGG_GROUP_HAVING_085.rs,P1,memory,GEN_SQL_AGGREGATE,8815820,39287037,-345.642459,3
484,10589,LIKE_ESCAPE_UNDERSCORE,SQLITE_PARITY_10589_LIKE_ESCAPE_UNDERSCORE.rs,P0,memory,SQL_PATTERN,22920501,101628029,-343.393576,3
485,11802,JSON_JSON_EXTRACT_A_B,SQLITE_PARITY_11802_JSON_JSON_EXTRACT_A_B.rs,P0,memory,SQL_JSON,6465145,28644414,-343.059112,3
486,00819,WINDOW_PARTITION_SUM_032,SQLITE_PARITY_819_WINDOW_PARTITION_SUM_032.rs,P2,memory,GEN_SQL_WINDOW,4876712,21602618,-342.975062,3
487,01003,VIEW_TRIGGER_GENERATED_056,SQLITE_PARITY_1003_VIEW_TRIGGER_GENERATED_056.rs,P2,memory,GEN_SQL_VIEW_TRIGGER,4429857,19603197,-342.524375,3
488,10161,DOT_MODE_CSV_AFTER_LIST,SQLITE_PARITY_10161_DOT_MODE_CSV_AFTER_LIST.rs,P0,memory,CLI_DOT_COMMAND,18327896,81081036,-342.391402,3
489,01002,VIEW_TRIGGER_GENERATED_055,SQLITE_PARITY_1002_VIEW_TRIGGER_GENERATED_055.rs,P2,memory,GEN_SQL_VIEW_TRIGGER,8791264,38880609,-342.264150,3
490,10024,NULL_LITERAL_VS_QUOTED_STRING,SQLITE_PARITY_10024_NULL_LITERAL_VS_QUOTED_STRING.rs,P0,memory,SQL_NULL_SEMANTICS,9974080,44055494,-341.699826,3
491,01085,INDEX_SCHEMA_PRAGMA_018,SQLITE_PARITY_1085_INDEX_SCHEMA_PRAGMA_018.rs,P2,memory,GEN_SQL_INDEX_PRAGMA,22336526,98454176,-340.776583,3
492,11310,AFFINITY_BIGINT_REAL_HALF,SQLITE_PARITY_11310_AFFINITY_BIGINT_REAL_HALF.rs,P0,memory,SQL_TYPE_AFFINITY,4948407,21784482,-340.232220,3
493,01069,INDEX_SCHEMA_PRAGMA_002,SQLITE_PARITY_1069_INDEX_SCHEMA_PRAGMA_002.rs,P2,memory,GEN_SQL_INDEX_PRAGMA,27540306,120849193,-338.808461,3
494,11208,CAST_INT_5_AS_BLOB,SQLITE_PARITY_11208_CAST_INT_5_AS_BLOB.rs,P0,memory,SQL_CAST,6298339,27394711,-334.951358,3
495,00540,AGG_GROUP_HAVING_033,SQLITE_PARITY_540_AGG_GROUP_HAVING_033.rs,P1,memory,GEN_SQL_AGGREGATE,8586776,37033687,-331.287447,3
496,00455,DML_WHERE_ORDER_LIMIT_068,SQLITE_PARITY_455_DML_WHERE_ORDER_LIMIT_068.rs,P1,memory,GEN_SQL_DML,19819767,85422976,-330.998891,3
497,11612,DATETIME_DATETIME_DATE_2024_PLUS_5_DAYS,SQLITE_PARITY_11612_DATETIME_DATETIME_DATE_2024_PLUS_5_DAYS.rs,P0,memory,SQL_DATETIME,4367258,18770002,-329.789172,3
498,00412,DML_WHERE_ORDER_LIMIT_025,SQLITE_PARITY_412_DML_WHERE_ORDER_LIMIT_025.rs,P1,memory,GEN_SQL_DML,25068732,107581445,-329.145938,3
499,10517,FILTER_SUM_X_IS_NOT_NULL,SQLITE_PARITY_10517_FILTER_SUM_X_IS_NOT_NULL.rs,P0,memory,SQL_AGGREGATE_ADV,8735457,37457618,-328.799753,3
500,12025,PRAGMA_SET_PAGE_SIZE_4096,SQLITE_PARITY_12025_PRAGMA_SET_PAGE_SIZE_4096.rs,P1,memory,SQL_PRAGMA,8926530,38239687,-328.382440,3
501,11658,DATETIME_JULIANDAY_DATE_2024_WEEKDAY_0,SQLITE_PARITY_11658_DATETIME_JULIANDAY_DATE_2024_WEEKDAY_0.rs,P0,memory,SQL_DATETIME,21305316,91097867,-327.582801,3
502,00598,AGG_GROUP_HAVING_091,SQLITE_PARITY_598_AGG_GROUP_HAVING_091.rs,P1,memory,GEN_SQL_AGGREGATE,8486227,36177217,-326.305082,3
503,00796,WINDOW_PARTITION_SUM_009,SQLITE_PARITY_796_WINDOW_PARTITION_SUM_009.rs,P2,memory,GEN_SQL_WINDOW,27202818,115919231,-326.129495,3
504,01064,JSON_EXTRACT_SET_057,SQLITE_PARITY_1064_JSON_EXTRACT_SET_057.rs,P2,memory,GEN_SQL_JSON,23416989,99778571,-326.094794,3
505,11862,JSON_DARROW_E,SQLITE_PARITY_11862_JSON_DARROW_E.rs,P0,memory,SQL_JSON,5565965,23693042,-325.677165,3
506,00900,CONSTRAINT_FK_SAVEPOINT_033,SQLITE_PARITY_900_CONSTRAINT_FK_SAVEPOINT_033.rs,P2,memory,GEN_SQL_CONSTRAINT_TX,6466648,27422293,-324.057301,3
507,11527,DATETIME_DATETIME_EPOCH_PLUS_10_SECONDS,SQLITE_PARITY_11527_DATETIME_DATETIME_EPOCH_PLUS_10_SECONDS.rs,P0,memory,SQL_DATETIME,13191935,55920130,-323.896343,3
508,10194,DOT_TIMEOUT_100,SQLITE_PARITY_10194_DOT_TIMEOUT_100.rs,P0,memory,CLI_DOT_COMMAND,3269563,13838056,-323.238702,3
509,00560,AGG_GROUP_HAVING_053,SQLITE_PARITY_560_AGG_GROUP_HAVING_053.rs,P1,memory,GEN_SQL_AGGREGATE,8307719,35135768,-322.929182,3
510,11809,JSON_JSON_EXTRACT_E,SQLITE_PARITY_11809_JSON_JSON_EXTRACT_E.rs,P0,memory,SQL_JSON,11303494,47727368,-322.235532,3
511,00488,DML_WHERE_ORDER_LIMIT_101,SQLITE_PARITY_488_DML_WHERE_ORDER_LIMIT_101.rs,P1,memory,GEN_SQL_DML,25517932,107714797,-322.114131,3
512,00732,CTE_RECURSIVE_MATRIX_025,SQLITE_PARITY_732_CTE_RECURSIVE_MATRIX_025.rs,P1,memory,GEN_SQL_CTE,8004585,33784483,-322.064142,3
513,10447,JOIN_LEFT_WHERE_ON_LEFT_OK,SQLITE_PARITY_10447_JOIN_LEFT_WHERE_ON_LEFT_OK.rs,P0,memory,SQL_JOIN,10772861,45423772,-321.650033,3
514,00573,AGG_GROUP_HAVING_066,SQLITE_PARITY_573_AGG_GROUP_HAVING_066.rs,P1,memory,GEN_SQL_AGGREGATE,16742678,70101765,-318.701029,3
515,01072,INDEX_SCHEMA_PRAGMA_005,SQLITE_PARITY_1072_INDEX_SCHEMA_PRAGMA_005.rs,P2,memory,GEN_SQL_INDEX_PRAGMA,24302374,100957720,-315.423283,3
516,00317,SCALAR_CAST_TYPEOF_023,SQLITE_PARITY_317_SCALAR_CAST_TYPEOF_023.rs,P1,memory,GEN_SQL_SCALAR,6207858,25757164,-314.912261,3
517,10074,NO_SQLITE_SEQUENCE_WITHOUT_AUTOINCREMENT,SQLITE_PARITY_10074_NO_SQLITE_SEQUENCE_WITHOUT_AUTOINCREMENT.rs,P0,memory,SQL_AUTOINCREMENT,21858933,89889712,-311.226440,3
518,10233,OPT_CMD_MULTIPLE,SQLITE_PARITY_10233_OPT_CMD_MULTIPLE.rs,P0,memory,CLI_OPTION,20679332,84616711,-309.184934,3
519,11301,AFFINITY_INTEGER_INT_BIG,SQLITE_PARITY_11301_AFFINITY_INTEGER_INT_BIG.rs,P0,memory,SQL_TYPE_AFFINITY,12104077,49230600,-306.727419,3
520,10381,DOT_DATABASES_LISTS_ATTACHED,SQLITE_PARITY_10381_DOT_DATABASES_LISTS_ATTACHED.rs,P0,memory,SQL_ATTACH,19427445,78967048,-306.471608,3
521,11582,DATETIME_DATETIME_Y2K_PLUS_10_SECONDS,SQLITE_PARITY_11582_DATETIME_DATETIME_Y2K_PLUS_10_SECONDS.rs,P0,memory,SQL_DATETIME,7034742,28589500,-306.404386,3
522,00554,AGG_GROUP_HAVING_047,SQLITE_PARITY_554_AGG_GROUP_HAVING_047.rs,P1,memory,GEN_SQL_AGGREGATE,20678531,84014071,-306.286457,3
523,11859,JSON_ARROW_D_3,SQLITE_PARITY_11859_JSON_ARROW_D_3.rs,P0,memory,SQL_JSON,7906360,32110588,-306.136174,3
524,12031,PRAGMA_SET_THREADS_0,SQLITE_PARITY_12031_PRAGMA_SET_THREADS_0.rs,P1,memory,SQL_PRAGMA,6879128,27900426,-305.580853,3
525,11699,DATETIME_STRFTIME_ISO_UNIX_START_OF_DAY,SQLITE_PARITY_11699_DATETIME_STRFTIME_ISO_UNIX_START_OF_DAY.rs,P0,memory,SQL_DATETIME,19909086,80490800,-304.291789,3
526,11556,DATETIME_TIME_Y2K_PLUS_5_DAYS,SQLITE_PARITY_11556_DATETIME_TIME_Y2K_PLUS_5_DAYS.rs,P0,memory,SQL_DATETIME,9028562,36438041,-303.586319,3
527,00800,WINDOW_PARTITION_SUM_013,SQLITE_PARITY_800_WINDOW_PARTITION_SUM_013.rs,P2,memory,GEN_SQL_WINDOW,27058955,108918994,-302.524761,3
528,00465,DML_WHERE_ORDER_LIMIT_078,SQLITE_PARITY_465_DML_WHERE_ORDER_LIMIT_078.rs,P1,memory,GEN_SQL_DML,17078604,68744868,-302.520417,3
529,10236,OPT_MAXSIZE,SQLITE_PARITY_10236_OPT_MAXSIZE.rs,P0,memory,CLI_OPTION,18614528,74398049,-299.677333,3
530,11222,CAST_REAL_0_AS_TEXT,SQLITE_PARITY_11222_CAST_REAL_0_AS_TEXT.rs,P0,memory,SQL_CAST,3845641,15359493,-299.400074,3
531,00289,SCALAR_CAST_TYPEOF_016,SQLITE_PARITY_289_SCALAR_CAST_TYPEOF_016.rs,P1,memory,GEN_SQL_SCALAR,20830338,82439203,-295.765076,3
532,10437,REC_MUTUAL_REFERENCE_NON_RECURSIVE,SQLITE_PARITY_10437_REC_MUTUAL_REFERENCE_NON_RECURSIVE.rs,P0,memory,SQL_RECURSIVE_CTE,14964586,59175184,-295.434822,3
533,11665,DATETIME_DATE_UNIX_PLUS_5_DAYS,SQLITE_PARITY_11665_DATETIME_DATE_UNIX_PLUS_5_DAYS.rs,P0,memory,SQL_DATETIME,11058461,43547865,-293.796795,3
534,11836,JSON_VALID_DOC,SQLITE_PARITY_11836_JSON_VALID_DOC.rs,P0,memory,SQL_JSON,7698266,30199474,-292.289303,3
535,11303,AFFINITY_INTEGER_REAL_BIG,SQLITE_PARITY_11303_AFFINITY_INTEGER_REAL_BIG.rs,P0,memory,SQL_TYPE_AFFINITY,10101460,39599127,-292.013897,3
536,00821,WINDOW_PARTITION_SUM_034,SQLITE_PARITY_821_WINDOW_PARTITION_SUM_034.rs,P2,memory,GEN_SQL_WINDOW,2927936,11737725,-291.257500,3
537,11079,MATH_SQRT_0_25,SQLITE_PARITY_11079_MATH_SQRT_0_25.rs,P1,memory,SQL_MATH,2909472,11736263,-291.208767,3
538,10605,LIKE_INSIDE_CHECK_CONSTRAINT,SQLITE_PARITY_10605_LIKE_INSIDE_CHECK_CONSTRAINT.rs,P0,memory,SQL_PATTERN,27745594,107795621,-288.514375,3
539,00755,CTE_RECURSIVE_MATRIX_048,SQLITE_PARITY_755_CTE_RECURSIVE_MATRIX_048.rs,P1,memory,GEN_SQL_CTE,34169110,132396087,-287.473033,3
540,11676,DATETIME_TIME_UNIX_PLUS_1_YEAR,SQLITE_PARITY_11676_DATETIME_TIME_UNIX_PLUS_1_YEAR.rs,P0,memory,SQL_DATETIME,11458928,44263388,-286.278612,3
541,00605,AGG_GROUP_HAVING_098,SQLITE_PARITY_605_AGG_GROUP_HAVING_098.rs,P1,memory,GEN_SQL_AGGREGATE,3960329,15255115,-285.198174,3
542,10147,MODE_MARKDOWN_BASIC,SQLITE_PARITY_10147_MODE_MARKDOWN_BASIC.rs,P0,memory,CLI_OUTPUT_MODE,14291814,54998096,-284.822361,3
543,11018,MATH_ATAN_1_0,SQLITE_PARITY_11018_MATH_ATAN_1_0.rs,P1,memory,SQL_MATH,7863529,30251112,-284.701474,3
544,10035,CREATE_INDEX_DESC_NULLS_LAST_REJECTED,SQLITE_PARITY_10035_CREATE_INDEX_DESC_NULLS_LAST_REJECTED.rs,P0,memory,SQL_NULL_ORDER,19435921,74734404,-284.516916,3
545,11328,AFFINITY_DOUBLE_TEXT_NUM,SQLITE_PARITY_11328_AFFINITY_DOUBLE_TEXT_NUM.rs,P0,memory,SQL_TYPE_AFFINITY,5426361,20822823,-283.734569,3
546,00570,AGG_GROUP_HAVING_063,SQLITE_PARITY_570_AGG_GROUP_HAVING_063.rs,P1,memory,GEN_SQL_AGGREGATE,12230807,46910783,-283.546098,3
547,11400,STRING_LENGTH_ABC,SQLITE_PARITY_11400_STRING_LENGTH_ABC.rs,P0,memory,SQL_STRING,25733951,98655348,-283.366503,3
548,11537,DATETIME_DATETIME_EPOCH_START_OF_MONTH,SQLITE_PARITY_11537_DATETIME_DATETIME_EPOCH_START_OF_MONTH.rs,P0,memory,SQL_DATETIME,10298974,39414619,-282.704326,3
549,00444,DML_WHERE_ORDER_LIMIT_057,SQLITE_PARITY_444_DML_WHERE_ORDER_LIMIT_057.rs,P1,memory,GEN_SQL_DML,20524860,78459549,-282.265940,3
550,01012,JSON_EXTRACT_SET_005,SQLITE_PARITY_1012_JSON_EXTRACT_SET_005.rs,P2,memory,GEN_SQL_JSON,10374577,39621289,-281.907513,3
551,00713,CTE_RECURSIVE_MATRIX_006,SQLITE_PARITY_713_CTE_RECURSIVE_MATRIX_006.rs,P1,memory,GEN_SQL_CTE,12268829,46669006,-280.386800,3
552,10617,BLOB_EQUALITY_SAME_BYTES,SQLITE_PARITY_10617_BLOB_EQUALITY_SAME_BYTES.rs,P0,memory,SQL_BLOB,9741651,37024118,-280.059992,3
553,11626,DATETIME_TIME_DATE_2024_PLUS_3_HOURS,SQLITE_PARITY_11626_DATETIME_TIME_DATE_2024_PLUS_3_HOURS.rs,P0,memory,SQL_DATETIME,15016945,57060876,-279.976593,3
554,00745,CTE_RECURSIVE_MATRIX_038,SQLITE_PARITY_745_CTE_RECURSIVE_MATRIX_038.rs,P1,memory,GEN_SQL_CTE,31996692,121206649,-278.809938,3
555,00717,CTE_RECURSIVE_MATRIX_010,SQLITE_PARITY_717_CTE_RECURSIVE_MATRIX_010.rs,P1,memory,GEN_SQL_CTE,31698829,120071162,-278.787374,3
556,11805,JSON_JSON_EXTRACT_A_B_1_C,SQLITE_PARITY_11805_JSON_JSON_EXTRACT_A_B_1_C.rs,P0,memory,SQL_JSON,3526418,13342069,-278.346214,3
557,00545,AGG_GROUP_HAVING_038,SQLITE_PARITY_545_AGG_GROUP_HAVING_038.rs,P1,memory,GEN_SQL_AGGREGATE,4196075,15865931,-278.113618,3
558,10545,PERCENTILE_CONT_REQUIRES_CAPABILITY,SQLITE_PARITY_10545_PERCENTILE_CONT_REQUIRES_CAPABILITY.rs,P0,memory,SQL_AGGREGATE_ADV,13008608,49076408,-277.261026,3
559,10599,NOT_GLOB_BASIC,SQLITE_PARITY_10599_NOT_GLOB_BASIC.rs,P0,memory,SQL_PATTERN,27182820,101705355,-274.153068,3
560,00785,CTE_RECURSIVE_MATRIX_078,SQLITE_PARITY_785_CTE_RECURSIVE_MATRIX_078.rs,P1,memory,GEN_SQL_CTE,17540638,65129452,-271.306061,3
561,00694,JOIN_SUBQUERY_EXISTS_087,SQLITE_PARITY_694_JOIN_SUBQUERY_EXISTS_087.rs,P1,memory,GEN_SQL_JOIN_SUBQUERY,17346100,64366621,-271.072581,3
562,00435,DML_WHERE_ORDER_LIMIT_048,SQLITE_PARITY_435_DML_WHERE_ORDER_LIMIT_048.rs,P1,memory,GEN_SQL_DML,15732759,58226801,-270.099110,3
563,00275,SCALAR_NULL_COALESCE_012,SQLITE_PARITY_275_SCALAR_NULL_COALESCE_012.rs,P1,memory,GEN_SQL_SCALAR,7415232,27419187,-269.768431,3
564,10341,ON_CONFLICT_UNIQUE_INDEX_TARGET,SQLITE_PARITY_10341_ON_CONFLICT_UNIQUE_INDEX_TARGET.rs,P0,memory,SQL_UPSERT,12233783,45182666,-269.327018,3
565,11448,STRING_CONCAT_WS_A_B_C,SQLITE_PARITY_11448_STRING_CONCAT_WS_A_B_C.rs,P0,memory,SQL_STRING,9349208,34512300,-269.146777,3
566,11702,DATETIME_DATETIME_UNIX_START_OF_MONTH,SQLITE_PARITY_11702_DATETIME_DATETIME_UNIX_START_OF_MONTH.rs,P0,memory,SQL_DATETIME,25274632,93240088,-268.907797,3
567,01062,JSON_EXTRACT_SET_055,SQLITE_PARITY_1062_JSON_EXTRACT_SET_055.rs,P2,memory,GEN_SQL_JSON,26358421,97192822,-268.735373,3
568,10061,INTPK_NEXT_AUTO_ABOVE_EXPLICIT,SQLITE_PARITY_10061_INTPK_NEXT_AUTO_ABOVE_EXPLICIT.rs,P0,memory,SQL_AUTOINCREMENT,25413574,93369893,-267.401661,3
569,00252,SCALAR_ARITH_007,SQLITE_PARITY_252_SCALAR_ARITH_007.rs,P1,memory,GEN_SQL_SCALAR,15071107,55219664,-266.394214,3
570,00274,SCALAR_STRING_012,SQLITE_PARITY_274_SCALAR_STRING_012.rs,P1,memory,GEN_SQL_SCALAR,10917664,39954028,-265.957663,3
571,10259,PRAGMA_BUSY_TIMEOUT_DEFAULT,SQLITE_PARITY_10259_PRAGMA_BUSY_TIMEOUT_DEFAULT.rs,P0,memory,SQL_PRAGMA,11467213,41924114,-265.599854,3
572,10200,OPT_ECHO_INPUT,SQLITE_PARITY_10200_OPT_ECHO_INPUT.rs,P0,memory,CLI_OPTION,5666094,20666408,-264.738178,3
573,00474,DML_WHERE_ORDER_LIMIT_087,SQLITE_PARITY_474_DML_WHERE_ORDER_LIMIT_087.rs,P1,memory,GEN_SQL_DML,15108609,54854633,-263.068718,3
574,00519,AGG_GROUP_HAVING_012,SQLITE_PARITY_519_AGG_GROUP_HAVING_012.rs,P1,memory,GEN_SQL_AGGREGATE,9523668,34552034,-262.801748,3
575,00868,CONSTRAINT_FK_SAVEPOINT_001,SQLITE_PARITY_868_CONSTRAINT_FK_SAVEPOINT_001.rs,P2,memory,GEN_SQL_CONSTRAINT_TX,4144436,14984654,-261.560753,3
576,11675,DATETIME_DATE_UNIX_PLUS_1_YEAR,SQLITE_PARITY_11675_DATETIME_DATE_UNIX_PLUS_1_YEAR.rs,P0,memory,SQL_DATETIME,10954243,39348724,-259.209888,3
577,10159,CLI_FLAG_ASCII,SQLITE_PARITY_10159_CLI_FLAG_ASCII.rs,P0,memory,CLI_OUTPUT_MODE,21340122,76485075,-258.409736,3
578,00748,CTE_RECURSIVE_MATRIX_041,SQLITE_PARITY_748_CTE_RECURSIVE_MATRIX_041.rs,P1,memory,GEN_SQL_CTE,32585776,116656435,-257.998027,3
579,10355,INSERT_RETURNING_PRESERVES_INSERT_ORDER,SQLITE_PARITY_10355_INSERT_RETURNING_PRESERVES_INSERT_ORDER.rs,P0,memory,SQL_RETURNING,7716882,27573188,-257.309960,3
580,00786,CTE_RECURSIVE_MATRIX_079,SQLITE_PARITY_786_CTE_RECURSIVE_MATRIX_079.rs,P1,memory,GEN_SQL_CTE,14744130,52477760,-255.923069,3
581,11330,AFFINITY_DOUBLE_BLOB_HEX,SQLITE_PARITY_11330_AFFINITY_DOUBLE_BLOB_HEX.rs,P0,memory,SQL_TYPE_AFFINITY,5221814,18559795,-255.428114,3
582,10234,OPT_DESERIALIZE,SQLITE_PARITY_10234_OPT_DESERIALIZE.rs,P0,memory,CLI_OPTION,21955756,77541423,-253.171273,3
583,00394,DML_WHERE_ORDER_LIMIT_007,SQLITE_PARITY_394_DML_WHERE_ORDER_LIMIT_007.rs,P1,memory,GEN_SQL_DML,17512845,61832729,-253.070726,3
584,10229,OPT_PCACHETRACE,SQLITE_PARITY_10229_OPT_PCACHETRACE.rs,P0,memory,CLI_OPTION,10732103,37743139,-251.684465,3
585,00459,DML_WHERE_ORDER_LIMIT_072,SQLITE_PARITY_459_DML_WHERE_ORDER_LIMIT_072.rs,P1,memory,GEN_SQL_DML,11622356,40703265,-250.215266,3
586,10264,PRAGMA_APPLICATION_ID_DEFAULT,SQLITE_PARITY_10264_PRAGMA_APPLICATION_ID_DEFAULT.rs,P0,memory,SQL_PRAGMA,11379778,39846315,-250.150196,3
587,00864,WINDOW_PARTITION_SUM_077,SQLITE_PARITY_864_WINDOW_PARTITION_SUM_077.rs,P2,memory,GEN_SQL_WINDOW,30163877,105252571,-248.935818,3
588,11569,DATETIME_STRFTIME_ISO_Y2K_PLUS_1_YEAR,SQLITE_PARITY_11569_DATETIME_STRFTIME_ISO_Y2K_PLUS_1_YEAR.rs,P0,memory,SQL_DATETIME,15467347,53892916,-248.430251,3
589,11098,MATH_LOG_2_0_8_0,SQLITE_PARITY_11098_MATH_LOG_2_0_8_0.rs,P1,memory,SQL_MATH,13326629,46382845,-248.046344,3
590,11621,DATETIME_TIME_DATE_2024_PLUS_1_YEAR,SQLITE_PARITY_11621_DATETIME_TIME_DATE_2024_PLUS_1_YEAR.rs,P0,memory,SQL_DATETIME,9820961,33983810,-246.033448,3
591,00324,SCALAR_ARITH_025,SQLITE_PARITY_324_SCALAR_ARITH_025.rs,P1,memory,GEN_SQL_SCALAR,25367036,87777126,-246.028310,3
592,10429,REC_GRAPH_CYCLE_DETECT_NOT_IN,SQLITE_PARITY_10429_REC_GRAPH_CYCLE_DETECT_NOT_IN.rs,P0,memory,SQL_RECURSIVE_CTE,13855479,47889544,-245.636149,3
593,10212,OPT_MODE_COLUMN,SQLITE_PARITY_10212_OPT_MODE_COLUMN.rs,P0,memory,CLI_OPTION,25110191,86449687,-244.281280,3
594,10382,PRAGMA_DATABASE_LIST_ATTACHED,SQLITE_PARITY_10382_PRAGMA_DATABASE_LIST_ATTACHED.rs,P0,memory,SQL_ATTACH,20371561,70075976,-243.989231,3
595,10202,OPT_NOHEADER_LIST,SQLITE_PARITY_10202_OPT_NOHEADER_LIST.rs,P0,memory,CLI_OPTION,9277072,31884180,-243.687965,3
596,10444,JOIN_INNER_ON,SQLITE_PARITY_10444_JOIN_INNER_ON.rs,P0,memory,SQL_JOIN,13142712,45164712,-243.648343,3
597,11033,MATH_COS_1_0,SQLITE_PARITY_11033_MATH_COS_1_0.rs,P1,memory,SQL_MATH,13163761,45196342,-243.339126,3
598,10364,RETURNING_WITH_SCALAR_SUBQUERY,SQLITE_PARITY_10364_RETURNING_WITH_SCALAR_SUBQUERY.rs,P0,memory,SQL_RETURNING,5308177,18184245,-242.570434,3
599,11920,WIN_COUNT_ROWS_UNBND_PREC_CURRENT,SQLITE_PARITY_11920_WIN_COUNT_ROWS_UNBND_PREC_CURRENT.rs,P0,memory,SQL_WINDOW,8557061,29148808,-240.640414,3
600,10255,PRAGMA_SECURE_DELETE_TOGGLE,SQLITE_PARITY_10255_PRAGMA_SECURE_DELETE_TOGGLE.rs,P0,memory,SQL_PRAGMA,16356729,55715993,-240.630410,3
601,10375,QUALIFIED_TABLE_REF,SQLITE_PARITY_10375_QUALIFIED_TABLE_REF.rs,P0,memory,SQL_ATTACH,11740090,39943800,-240.234189,3
602,00466,DML_WHERE_ORDER_LIMIT_079,SQLITE_PARITY_466_DML_WHERE_ORDER_LIMIT_079.rs,P1,memory,GEN_SQL_DML,13049665,44366391,-239.981072,3
603,11552,DATETIME_DATETIME_EPOCH_UTC,SQLITE_PARITY_11552_DATETIME_DATETIME_EPOCH_UTC.rs,P0,memory,SQL_DATETIME,11592350,39359424,-239.529293,3
604,00937,CONSTRAINT_FK_SAVEPOINT_070,SQLITE_PARITY_937_CONSTRAINT_FK_SAVEPOINT_070.rs,P2,memory,GEN_SQL_CONSTRAINT_TX,15152772,51300233,-238.553454,3
605,00757,CTE_RECURSIVE_MATRIX_050,SQLITE_PARITY_757_CTE_RECURSIVE_MATRIX_050.rs,P1,memory,GEN_SQL_CTE,35900213,121530421,-238.522841,3
606,01020,JSON_EXTRACT_SET_013,SQLITE_PARITY_1020_JSON_EXTRACT_SET_013.rs,P2,memory,GEN_SQL_JSON,30109694,101809421,-238.128382,3
607,11353,AFFINITY_BLOB_TEXT_BARE,SQLITE_PARITY_11353_AFFINITY_BLOB_TEXT_BARE.rs,P0,memory,SQL_TYPE_AFFINITY,9963670,33529421,-236.516775,3
608,11726,DATETIME_TIME_Y2K_BASE,SQLITE_PARITY_11726_DATETIME_TIME_Y2K_BASE.rs,P0,memory,SQL_DATETIME,12651092,42534869,-236.215000,3
609,10087,STRICT_REAL_COERCES_INTEGER,SQLITE_PARITY_10087_STRICT_REAL_COERCES_INTEGER.rs,P0,memory,SQL_STRICT_TABLES,26015863,87296218,-235.549960,3
610,00960,VIEW_TRIGGER_GENERATED_013,SQLITE_PARITY_960_VIEW_TRIGGER_GENERATED_013.rs,P2,memory,GEN_SQL_VIEW_TRIGGER,12973481,43507167,-235.354613,3
611,10597,GLOB_CHAR_RANGE,SQLITE_PARITY_10597_GLOB_CHAR_RANGE.rs,P0,memory,SQL_PATTERN,13220369,44208344,-234.395689,3
612,10122,MODE_COLUMN_WIDTH_SMALL_WRAPS,SQLITE_PARITY_10122_MODE_COLUMN_WIDTH_SMALL_WRAPS.rs,P0,memory,CLI_OUTPUT_MODE,29397197,98009706,-233.398133,3
613,11716,DATETIME_TIME_UNIX_UTC,SQLITE_PARITY_11716_DATETIME_TIME_UNIX_UTC.rs,P0,memory,SQL_DATETIME,8150432,27162862,-233.268985,3
614,00899,CONSTRAINT_FK_SAVEPOINT_032,SQLITE_PARITY_899_CONSTRAINT_FK_SAVEPOINT_032.rs,P2,memory,GEN_SQL_CONSTRAINT_TX,14650342,48806788,-233.144359,3
615,00276,SCALAR_ARITH_013,SQLITE_PARITY_276_SCALAR_ARITH_013.rs,P1,memory,GEN_SQL_SCALAR,9348857,31055292,-232.182768,3
616,11711,DATETIME_TIME_UNIX_WEEKDAY_0,SQLITE_PARITY_11711_DATETIME_TIME_UNIX_WEEKDAY_0.rs,P0,memory,SQL_DATETIME,7410292,24593865,-231.887934,3
617,11533,DATETIME_JULIANDAY_EPOCH_START_OF_DAY,SQLITE_PARITY_11533_DATETIME_JULIANDAY_EPOCH_START_OF_DAY.rs,P0,memory,SQL_DATETIME,13461764,44663274,-231.778762,3
618,00460,DML_WHERE_ORDER_LIMIT_073,SQLITE_PARITY_460_DML_WHERE_ORDER_LIMIT_073.rs,P1,memory,GEN_SQL_DML,12968633,43019054,-231.716180,3
619,11554,DATETIME_STRFTIME_ISO_EPOCH_UTC,SQLITE_PARITY_11554_DATETIME_STRFTIME_ISO_EPOCH_UTC.rs,P0,memory,SQL_DATETIME,14835282,49190745,-231.579440,3
620,10293,FK_SELF_REFERENTIAL_CASCADE,SQLITE_PARITY_10293_FK_SELF_REFERENTIAL_CASCADE.rs,P0,memory,SQL_FOREIGN_KEYS,10090540,33443749,-231.436662,3
621,00468,DML_WHERE_ORDER_LIMIT_081,SQLITE_PARITY_468_DML_WHERE_ORDER_LIMIT_081.rs,P1,memory,GEN_SQL_DML,22359389,73350628,-228.052918,3
622,01113,INDEX_SCHEMA_PRAGMA_046,SQLITE_PARITY_1113_INDEX_SCHEMA_PRAGMA_046.rs,P2,memory,GEN_SQL_INDEX_PRAGMA,9717635,31803567,-227.276822,3
623,12037,PRAGMA_SET_ENCODING_UTF_8,SQLITE_PARITY_12037_PRAGMA_SET_ENCODING_UTF_8.rs,P1,memory,SQL_PRAGMA,8153097,26633441,-226.666554,3
624,10166,DOT_HEADERS_ON_PERSISTS,SQLITE_PARITY_10166_DOT_HEADERS_ON_PERSISTS.rs,P0,memory,CLI_DOT_COMMAND,12499015,40811581,-226.518378,3
625,11517,DATETIME_DATETIME_EPOCH_PLUS_3_HOURS,SQLITE_PARITY_11517_DATETIME_DATETIME_EPOCH_PLUS_3_HOURS.rs,P0,memory,SQL_DATETIME,8248748,26879045,-225.856057,3
626,00433,DML_WHERE_ORDER_LIMIT_046,SQLITE_PARITY_433_DML_WHERE_ORDER_LIMIT_046.rs,P1,memory,GEN_SQL_DML,6509809,21198244,-225.635422,3
627,11217,CAST_REAL_3_14_AS_TEXT,SQLITE_PARITY_11217_CAST_REAL_3_14_AS_TEXT.rs,P0,memory,SQL_CAST,2254363,9768972,-225.632400,3
628,00981,VIEW_TRIGGER_GENERATED_034,SQLITE_PARITY_981_VIEW_TRIGGER_GENERATED_034.rs,P2,memory,GEN_SQL_VIEW_TRIGGER,29615260,96308860,-225.200116,3
629,00271,SCALAR_NULL_COALESCE_011,SQLITE_PARITY_271_SCALAR_NULL_COALESCE_011.rs,P1,memory,GEN_SQL_SCALAR,13403545,43552172,-224.930248,3
630,00165,DOT_INTCK_CATALOG,SQLITE_PARITY_165_DOT_INTCK_CATALOG.rs,P4,catalog,CLI_CATALOG,10525101,34007695,-223.110391,3
631,10059,INTPK_ALIAS_ROWID_EQUALS_PK,SQLITE_PARITY_10059_INTPK_ALIAS_ROWID_EQUALS_PK.rs,P0,memory,SQL_AUTOINCREMENT,7914876,25558238,-222.913941,3
632,10207,OPT_READONLY_REFUSES_WRITE,SQLITE_PARITY_10207_OPT_READONLY_REFUSES_WRITE.rs,P0,memory,CLI_OPTION,13565210,43773812,-222.691739,3
633,00987,VIEW_TRIGGER_GENERATED_040,SQLITE_PARITY_987_VIEW_TRIGGER_GENERATED_040.rs,P2,memory,GEN_SQL_VIEW_TRIGGER,21265722,68480971,-222.025140,3
634,11361,AFFINITY_NUMERIC_TEXT_BARE,SQLITE_PARITY_11361_AFFINITY_NUMERIC_TEXT_BARE.rs,P0,memory,SQL_TYPE_AFFINITY,2694935,9617606,-220.586867,3
635,01017,JSON_EXTRACT_SET_010,SQLITE_PARITY_1017_JSON_EXTRACT_SET_010.rs,P2,memory,GEN_SQL_JSON,10736201,34374578,-220.174501,3
636,11691,DATETIME_TIME_UNIX_PLUS_10_SECONDS,SQLITE_PARITY_11691_DATETIME_TIME_UNIX_PLUS_10_SECONDS.rs,P0,memory,SQL_DATETIME,25033306,79973082,-219.466722,3
637,11542,DATETIME_DATETIME_EPOCH_START_OF_YEAR,SQLITE_PARITY_11542_DATETIME_DATETIME_EPOCH_START_OF_YEAR.rs,P0,memory,SQL_DATETIME,11923877,38012267,-218.791170,3
638,00342,SCALAR_STRING_029,SQLITE_PARITY_342_SCALAR_STRING_029.rs,P1,memory,GEN_SQL_SCALAR,10870615,34547115,-217.802765,3
639,00747,CTE_RECURSIVE_MATRIX_040,SQLITE_PARITY_747_CTE_RECURSIVE_MATRIX_040.rs,P1,memory,GEN_SQL_CTE,9804930,31155642,-217.754864,3
640,01022,JSON_EXTRACT_SET_015,SQLITE_PARITY_1022_JSON_EXTRACT_SET_015.rs,P2,memory,GEN_SQL_JSON,14884415,47231179,-217.319686,3
641,00770,CTE_RECURSIVE_MATRIX_063,SQLITE_PARITY_770_CTE_RECURSIVE_MATRIX_063.rs,P1,memory,GEN_SQL_CTE,7842189,24680849,-214.718875,3
642,10614,ZEROBLOB_TYPEOF_AND_HEX,SQLITE_PARITY_10614_ZEROBLOB_TYPEOF_AND_HEX.rs,P0,memory,SQL_BLOB,21989250,69093249,-214.213759,3
643,00928,CONSTRAINT_FK_SAVEPOINT_061,SQLITE_PARITY_928_CONSTRAINT_FK_SAVEPOINT_061.rs,P2,memory,GEN_SQL_CONSTRAINT_TX,15507313,48720395,-214.176898,3
644,00399,DML_WHERE_ORDER_LIMIT_012,SQLITE_PARITY_399_DML_WHERE_ORDER_LIMIT_012.rs,P1,memory,GEN_SQL_DML,36181515,113585618,-213.932731,3
645,00818,WINDOW_PARTITION_SUM_031,SQLITE_PARITY_818_WINDOW_PARTITION_SUM_031.rs,P2,memory,GEN_SQL_WINDOW,2787370,9401998,-213.399933,3
646,11694,DATETIME_STRFTIME_ISO_UNIX_PLUS_10_SECONDS,SQLITE_PARITY_11694_DATETIME_STRFTIME_ISO_UNIX_PLUS_10_SECONDS.rs,P0,memory,SQL_DATETIME,20043039,62704708,-212.850302,3
647,11705,DATETIME_DATE_UNIX_START_OF_YEAR,SQLITE_PARITY_11705_DATETIME_DATE_UNIX_START_OF_YEAR.rs,P0,memory,SQL_DATETIME,10766528,33621024,-212.273595,3
648,11843,JSON_ARROW_,SQLITE_PARITY_11843_JSON_ARROW_.rs,P0,memory,SQL_JSON,2309037,9367884,-212.262800,3
649,00727,CTE_RECURSIVE_MATRIX_020,SQLITE_PARITY_727_CTE_RECURSIVE_MATRIX_020.rs,P1,memory,GEN_SQL_CTE,17375515,54132960,-211.547370,3
650,10411,DROP_COLUMN_BASIC,SQLITE_PARITY_10411_DROP_COLUMN_BASIC.rs,P0,memory,SQL_ALTER,22130156,68692481,-210.402154,3
651,10209,OPT_CMD_BEFORE_STDIN,SQLITE_PARITY_10209_OPT_CMD_BEFORE_STDIN.rs,P0,memory,CLI_OPTION,9724909,30120785,-209.728194,3
652,00860,WINDOW_PARTITION_SUM_073,SQLITE_PARITY_860_WINDOW_PARTITION_SUM_073.rs,P2,memory,GEN_SQL_WINDOW,15908090,49161750,-209.036157,3
653,00402,DML_WHERE_ORDER_LIMIT_015,SQLITE_PARITY_402_DML_WHERE_ORDER_LIMIT_015.rs,P1,memory,GEN_SQL_DML,37006716,114342148,-208.976749,3
654,00593,AGG_GROUP_HAVING_086,SQLITE_PARITY_593_AGG_GROUP_HAVING_086.rs,P1,memory,GEN_SQL_AGGREGATE,4996568,15421280,-208.637449,3
655,11304,AFFINITY_INTEGER_TEXT_NUM,SQLITE_PARITY_11304_AFFINITY_INTEGER_TEXT_NUM.rs,P0,memory,SQL_TYPE_AFFINITY,5465084,16859821,-208.500674,3
656,10327,MULTI_COLUMN_CONFLICT_TARGET,SQLITE_PARITY_10327_MULTI_COLUMN_CONFLICT_TARGET.rs,P0,memory,SQL_UPSERT,6698597,20654044,-208.333879,3
657,11541,DATETIME_TIME_EPOCH_START_OF_YEAR,SQLITE_PARITY_11541_DATETIME_TIME_EPOCH_START_OF_YEAR.rs,P0,memory,SQL_DATETIME,14194220,43751080,-208.231660,3
658,11510,DATETIME_DATE_EPOCH_PLUS_1_YEAR,SQLITE_PARITY_11510_DATETIME_DATE_EPOCH_PLUS_1_YEAR.rs,P0,memory,SQL_DATETIME,17580352,54175099,-208.157078,3
659,11056,MATH_LOG10_1_0,SQLITE_PARITY_11056_MATH_LOG10_1_0.rs,P1,memory,SQL_MATH,7999757,24560873,-207.020238,3
660,00521,AGG_GROUP_HAVING_014,SQLITE_PARITY_521_AGG_GROUP_HAVING_014.rs,P1,memory,GEN_SQL_AGGREGATE,22991885,70321710,-205.854479,3
661,11903,WIN_SUM_ROWS_2_PREC_CURRENT,SQLITE_PARITY_11903_WIN_SUM_ROWS_2_PREC_CURRENT.rs,P0,memory,SQL_WINDOW,10620913,32315396,-204.261941,3
662,00787,CTE_RECURSIVE_MATRIX_080,SQLITE_PARITY_787_CTE_RECURSIVE_MATRIX_080.rs,P1,memory,GEN_SQL_CTE,9704711,29399542,-202.940933,3
663,10328,DO_UPDATE_REFERENCES_EXCLUDED,SQLITE_PARITY_10328_DO_UPDATE_REFERENCES_EXCLUDED.rs,P0,memory,SQL_UPSERT,10126018,30596655,-202.158805,3
664,00668,JOIN_SUBQUERY_EXISTS_061,SQLITE_PARITY_668_JOIN_SUBQUERY_EXISTS_061.rs,P1,memory,GEN_SQL_JOIN_SUBQUERY,20326345,61382157,-201.983249,3
665,10106,STRICT_INSERT_SELECT_REJECTS_WRONG_TYPE,SQLITE_PARITY_10106_STRICT_INSERT_SELECT_REJECTS_WRONG_TYPE.rs,P0,memory,SQL_STRICT_TABLES,20152596,60802281,-201.709422,3
666,10361,DELETE_ALL_RETURNING,SQLITE_PARITY_10361_DELETE_ALL_RETURNING.rs,P0,memory,SQL_RETURNING,9814599,29561287,-201.197094,3
667,11013,MATH_ASINH_0_0,SQLITE_PARITY_11013_MATH_ASINH_0_0.rs,P1,memory,SQL_MATH,3155708,9464486,-199.916405,3
668,11349,AFFINITY_BLOB_INT_BIG,SQLITE_PARITY_11349_AFFINITY_BLOB_INT_BIG.rs,P0,memory,SQL_TYPE_AFFINITY,11708660,35103727,-199.809944,3
669,12002,PRAGMA_PAGE_SIZE,SQLITE_PARITY_12002_PRAGMA_PAGE_SIZE.rs,P1,memory,SQL_PRAGMA,2827637,8992494,-199.749800,3
670,00595,AGG_GROUP_HAVING_088,SQLITE_PARITY_595_AGG_GROUP_HAVING_088.rs,P1,memory,GEN_SQL_AGGREGATE,6166079,18466357,-199.482978,3
671,00329,SCALAR_CAST_TYPEOF_026,SQLITE_PARITY_329_SCALAR_CAST_TYPEOF_026.rs,P1,memory,GEN_SQL_SCALAR,20670596,61732379,-198.648278,3
672,00832,WINDOW_PARTITION_SUM_045,SQLITE_PARITY_832_WINDOW_PARTITION_SUM_045.rs,P2,memory,GEN_SQL_WINDOW,17685882,52644905,-197.666268,3
673,10449,JOIN_FULL_OUTER,SQLITE_PARITY_10449_JOIN_FULL_OUTER.rs,P0,memory,SQL_JOIN,11811013,35149795,-197.601865,3
674,00383,SCALAR_NULL_COALESCE_039,SQLITE_PARITY_383_SCALAR_NULL_COALESCE_039.rs,P1,memory,GEN_SQL_SCALAR,16736947,49801890,-197.556597,3
675,10139,MODE_QUOTE_BASIC,SQLITE_PARITY_10139_MODE_QUOTE_BASIC.rs,P0,memory,CLI_OUTPUT_MODE,12519964,37253042,-197.549114,3
676,10196,DOT_PARAMETER_SET_SUBSTITUTES,SQLITE_PARITY_10196_DOT_PARAMETER_SET_SUBSTITUTES.rs,P0,memory,CLI_DOT_COMMAND,7409030,21998517,-196.914940,3
677,10331,ON_CONFLICT_WHERE_PARTIAL_INDEX_MATCH,SQLITE_PARITY_10331_ON_CONFLICT_WHERE_PARTIAL_INDEX_MATCH.rs,P0,memory,SQL_UPSERT,10897536,32283765,-196.248299,3
678,11103,MATH_POW_10_0_1,SQLITE_PARITY_11103_MATH_POW_10_0_1.rs,P1,memory,SQL_MATH,13647686,40403008,-196.042919,3
679,11314,AFFINITY_BIGINT_BLOB_HEX,SQLITE_PARITY_11314_AFFINITY_BIGINT_BLOB_HEX.rs,P0,memory,SQL_TYPE_AFFINITY,5642520,16680221,-195.616515,3
680,01068,INDEX_SCHEMA_PRAGMA_001,SQLITE_PARITY_1068_INDEX_SCHEMA_PRAGMA_001.rs,P2,memory,GEN_SQL_INDEX_PRAGMA,19438376,57449441,-195.546506,3
681,11544,DATETIME_STRFTIME_ISO_EPOCH_START_OF_YEAR,SQLITE_PARITY_11544_DATETIME_STRFTIME_ISO_EPOCH_START_OF_YEAR.rs,P0,memory,SQL_DATETIME,15900456,46945509,-195.246306,3
682,10267,PRAGMA_FOREIGN_KEY_CHECK_EMPTY,SQLITE_PARITY_10267_PRAGMA_FOREIGN_KEY_CHECK_EMPTY.rs,P0,memory,SQL_PRAGMA,14767193,43573603,-195.070316,3
683,00929,CONSTRAINT_FK_SAVEPOINT_062,SQLITE_PARITY_929_CONSTRAINT_FK_SAVEPOINT_062.rs,P2,memory,GEN_SQL_CONSTRAINT_TX,3261046,9589933,-194.075367,3
684,11215,CAST_REAL_3_14_AS_INTEGER,SQLITE_PARITY_11215_CAST_REAL_3_14_AS_INTEGER.rs,P0,memory,SQL_CAST,3336869,9811102,-194.021192,3
685,11512,DATETIME_DATETIME_EPOCH_PLUS_1_YEAR,SQLITE_PARITY_11512_DATETIME_DATETIME_EPOCH_PLUS_1_YEAR.rs,P0,memory,SQL_DATETIME,15307465,44998608,-193.965121,3
686,00989,VIEW_TRIGGER_GENERATED_042,SQLITE_PARITY_989_VIEW_TRIGGER_GENERATED_042.rs,P2,memory,GEN_SQL_VIEW_TRIGGER,27824934,81747266,-193.791410,3
687,11539,DATETIME_STRFTIME_ISO_EPOCH_START_OF_MONTH,SQLITE_PARITY_11539_DATETIME_STRFTIME_ISO_EPOCH_START_OF_MONTH.rs,P0,memory,SQL_DATETIME,13538591,39746015,-193.575713,3
688,11737,DATETIME_DATETIME_UNIX_BASE,SQLITE_PARITY_11737_DATETIME_DATETIME_UNIX_BASE.rs,P0,memory,SQL_DATETIME,12121059,35568377,-193.442817,3
689,10305,SAVEPOINT_DEPTH_4_RELEASE,SQLITE_PARITY_10305_SAVEPOINT_DEPTH_4_RELEASE.rs,P0,memory,SQL_TRANSACTION,17567619,51471648,-192.991600,3
690,00365,SCALAR_CAST_TYPEOF_035,SQLITE_PARITY_365_SCALAR_CAST_TYPEOF_035.rs,P1,memory,GEN_SQL_SCALAR,16611491,48647597,-192.855090,3
691,00628,JOIN_SUBQUERY_EXISTS_021,SQLITE_PARITY_628_JOIN_SUBQUERY_EXISTS_021.rs,P1,memory,GEN_SQL_JOIN_SUBQUERY,20816050,60906538,-192.594118,3
692,11690,DATETIME_DATE_UNIX_PLUS_10_SECONDS,SQLITE_PARITY_11690_DATETIME_DATE_UNIX_PLUS_10_SECONDS.rs,P0,memory,SQL_DATETIME,10515985,30715890,-192.087617,3
693,00790,WINDOW_PARTITION_SUM_003,SQLITE_PARITY_790_WINDOW_PARTITION_SUM_003.rs,P2,memory,GEN_SQL_WINDOW,11657403,34037592,-191.982631,3
694,10397,PRAGMA_TABLE_INFO_TVF,SQLITE_PARITY_10397_PRAGMA_TABLE_INFO_TVF.rs,P0,memory,SQL_SCHEMA_INTROSPECTION,26898112,78384507,-191.412672,3
695,11850,JSON_DARROW_A_B_0,SQLITE_PARITY_11850_JSON_DARROW_A_B_0.rs,P0,memory,SQL_JSON,12006003,34927364,-190.915836,3
696,00980,VIEW_TRIGGER_GENERATED_033,SQLITE_PARITY_980_VIEW_TRIGGER_GENERATED_033.rs,P2,memory,GEN_SQL_VIEW_TRIGGER,18704057,54298152,-190.301468,3
697,11403,STRING_LENGTH_H_LLO,SQLITE_PARITY_11403_STRING_LENGTH_H_LLO.rs,P0,memory,SQL_STRING,3372908,9770856,-189.686407,3
698,01105,INDEX_SCHEMA_PRAGMA_038,SQLITE_PARITY_1105_INDEX_SCHEMA_PRAGMA_038.rs,P2,memory,GEN_SQL_INDEX_PRAGMA,7054429,20434850,-189.674047,3
699,00744,CTE_RECURSIVE_MATRIX_037,SQLITE_PARITY_744_CTE_RECURSIVE_MATRIX_037.rs,P1,memory,GEN_SQL_CTE,18452050,53438196,-189.605740,3
700,01109,INDEX_SCHEMA_PRAGMA_042,SQLITE_PARITY_1109_INDEX_SCHEMA_PRAGMA_042.rs,P2,memory,GEN_SQL_INDEX_PRAGMA,35465101,102548649,-189.153692,3
701,00951,VIEW_TRIGGER_GENERATED_004,SQLITE_PARITY_951_VIEW_TRIGGER_GENERATED_004.rs,P2,memory,GEN_SQL_VIEW_TRIGGER,16011476,46205620,-188.578142,3
702,10578,ORDER_BY_TERM_NOT_IN_COMPOUND,SQLITE_PARITY_10578_ORDER_BY_TERM_NOT_IN_COMPOUND.rs,P0,memory,SQL_ERROR_MESSAGES,16599127,47829731,-188.146063,3
703,10165,DOT_HEADERS_ON_THEN_OFF,SQLITE_PARITY_10165_DOT_HEADERS_ON_THEN_OFF.rs,P0,memory,CLI_DOT_COMMAND,15132734,43593330,-188.073061,3
704,00756,CTE_RECURSIVE_MATRIX_049,SQLITE_PARITY_756_CTE_RECURSIVE_MATRIX_049.rs,P1,memory,GEN_SQL_CTE,14170675,40819836,-188.058515,3
705,01056,JSON_EXTRACT_SET_049,SQLITE_PARITY_1056_JSON_EXTRACT_SET_049.rs,P2,memory,GEN_SQL_JSON,14262890,41073325,-187.973370,3
706,11061,MATH_LOG2_2_0,SQLITE_PARITY_11061_MATH_LOG2_2_0.rs,P1,memory,SQL_MATH,2244795,8637433,-187.914433,3
707,10388,ALIAS_QUALIFIED_UPDATE_DELETE,SQLITE_PARITY_10388_ALIAS_QUALIFIED_UPDATE_DELETE.rs,P0,memory,SQL_ATTACH,16561436,47665200,-187.808376,3
708,11336,AFFINITY_TEXT_TEXT_NUM,SQLITE_PARITY_11336_AFFINITY_TEXT_TEXT_NUM.rs,P0,memory,SQL_TYPE_AFFINITY,9006120,25872472,-187.276563,3
709,00562,AGG_GROUP_HAVING_055,SQLITE_PARITY_562_AGG_GROUP_HAVING_055.rs,P1,memory,GEN_SQL_AGGREGATE,15369312,44102844,-186.953925,3
710,11001,MATH_ACOS_0_0,SQLITE_PARITY_11001_MATH_ACOS_0_0.rs,P1,memory,SQL_MATH,17432584,49828711,-185.836632,3
711,10319,SAVEPOINT_REUSE_AFTER_RELEASE,SQLITE_PARITY_10319_SAVEPOINT_REUSE_AFTER_RELEASE.rs,P0,memory,SQL_TRANSACTION,18837730,53826942,-185.740065,3
712,11505,DATETIME_DATE_EPOCH_MINUS_1_MONTH,SQLITE_PARITY_11505_DATETIME_DATE_EPOCH_MINUS_1_MONTH.rs,P0,memory,SQL_DATETIME,14516098,41082162,-183.011054,3
713,10317,PRAGMA_RECURSIVE_TRIGGERS_ON_THEN_READ,SQLITE_PARITY_10317_PRAGMA_RECURSIVE_TRIGGERS_ON_THEN_READ.rs,P0,memory,SQL_TRANSACTION,16026074,45263449,-182.436291,3
714,00509,AGG_GROUP_HAVING_002,SQLITE_PARITY_509_AGG_GROUP_HAVING_002.rs,P1,memory,GEN_SQL_AGGREGATE,4546867,12828257,-182.133984,3
715,11678,DATETIME_JULIANDAY_UNIX_PLUS_1_YEAR,SQLITE_PARITY_11678_DATETIME_JULIANDAY_UNIX_PLUS_1_YEAR.rs,P0,memory,SQL_DATETIME,17659923,49704025,-181.450972,3
716,10510,SUBQUERY_WITH_COLLATE,SQLITE_PARITY_10510_SUBQUERY_WITH_COLLATE.rs,P0,memory,SQL_SUBQUERY,14598093,41050312,-181.203250,3
717,11853,JSON_ARROW_A_B_1_C,SQLITE_PARITY_11853_JSON_ARROW_A_B_1_C.rs,P0,memory,SQL_JSON,9092633,25559261,-181.098566,3
718,11321,AFFINITY_REAL_TEXT_BARE,SQLITE_PARITY_11321_AFFINITY_REAL_TEXT_BARE.rs,P0,memory,SQL_TYPE_AFFINITY,14195813,39814375,-180.465620,3
719,00904,CONSTRAINT_FK_SAVEPOINT_037,SQLITE_PARITY_904_CONSTRAINT_FK_SAVEPOINT_037.rs,P2,memory,GEN_SQL_CONSTRAINT_TX,19445229,54476620,-180.154170,3
720,10138,MODE_TCL_WITH_BLOB,SQLITE_PARITY_10138_MODE_TCL_WITH_BLOB.rs,P0,memory,CLI_OUTPUT_MODE,17768329,49752988,-180.009381,3
721,11359,AFFINITY_NUMERIC_REAL_BIG,SQLITE_PARITY_11359_AFFINITY_NUMERIC_REAL_BIG.rs,P0,memory,SQL_TYPE_AFFINITY,13125499,36732678,-179.857383,3
722,00558,AGG_GROUP_HAVING_051,SQLITE_PARITY_558_AGG_GROUP_HAVING_051.rs,P1,memory,GEN_SQL_AGGREGATE,28014833,78201551,-179.143377,3
723,00903,CONSTRAINT_FK_SAVEPOINT_036,SQLITE_PARITY_903_CONSTRAINT_FK_SAVEPOINT_036.rs,P2,memory,GEN_SQL_CONSTRAINT_TX,13151348,36513423,-177.640155,3
724,10288,PRAGMA_DEFER_FOREIGN_KEYS_FOR_TXN,SQLITE_PARITY_10288_PRAGMA_DEFER_FOREIGN_KEYS_FOR_TXN.rs,P0,memory,SQL_FOREIGN_KEYS,6644945,18440419,-177.510484,3
725,11540,DATETIME_DATE_EPOCH_START_OF_YEAR,SQLITE_PARITY_11540_DATETIME_DATE_EPOCH_START_OF_YEAR.rs,P0,memory,SQL_DATETIME,16612572,46095903,-177.476016,3
726,00802,WINDOW_PARTITION_SUM_015,SQLITE_PARITY_802_WINDOW_PARTITION_SUM_015.rs,P2,memory,GEN_SQL_WINDOW,8751999,24275763,-177.373923,3
727,12036,PRAGMA_SET_REVERSE_UNORDERED_SELECTS_ON,SQLITE_PARITY_12036_PRAGMA_SET_REVERSE_UNORDERED_SELECTS_ON.rs,P1,memory,SQL_PRAGMA,8823224,24466263,-177.293912,3
728,11230,CAST_TEXT_NUM_AS_INTEGER,SQLITE_PARITY_11230_CAST_TEXT_NUM_AS_INTEGER.rs,P0,memory,SQL_CAST,8231875,22819860,-177.213393,3
729,12013,PRAGMA_ENCODING,SQLITE_PARITY_12013_PRAGMA_ENCODING.rs,P1,memory,SQL_PRAGMA,10766318,29843972,-177.197571,3
730,01079,INDEX_SCHEMA_PRAGMA_012,SQLITE_PARITY_1079_INDEX_SCHEMA_PRAGMA_012.rs,P2,memory,GEN_SQL_INDEX_PRAGMA,15114730,41816451,-176.660258,3
731,00729,CTE_RECURSIVE_MATRIX_022,SQLITE_PARITY_729_CTE_RECURSIVE_MATRIX_022.rs,P1,memory,GEN_SQL_CTE,2036792,8275358,-175.845267,3
732,11848,JSON_DARROW_A_B,SQLITE_PARITY_11848_JSON_DARROW_A_B.rs,P0,memory,SQL_JSON,13170263,36284471,-175.503010,3
733,00948,VIEW_TRIGGER_GENERATED_001,SQLITE_PARITY_948_VIEW_TRIGGER_GENERATED_001.rs,P2,memory,GEN_SQL_VIEW_TRIGGER,24270002,66687309,-174.772573,3
734,00872,CONSTRAINT_FK_SAVEPOINT_005,SQLITE_PARITY_872_CONSTRAINT_FK_SAVEPOINT_005.rs,P2,memory,GEN_SQL_CONSTRAINT_TX,18618034,50861303,-173.182996,3
735,00448,DML_WHERE_ORDER_LIMIT_061,SQLITE_PARITY_448_DML_WHERE_ORDER_LIMIT_061.rs,P1,memory,GEN_SQL_DML,27680661,75542352,-172.906604,3
736,00490,DML_WHERE_ORDER_LIMIT_103,SQLITE_PARITY_490_DML_WHERE_ORDER_LIMIT_103.rs,P1,memory,GEN_SQL_DML,16095014,43881235,-172.638688,3
737,11706,DATETIME_TIME_UNIX_START_OF_YEAR,SQLITE_PARITY_11706_DATETIME_TIME_UNIX_START_OF_YEAR.rs,P0,memory,SQL_DATETIME,8985591,24497623,-172.632295,3
738,00709,CTE_RECURSIVE_MATRIX_002,SQLITE_PARITY_709_CTE_RECURSIVE_MATRIX_002.rs,P1,memory,GEN_SQL_CTE,17007890,46302984,-172.244141,3
739,11229,CAST_TEXT_42_AS_NUMERIC,SQLITE_PARITY_11229_CAST_TEXT_42_AS_NUMERIC.rs,P0,memory,SQL_CAST,9033772,24433071,-170.463667,3
740,11919,WIN_AVG_EXCL_NO_OTHERS,SQLITE_PARITY_11919_WIN_AVG_EXCL_NO_OTHERS.rs,P0,memory,SQL_WINDOW,16191186,43760417,-170.273079,3
741,00680,JOIN_SUBQUERY_EXISTS_073,SQLITE_PARITY_680_JOIN_SUBQUERY_EXISTS_073.rs,P1,memory,GEN_SQL_JOIN_SUBQUERY,23594214,63746177,-170.177159,3
742,00265,SCALAR_CAST_TYPEOF_010,SQLITE_PARITY_265_SCALAR_CAST_TYPEOF_010.rs,P1,memory,GEN_SQL_SCALAR,17056472,45948363,-169.389608,3
743,00462,DML_WHERE_ORDER_LIMIT_075,SQLITE_PARITY_462_DML_WHERE_ORDER_LIMIT_075.rs,P1,memory,GEN_SQL_DML,13123285,35336086,-169.262506,3
744,11082,MATH_TAN_0_7853981633974483,SQLITE_PARITY_11082_MATH_TAN_0_7853981633974483.rs,P1,memory,SQL_MATH,13881970,37368520,-169.187442,3
745,00823,WINDOW_PARTITION_SUM_036,SQLITE_PARITY_823_WINDOW_PARTITION_SUM_036.rs,P2,memory,GEN_SQL_WINDOW,6261460,16854430,-169.177316,3
746,11834,JSON_JSON_ARRAY_LENGTH_MISSING,SQLITE_PARITY_11834_JSON_JSON_ARRAY_LENGTH_MISSING.rs,P0,memory,SQL_JSON,9158478,24644350,-169.087833,3
747,00895,CONSTRAINT_FK_SAVEPOINT_028,SQLITE_PARITY_895_CONSTRAINT_FK_SAVEPOINT_028.rs,P2,memory,GEN_SQL_CONSTRAINT_TX,17342613,46625804,-168.851090,3
748,00916,CONSTRAINT_FK_SAVEPOINT_049,SQLITE_PARITY_916_CONSTRAINT_FK_SAVEPOINT_049.rs,P2,memory,GEN_SQL_CONSTRAINT_TX,19117198,51296426,-168.326070,3
749,00994,VIEW_TRIGGER_GENERATED_047,SQLITE_PARITY_994_VIEW_TRIGGER_GENERATED_047.rs,P2,memory,GEN_SQL_VIEW_TRIGGER,3579739,9588321,-167.849723,3
750,00524,AGG_GROUP_HAVING_017,SQLITE_PARITY_524_AGG_GROUP_HAVING_017.rs,P1,memory,GEN_SQL_AGGREGATE,13307063,35612039,-167.617573,3
751,11408,STRING_LOWER_,SQLITE_PARITY_11408_STRING_LOWER_.rs,P0,memory,SQL_STRING,5506202,14735102,-167.609180,3
752,00313,SCALAR_CAST_TYPEOF_022,SQLITE_PARITY_313_SCALAR_CAST_TYPEOF_022.rs,P1,memory,GEN_SQL_SCALAR,28519608,76200296,-167.185636,3
753,11416,STRING_LTRIM_NO_SPACE,SQLITE_PARITY_11416_STRING_LTRIM_NO_SPACE.rs,P0,memory,SQL_STRING,14092347,37639502,-167.091791,3
754,10325,DO_UPDATE_WHERE_MATCH,SQLITE_PARITY_10325_DO_UPDATE_WHERE_MATCH.rs,P0,memory,SQL_UPSERT,5997280,16012909,-167.002858,3
755,01011,JSON_EXTRACT_SET_004,SQLITE_PARITY_1011_JSON_EXTRACT_SET_004.rs,P2,memory,GEN_SQL_JSON,2807279,8004275,-166.809167,3
756,00620,JOIN_SUBQUERY_EXISTS_013,SQLITE_PARITY_620_JOIN_SUBQUERY_EXISTS_013.rs,P1,memory,GEN_SQL_JOIN_SUBQUERY,14491211,38533402,-165.908777,3
757,10590,LIKE_ESCAPE_PERCENT,SQLITE_PARITY_10590_LIKE_ESCAPE_PERCENT.rs,P0,memory,SQL_PATTERN,15924852,42272513,-165.449958,3
758,00499,DML_WHERE_ORDER_LIMIT_112,SQLITE_PARITY_499_DML_WHERE_ORDER_LIMIT_112.rs,P1,memory,GEN_SQL_DML,10371240,27511471,-165.266940,3
759,10144,MODE_JSON_BASIC,SQLITE_PARITY_10144_MODE_JSON_BASIC.rs,P0,memory,CLI_OUTPUT_MODE,6557359,17354235,-164.652812,3
760,00625,JOIN_SUBQUERY_EXISTS_018,SQLITE_PARITY_625_JOIN_SUBQUERY_EXISTS_018.rs,P1,memory,GEN_SQL_JOIN_SUBQUERY,13504155,35729982,-164.585100,3
761,00812,WINDOW_PARTITION_SUM_025,SQLITE_PARITY_812_WINDOW_PARTITION_SUM_025.rs,P2,memory,GEN_SQL_WINDOW,2657124,7936336,-164.544533,3
762,10034,CREATE_INDEX_ASC_NULLS_FIRST_REJECTED,SQLITE_PARITY_10034_CREATE_INDEX_ASC_NULLS_FIRST_REJECTED.rs,P0,memory,SQL_NULL_ORDER,13673044,36139667,-164.313250,3
763,10029,ORDER_BY_DESC_NULLS_FIRST_OVERRIDE,SQLITE_PARITY_10029_ORDER_BY_DESC_NULLS_FIRST_OVERRIDE.rs,P0,memory,SQL_NULL_ORDER,13031040,34383636,-163.859492,3
764,10075,SQLITE_SEQUENCE_VISIBLE_AFTER_INSERT,SQLITE_PARITY_10075_SQLITE_SEQUENCE_VISIBLE_AFTER_INSERT.rs,P0,memory,SQL_AUTOINCREMENT,17927078,47273369,-163.698127,3
765,11721,DATETIME_TIME_EPOCH_BASE,SQLITE_PARITY_11721_DATETIME_TIME_EPOCH_BASE.rs,P0,memory,SQL_DATETIME,36198218,95361349,-163.442109,3
766,00954,VIEW_TRIGGER_GENERATED_007,SQLITE_PARITY_954_VIEW_TRIGGER_GENERATED_007.rs,P2,memory,GEN_SQL_VIEW_TRIGGER,16552349,43572701,-163.241797,3
767,00863,WINDOW_PARTITION_SUM_076,SQLITE_PARITY_863_WINDOW_PARTITION_SUM_076.rs,P2,memory,GEN_SQL_WINDOW,22087996,58059273,-162.854416,3
768,01024,JSON_EXTRACT_SET_017,SQLITE_PARITY_1024_JSON_EXTRACT_SET_017.rs,P2,memory,GEN_SQL_JSON,20278465,53140413,-162.053430,3
769,12024,PRAGMA_SET_CACHE_SIZE_2000,SQLITE_PARITY_12024_PRAGMA_SET_CACHE_SIZE_2000.rs,P1,memory,SQL_PRAGMA,4055869,10617697,-161.785995,3
770,11617,DATETIME_DATETIME_DATE_2024_MINUS_1_MONTH,SQLITE_PARITY_11617_DATETIME_DATETIME_DATE_2024_MINUS_1_MONTH.rs,P0,memory,SQL_DATETIME,13553649,35310579,-160.524520,3
771,11968,WIN_LAST_VALUE_EXCL_TIES,SQLITE_PARITY_11968_WIN_LAST_VALUE_EXCL_TIES.rs,P0,memory,SQL_WINDOW,6006969,15642458,-160.405173,3
772,11411,STRING_UPPER_ABC,SQLITE_PARITY_11411_STRING_UPPER_ABC.rs,P0,memory,SQL_STRING,3551966,9241956,-160.192693,3
773,11739,DATETIME_STRFTIME_ISO_UNIX_BASE,SQLITE_PARITY_11739_DATETIME_STRFTIME_ISO_UNIX_BASE.rs,P0,memory,SQL_DATETIME,11982087,31138440,-159.874928,3
774,00639,JOIN_SUBQUERY_EXISTS_032,SQLITE_PARITY_639_JOIN_SUBQUERY_EXISTS_032.rs,P1,memory,GEN_SQL_JOIN_SUBQUERY,17397166,45169410,-159.636598,3
775,00618,JOIN_SUBQUERY_EXISTS_011,SQLITE_PARITY_618_JOIN_SUBQUERY_EXISTS_011.rs,P1,memory,GEN_SQL_JOIN_SUBQUERY,23532818,60862404,-158.627777,3
776,00722,CTE_RECURSIVE_MATRIX_015,SQLITE_PARITY_722_CTE_RECURSIVE_MATRIX_015.rs,P1,memory,GEN_SQL_CTE,20624238,53329571,-158.577170,3
777,11603,DATETIME_JULIANDAY_Y2K_WEEKDAY_0,SQLITE_PARITY_11603_DATETIME_JULIANDAY_Y2K_WEEKDAY_0.rs,P0,memory,SQL_DATETIME,11769555,30432244,-158.567499,3
778,10088,STRICT_REAL_REJECTS_NON_NUMERIC_TEXT,SQLITE_PARITY_10088_STRICT_REAL_REJECTS_NON_NUMERIC_TEXT.rs,P0,memory,SQL_STRICT_TABLES,16716579,43154911,-158.156355,3
779,00388,DML_WHERE_ORDER_LIMIT_001,SQLITE_PARITY_388_DML_WHERE_ORDER_LIMIT_001.rs,P1,memory,GEN_SQL_DML,18135081,46811906,-158.129015,3
780,12035,PRAGMA_SET_SYNCHRONOUS_OFF,SQLITE_PARITY_12035_PRAGMA_SET_SYNCHRONOUS_OFF.rs,P1,memory,SQL_PRAGMA,6901701,17793425,-157.812168,3
781,00556,AGG_GROUP_HAVING_049,SQLITE_PARITY_556_AGG_GROUP_HAVING_049.rs,P1,memory,GEN_SQL_AGGREGATE,15325178,39494600,-157.710547,3
782,00364,SCALAR_ARITH_035,SQLITE_PARITY_364_SCALAR_ARITH_035.rs,P1,memory,GEN_SQL_SCALAR,13186885,33961688,-157.541398,3
783,11720,DATETIME_DATE_EPOCH_BASE,SQLITE_PARITY_11720_DATETIME_DATE_EPOCH_BASE.rs,P0,memory,SQL_DATETIME,8177964,21024415,-157.086177,3
784,00360,SCALAR_ARITH_034,SQLITE_PARITY_360_SCALAR_ARITH_034.rs,P1,memory,GEN_SQL_SCALAR,13245676,34026100,-156.884586,3
785,10471,JOIN_LEFT_EMPTY_RIGHT,SQLITE_PARITY_10471_JOIN_LEFT_EMPTY_RIGHT.rs,P0,memory,SQL_JOIN,20990851,53854173,-156.560218,3
786,11041,MATH_DEGREES_3_14159265358979,SQLITE_PARITY_11041_MATH_DEGREES_3_14159265358979.rs,P1,memory,SQL_MATH,3502944,8979389,-156.338354,3
787,11957,WIN_FIRST_VALUE_EXCL_GROUP,SQLITE_PARITY_11957_WIN_FIRST_VALUE_EXCL_GROUP.rs,P0,memory,SQL_WINDOW,4301834,11022963,-156.238688,3
788,10558,NO_SUCH_COLLATION_SEQUENCE,SQLITE_PARITY_10558_NO_SUCH_COLLATION_SEQUENCE.rs,P0,memory,SQL_ERROR_MESSAGES,14988602,38291104,-155.468148,3
789,00725,CTE_RECURSIVE_MATRIX_018,SQLITE_PARITY_725_CTE_RECURSIVE_MATRIX_018.rs,P1,memory,GEN_SQL_CTE,21024906,53699350,-155.408276,3
790,10506,SUBQUERY_IN_INSERT_VALUES,SQLITE_PARITY_10506_SUBQUERY_IN_INSERT_VALUES.rs,P0,memory,SQL_SUBQUERY,21834256,55713128,-155.163849,3
791,00693,JOIN_SUBQUERY_EXISTS_086,SQLITE_PARITY_693_JOIN_SUBQUERY_EXISTS_086.rs,P1,memory,GEN_SQL_JOIN_SUBQUERY,20810179,53058488,-154.964112,3
792,10623,BLOB_INDEX_LOOKUP,SQLITE_PARITY_10623_BLOB_INDEX_LOOKUP.rs,P0,memory,SQL_BLOB,21636914,55137430,-154.830379,3
793,10163,DOT_MODE_COLUMN_AFTER_LIST,SQLITE_PARITY_10163_DOT_MODE_COLUMN_AFTER_LIST.rs,P0,memory,CLI_DOT_COMMAND,15099201,38474993,-154.814761,3
794,01048,JSON_EXTRACT_SET_041,SQLITE_PARITY_1048_JSON_EXTRACT_SET_041.rs,P2,memory,GEN_SQL_JSON,17154617,43637143,-154.375501,3
795,00676,JOIN_SUBQUERY_EXISTS_069,SQLITE_PARITY_676_JOIN_SUBQUERY_EXISTS_069.rs,P1,memory,GEN_SQL_JOIN_SUBQUERY,24973372,63511243,-154.315849,3
796,11584,DATETIME_STRFTIME_ISO_Y2K_PLUS_10_SECONDS,SQLITE_PARITY_11584_DATETIME_STRFTIME_ISO_Y2K_PLUS_10_SECONDS.rs,P0,memory,SQL_DATETIME,10179789,25832407,-153.761714,3
797,00477,DML_WHERE_ORDER_LIMIT_090,SQLITE_PARITY_477_DML_WHERE_ORDER_LIMIT_090.rs,P1,memory,GEN_SQL_DML,13553679,34389627,-153.729095,3
798,10369,INSERT_DEFAULT_KEY_RETURNING,SQLITE_PARITY_10369_INSERT_DEFAULT_KEY_RETURNING.rs,P0,memory,SQL_RETURNING,18713646,47385120,-153.211587,3
799,01112,INDEX_SCHEMA_PRAGMA_045,SQLITE_PARITY_1112_INDEX_SCHEMA_PRAGMA_045.rs,P2,memory,GEN_SQL_INDEX_PRAGMA,17551999,44265091,-152.194015,3
800,00491,DML_WHERE_ORDER_LIMIT_104,SQLITE_PARITY_491_DML_WHERE_ORDER_LIMIT_104.rs,P1,memory,GEN_SQL_DML,18533565,46657283,-151.744783,3
801,11068,MATH_SIN_0_0,SQLITE_PARITY_11068_MATH_SIN_0_0.rs,P1,memory,SQL_MATH,12885325,32418350,-151.591248,3
802,00816,WINDOW_PARTITION_SUM_029,SQLITE_PARITY_816_WINDOW_PARTITION_SUM_029.rs,P2,memory,GEN_SQL_WINDOW,3282356,8258095,-151.590473,3
803,11736,DATETIME_TIME_UNIX_BASE,SQLITE_PARITY_11736_DATETIME_TIME_UNIX_BASE.rs,P0,memory,SQL_DATETIME,10382001,26109631,-151.489390,3
804,00306,SCALAR_STRING_020,SQLITE_PARITY_306_SCALAR_STRING_020.rs,P1,memory,GEN_SQL_SCALAR,22361573,56171835,-151.198049,3
805,00563,AGG_GROUP_HAVING_056,SQLITE_PARITY_563_AGG_GROUP_HAVING_056.rs,P1,memory,GEN_SQL_AGGREGATE,3463770,8696414,-151.067883,3
806,11589,DATETIME_STRFTIME_ISO_Y2K_START_OF_DAY,SQLITE_PARITY_11589_DATETIME_STRFTIME_ISO_Y2K_START_OF_DAY.rs,P0,memory,SQL_DATETIME,10820761,27166299,-151.057195,3
807,10210,OPT_MODE_ASCII,SQLITE_PARITY_10210_OPT_MODE_ASCII.rs,P0,memory,CLI_OPTION,13787791,34604433,-150.978804,3
808,10374,DETACH_AFTER_ATTACH,SQLITE_PARITY_10374_DETACH_AFTER_ATTACH.rs,P0,memory,SQL_ATTACH,16825976,42178485,-150.674820,3
809,00392,DML_WHERE_ORDER_LIMIT_005,SQLITE_PARITY_392_DML_WHERE_ORDER_LIMIT_005.rs,P1,memory,GEN_SQL_DML,24390079,61113980,-150.569012,3
810,00721,CTE_RECURSIVE_MATRIX_014,SQLITE_PARITY_721_CTE_RECURSIVE_MATRIX_014.rs,P1,memory,GEN_SQL_CTE,18361630,45886917,-149.906555,3
811,00936,CONSTRAINT_FK_SAVEPOINT_069,SQLITE_PARITY_936_CONSTRAINT_FK_SAVEPOINT_069.rs,P2,memory,GEN_SQL_CONSTRAINT_TX,20541051,51328096,-149.880573,3
812,11315,AFFINITY_BIGINT_NULL_LIT,SQLITE_PARITY_11315_AFFINITY_BIGINT_NULL_LIT.rs,P0,memory,SQL_TYPE_AFFINITY,11982728,29919915,-149.692015,3
813,10032,CREATE_INDEX_ASC_DEFAULT_OK,SQLITE_PARITY_10032_CREATE_INDEX_ASC_DEFAULT_OK.rs,P0,memory,SQL_NULL_ORDER,11895283,29631811,-149.105557,3
814,10425,DROP_LAST_COLUMN_ERROR,SQLITE_PARITY_10425_DROP_LAST_COLUMN_ERROR.rs,P0,memory,SQL_ALTER,20181201,50255287,-149.020299,3
815,00442,DML_WHERE_ORDER_LIMIT_055,SQLITE_PARITY_442_DML_WHERE_ORDER_LIMIT_055.rs,P1,memory,GEN_SQL_DML,11452205,28460295,-148.513671,3
816,00418,DML_WHERE_ORDER_LIMIT_031,SQLITE_PARITY_418_DML_WHERE_ORDER_LIMIT_031.rs,P1,memory,GEN_SQL_DML,17345900,43101019,-148.479577,3
817,11838,JSON_ARRAY_LENGTH_DOC_ARRAY,SQLITE_PARITY_11838_JSON_ARRAY_LENGTH_DOC_ARRAY.rs,P0,memory,SQL_JSON,2039637,7450678,-148.355933,3
818,00700,JOIN_SUBQUERY_EXISTS_093,SQLITE_PARITY_700_JOIN_SUBQUERY_EXISTS_093.rs,P1,memory,GEN_SQL_JOIN_SUBQUERY,22183486,55012874,-147.990212,3
819,00431,DML_WHERE_ORDER_LIMIT_044,SQLITE_PARITY_431_DML_WHERE_ORDER_LIMIT_044.rs,P1,memory,GEN_SQL_DML,23655429,58529252,-147.424183,3
820,11205,CAST_INT_5_AS_INTEGER,SQLITE_PARITY_11205_CAST_INT_5_AS_INTEGER.rs,P0,memory,SQL_CAST,19659494,48639503,-147.409740,3
821,00889,CONSTRAINT_FK_SAVEPOINT_022,SQLITE_PARITY_889_CONSTRAINT_FK_SAVEPOINT_022.rs,P2,memory,GEN_SQL_CONSTRAINT_TX,21896354,54092974,-147.041010,3
822,00924,CONSTRAINT_FK_SAVEPOINT_057,SQLITE_PARITY_924_CONSTRAINT_FK_SAVEPOINT_057.rs,P2,memory,GEN_SQL_CONSTRAINT_TX,20260851,50034059,-146.949445,3
823,01050,JSON_EXTRACT_SET_043,SQLITE_PARITY_1050_JSON_EXTRACT_SET_043.rs,P2,memory,GEN_SQL_JSON,18786583,46311510,-146.513749,3
824,10079,ROWID_COLUMN_AS_PK_INSERT,SQLITE_PARITY_10079_ROWID_COLUMN_AS_PK_INSERT.rs,P0,memory,SQL_AUTOINCREMENT,23990033,59120430,-146.437468,3
825,00829,WINDOW_PARTITION_SUM_042,SQLITE_PARITY_829_WINDOW_PARTITION_SUM_042.rs,P2,memory,GEN_SQL_WINDOW,12228202,30090748,-146.076635,3
826,11231,CAST_TEXT_NUM_AS_REAL,SQLITE_PARITY_11231_CAST_TEXT_NUM_AS_REAL.rs,P0,memory,SQL_CAST,12973452,31919577,-146.037654,3
827,11240,CAST_BLOB_HEX_AS_INTEGER,SQLITE_PARITY_11240_CAST_BLOB_HEX_AS_INTEGER.rs,P0,memory,SQL_CAST,21154080,51795640,-144.849410,3
828,01107,INDEX_SCHEMA_PRAGMA_040,SQLITE_PARITY_1107_INDEX_SCHEMA_PRAGMA_040.rs,P2,memory,GEN_SQL_INDEX_PRAGMA,16902511,41364495,-144.723964,3
829,11591,DATETIME_TIME_Y2K_START_OF_MONTH,SQLITE_PARITY_11591_DATETIME_TIME_Y2K_START_OF_MONTH.rs,P0,memory,SQL_DATETIME,14862363,36343923,-144.536639,3
830,11642,DATETIME_DATETIME_DATE_2024_START_OF_DAY,SQLITE_PARITY_11642_DATETIME_DATETIME_DATE_2024_START_OF_DAY.rs,P0,memory,SQL_DATETIME,19686535,48130270,-144.483196,3
831,10254,PRAGMA_SECURE_DELETE_DEFAULT,SQLITE_PARITY_10254_PRAGMA_SECURE_DELETE_DEFAULT.rs,P0,memory,SQL_PRAGMA,13469019,32924036,-144.442717,3
832,10103,STRICT_CHECK_PASSING_AND_FAILING,SQLITE_PARITY_10103_STRICT_CHECK_PASSING_AND_FAILING.rs,P0,memory,SQL_STRICT_TABLES,12669777,30892074,-143.824923,3
833,11907,WIN_SUM_EXCL_GROUP,SQLITE_PARITY_11907_WIN_SUM_EXCL_GROUP.rs,P0,memory,SQL_WINDOW,18956375,46201483,-143.725306,3
834,00698,JOIN_SUBQUERY_EXISTS_091,SQLITE_PARITY_698_JOIN_SUBQUERY_EXISTS_091.rs,P1,memory,GEN_SQL_JOIN_SUBQUERY,21068769,51302898,-143.502114,3
835,00596,AGG_GROUP_HAVING_089,SQLITE_PARITY_596_AGG_GROUP_HAVING_089.rs,P1,memory,GEN_SQL_AGGREGATE,6718785,16344666,-143.268180,3
836,00793,WINDOW_PARTITION_SUM_006,SQLITE_PARITY_793_WINDOW_PARTITION_SUM_006.rs,P2,memory,GEN_SQL_WINDOW,14133575,34355693,-143.078577,3
837,11729,DATETIME_STRFTIME_ISO_Y2K_BASE,SQLITE_PARITY_11729_DATETIME_STRFTIME_ISO_Y2K_BASE.rs,P0,memory,SQL_DATETIME,2494557,7286037,-142.867900,3
838,11434,STRING_CHAR_65_66_67,SQLITE_PARITY_11434_STRING_CHAR_65_66_67.rs,P0,memory,SQL_STRING,16373230,39746206,-142.751161,3
839,11923,WIN_COUNT_ROWS_2_PREC_CURRENT,SQLITE_PARITY_11923_WIN_COUNT_ROWS_2_PREC_CURRENT.rs,P0,memory,SQL_WINDOW,14292656,34648036,-142.418456,3
840,11220,CAST_REAL_0_AS_INTEGER,SQLITE_PARITY_11220_CAST_REAL_0_AS_INTEGER.rs,P0,memory,SQL_CAST,3372698,8174196,-142.363710,3
841,10435,REC_WITH_LIMIT_PUSHED_DOWN,SQLITE_PARITY_10435_REC_WITH_LIMIT_PUSHED_DOWN.rs,P0,memory,SQL_RECURSIVE_CTE,21093005,51113250,-142.323225,3
842,11553,DATETIME_JULIANDAY_EPOCH_UTC,SQLITE_PARITY_11553_DATETIME_JULIANDAY_EPOCH_UTC.rs,P0,memory,SQL_DATETIME,10945797,26495690,-142.062684,3
843,11812,JSON_JSON_TYPE_,SQLITE_PARITY_11812_JSON_JSON_TYPE_.rs,P0,memory,SQL_JSON,17086238,41141455,-140.787088,3
844,11524,DATETIME_STRFTIME_ISO_EPOCH_PLUS_30_MINUTES,SQLITE_PARITY_11524_DATETIME_STRFTIME_ISO_EPOCH_PLUS_30_MINUTES.rs,P0,memory,SQL_DATETIME,8339529,20074930,-140.720189,3
845,10015,COALESCE_PICKS_FIRST_NON_NULL,SQLITE_PARITY_10015_COALESCE_PICKS_FIRST_NON_NULL.rs,P0,memory,SQL_NULL_SEMANTICS,11167787,26860310,-140.515959,3
846,00711,CTE_RECURSIVE_MATRIX_004,SQLITE_PARITY_711_CTE_RECURSIVE_MATRIX_004.rs,P1,memory,GEN_SQL_CTE,18750024,45084400,-140.449826,3
847,11940,WIN_MAX_ROWS_UNBND_PREC_CURRENT,SQLITE_PARITY_11940_WIN_MAX_ROWS_UNBND_PREC_CURRENT.rs,P0,memory,SQL_WINDOW,17278783,41542192,-140.423136,3
848,11908,WIN_SUM_EXCL_TIES,SQLITE_PARITY_11908_WIN_SUM_EXCL_TIES.rs,P0,memory,SQL_WINDOW,11740490,28208730,-140.268762,3
849,11601,DATETIME_TIME_Y2K_WEEKDAY_0,SQLITE_PARITY_11601_DATETIME_TIME_Y2K_WEEKDAY_0.rs,P0,memory,SQL_DATETIME,5992291,14394769,-140.221461,3
850,01016,JSON_EXTRACT_SET_009,SQLITE_PARITY_1016_JSON_EXTRACT_SET_009.rs,P2,memory,GEN_SQL_JSON,19740517,47385471,-140.041692,3
851,00572,AGG_GROUP_HAVING_065,SQLITE_PARITY_572_AGG_GROUP_HAVING_065.rs,P1,memory,GEN_SQL_AGGREGATE,14908691,35759757,-139.858462,3
852,00464,DML_WHERE_ORDER_LIMIT_077,SQLITE_PARITY_464_DML_WHERE_ORDER_LIMIT_077.rs,P1,memory,GEN_SQL_DML,17694158,42420212,-139.741343,3
853,00739,CTE_RECURSIVE_MATRIX_032,SQLITE_PARITY_739_CTE_RECURSIVE_MATRIX_032.rs,P1,memory,GEN_SQL_CTE,17070008,40912771,-139.676343,3
854,11925,WIN_COUNT_GROUPS_1_PREC_CURRENT,SQLITE_PARITY_11925_WIN_COUNT_GROUPS_1_PREC_CURRENT.rs,P0,memory,SQL_WINDOW,15480693,37081958,-139.536809,3
855,00417,DML_WHERE_ORDER_LIMIT_030,SQLITE_PARITY_417_DML_WHERE_ORDER_LIMIT_030.rs,P1,memory,GEN_SQL_DML,19892956,47513573,-138.846218,3
856,10097,STRICT_UNKNOWN_TYPE_REJECTED,SQLITE_PARITY_10097_STRICT_UNKNOWN_TYPE_REJECTED.rs,P0,memory,SQL_STRICT_TABLES,20198012,48237211,-138.821578,3
857,00754,CTE_RECURSIVE_MATRIX_047,SQLITE_PARITY_754_CTE_RECURSIVE_MATRIX_047.rs,P1,memory,GEN_SQL_CTE,23511278,56042260,-138.363308,3
858,10386,PRAGMA_MAIN_USER_VERSION_SET,SQLITE_PARITY_10386_PRAGMA_MAIN_USER_VERSION_SET.rs,P0,memory,SQL_ATTACH,27912971,66498692,-138.235808,3
859,10555,NO_SUCH_COLUMN,SQLITE_PARITY_10555_NO_SUCH_COLUMN.rs,P0,memory,SQL_ERROR_MESSAGES,19009184,45229014,-137.932433,3
860,11052,MATH_LN_1_0,SQLITE_PARITY_11052_MATH_LN_1_0.rs,P1,memory,SQL_MATH,19343887,45980755,-137.701735,3
861,12034,PRAGMA_SET_SYNCHRONOUS_FULL,SQLITE_PARITY_12034_PRAGMA_SET_SYNCHRONOUS_FULL.rs,P1,memory,SQL_PRAGMA,11443228,27198510,-137.682147,3
862,11930,WIN_MIN_ROWS_UNBND_PREC_CURRENT,SQLITE_PARITY_11930_WIN_MIN_ROWS_UNBND_PREC_CURRENT.rs,P0,memory,SQL_WINDOW,12669177,30111438,-137.674776,3
863,00996,VIEW_TRIGGER_GENERATED_049,SQLITE_PARITY_996_VIEW_TRIGGER_GENERATED_049.rs,P2,memory,GEN_SQL_VIEW_TRIGGER,3659620,8697376,-137.657899,3
864,00879,CONSTRAINT_FK_SAVEPOINT_012,SQLITE_PARITY_879_CONSTRAINT_FK_SAVEPOINT_012.rs,P2,memory,GEN_SQL_CONSTRAINT_TX,23953413,56872621,-137.430136,3
865,00703,JOIN_SUBQUERY_EXISTS_096,SQLITE_PARITY_703_JOIN_SUBQUERY_EXISTS_096.rs,P1,memory,GEN_SQL_JOIN_SUBQUERY,23395227,55508691,-137.265024,3
866,00876,CONSTRAINT_FK_SAVEPOINT_009,SQLITE_PARITY_876_CONSTRAINT_FK_SAVEPOINT_009.rs,P2,memory,GEN_SQL_CONSTRAINT_TX,20854133,49454524,-137.144953,3
867,10049,MIN_MAX_IGNORE_NULL,SQLITE_PARITY_10049_MIN_MAX_IGNORE_NULL.rs,P0,memory,SQL_AGGREGATE_NULL,13676441,32383965,-136.786493,3
868,00567,AGG_GROUP_HAVING_060,SQLITE_PARITY_567_AGG_GROUP_HAVING_060.rs,P1,memory,GEN_SQL_AGGREGATE,16482576,39017487,-136.719594,3
869,10576,DELETE_ON_VIEW,SQLITE_PARITY_10576_DELETE_ON_VIEW.rs,P0,memory,SQL_ERROR_MESSAGES,17540898,41506615,-136.627652,3
870,00897,CONSTRAINT_FK_SAVEPOINT_030,SQLITE_PARITY_897_CONSTRAINT_FK_SAVEPOINT_030.rs,P2,memory,GEN_SQL_CONSTRAINT_TX,23540001,55387201,-135.289714,3
871,00449,DML_WHERE_ORDER_LIMIT_062,SQLITE_PARITY_449_DML_WHERE_ORDER_LIMIT_062.rs,P1,memory,GEN_SQL_DML,13229375,31054480,-134.738829,3
872,12023,PRAGMA_COMPILE_OPTIONS,SQLITE_PARITY_12023_PRAGMA_COMPILE_OPTIONS.rs,P1,memory,SQL_PRAGMA,10354930,24301763,-134.687854,3
873,00940,CONSTRAINT_FK_SAVEPOINT_073,SQLITE_PARITY_940_CONSTRAINT_FK_SAVEPOINT_073.rs,P2,memory,GEN_SQL_CONSTRAINT_TX,27971241,65520562,-134.242599,3
874,00833,WINDOW_PARTITION_SUM_046,SQLITE_PARITY_833_WINDOW_PARTITION_SUM_046.rs,P2,memory,GEN_SQL_WINDOW,24957973,58399917,-133.993029,3
875,11233,CAST_TEXT_NUM_AS_BLOB,SQLITE_PARITY_11233_CAST_TEXT_NUM_AS_BLOB.rs,P0,memory,SQL_CAST,21820841,51055010,-133.973613,3
876,00730,CTE_RECURSIVE_MATRIX_023,SQLITE_PARITY_730_CTE_RECURSIVE_MATRIX_023.rs,P1,memory,GEN_SQL_CTE,16457279,38390522,-133.273812,3
877,11008,MATH_ASIN_1_0,SQLITE_PARITY_11008_MATH_ASIN_1_0.rs,P1,memory,SQL_MATH,18682657,43520112,-132.943912,3
878,00386,SCALAR_STRING_040,SQLITE_PARITY_386_SCALAR_STRING_040.rs,P1,memory,GEN_SQL_SCALAR,16818562,39173823,-132.920169,3
879,11053,MATH_LN_2_0,SQLITE_PARITY_11053_MATH_LN_2_0.rs,P1,memory,SQL_MATH,17953198,41732271,-132.450347,3
880,11734,DATETIME_STRFTIME_ISO_DATE_2024_BASE,SQLITE_PARITY_11734_DATETIME_STRFTIME_ISO_DATE_2024_BASE.rs,P0,memory,SQL_DATETIME,14476053,33622407,-132.262254,3
881,00534,AGG_GROUP_HAVING_027,SQLITE_PARITY_534_AGG_GROUP_HAVING_027.rs,P1,memory,GEN_SQL_AGGREGATE,4924031,11424272,-132.010562,3
882,01013,JSON_EXTRACT_SET_006,SQLITE_PARITY_1013_JSON_EXTRACT_SET_006.rs,P2,memory,GEN_SQL_JSON,17293901,40110705,-131.935553,3
883,00655,JOIN_SUBQUERY_EXISTS_048,SQLITE_PARITY_655_JOIN_SUBQUERY_EXISTS_048.rs,P1,memory,GEN_SQL_JOIN_SUBQUERY,20093775,46476883,-131.299908,3
884,10036,CREATE_INDEX_ASC_NULLS_LAST_REJECTED,SQLITE_PARITY_10036_CREATE_INDEX_ASC_NULLS_LAST_REJECTED.rs,P0,memory,SQL_NULL_ORDER,22733677,52439007,-130.666632,3
885,11417,STRING_RTRIM_HI,SQLITE_PARITY_11417_STRING_RTRIM_HI.rs,P0,memory,SQL_STRING,5117857,11797037,-130.507359,3
886,00502,DML_WHERE_ORDER_LIMIT_115,SQLITE_PARITY_502_DML_WHERE_ORDER_LIMIT_115.rs,P1,memory,GEN_SQL_DML,6566887,15133215,-130.447318,3
887,10464,JOIN_LEFT_TYPED_NULL_OUTPUT,SQLITE_PARITY_10464_JOIN_LEFT_TYPED_NULL_OUTPUT.rs,P0,memory,SQL_JOIN,20645458,47555162,-130.342005,3
888,00944,CONSTRAINT_FK_SAVEPOINT_077,SQLITE_PARITY_944_CONSTRAINT_FK_SAVEPOINT_077.rs,P2,memory,GEN_SQL_CONSTRAINT_TX,12019988,27686803,-130.339689,3
889,11604,DATETIME_STRFTIME_ISO_Y2K_WEEKDAY_0,SQLITE_PARITY_11604_DATETIME_STRFTIME_ISO_Y2K_WEEKDAY_0.rs,P0,memory,SQL_DATETIME,6753801,15541638,-130.116908,3
890,10409,RENAME_COLUMN_BASIC,SQLITE_PARITY_10409_RENAME_COLUMN_BASIC.rs,P0,memory,SQL_ALTER,29992413,68910553,-129.759950,3
891,00999,VIEW_TRIGGER_GENERATED_052,SQLITE_PARITY_999_VIEW_TRIGGER_GENERATED_052.rs,P2,memory,GEN_SQL_VIEW_TRIGGER,11931401,27412504,-129.750924,3
892,11089,MATH_TRUNC_1_6,SQLITE_PARITY_11089_MATH_TRUNC_1_6.rs,P1,memory,SQL_MATH,17797153,40884688,-129.726002,3
893,11950,WIN_FIRST_VALUE_ROWS_UNBND_PREC_CURRENT,SQLITE_PARITY_11950_WIN_FIRST_VALUE_ROWS_UNBND_PREC_CURRENT.rs,P0,memory,SQL_WINDOW,8075590,18545638,-129.650564,3
894,11650,DATETIME_DATE_DATE_2024_START_OF_YEAR,SQLITE_PARITY_11650_DATETIME_DATE_DATE_2024_START_OF_YEAR.rs,P0,memory,SQL_DATETIME,20100838,46120239,-129.444359,3
895,10281,FK_UPDATE_NO_ACTION_REJECTED,SQLITE_PARITY_10281_FK_UPDATE_NO_ACTION_REJECTED.rs,P0,memory,SQL_FOREIGN_KEYS,18873458,43279267,-129.312864,3
896,10042,MULTI_COL_ORDER_BY_MIXED_NULLS,SQLITE_PARITY_10042_MULTI_COL_ORDER_BY_MIXED_NULLS.rs,P0,memory,SQL_NULL_ORDER,21087404,48323726,-129.159199,3
897,10263,PRAGMA_USER_VERSION_DEFAULT,SQLITE_PARITY_10263_PRAGMA_USER_VERSION_DEFAULT.rs,P0,memory,SQL_PRAGMA,19000208,43495185,-128.919520,3
898,00956,VIEW_TRIGGER_GENERATED_009,SQLITE_PARITY_956_VIEW_TRIGGER_GENERATED_009.rs,P2,memory,GEN_SQL_VIEW_TRIGGER,20775635,47557296,-128.908989,3
899,10418,DROP_COLUMN_USED_BY_INDEX_ERRORS,SQLITE_PARITY_10418_DROP_COLUMN_USED_BY_INDEX_ERRORS.rs,P0,memory,SQL_ALTER,14791740,33822766,-128.659820,3
900,00378,SCALAR_STRING_038,SQLITE_PARITY_378_SCALAR_STRING_038.rs,P1,memory,GEN_SQL_SCALAR,12936401,29573009,-128.603064,3
901,00564,AGG_GROUP_HAVING_057,SQLITE_PARITY_564_AGG_GROUP_HAVING_057.rs,P1,memory,GEN_SQL_AGGREGATE,17545657,40095095,-128.518630,3
902,11300,AFFINITY_INTEGER_INT_1,SQLITE_PARITY_11300_AFFINITY_INTEGER_INT_1.rs,P0,memory,SQL_TYPE_AFFINITY,16142894,36870468,-128.400608,3
903,00716,CTE_RECURSIVE_MATRIX_009,SQLITE_PARITY_716_CTE_RECURSIVE_MATRIX_009.rs,P1,memory,GEN_SQL_CTE,18873768,43099917,-128.358836,3
904,00806,WINDOW_PARTITION_SUM_019,SQLITE_PARITY_806_WINDOW_PARTITION_SUM_019.rs,P2,memory,GEN_SQL_WINDOW,9934996,22677491,-128.258683,3
905,10082,STRICT_INT_ACCEPTS_NUMERIC_TEXT,SQLITE_PARITY_10082_STRICT_INT_ACCEPTS_NUMERIC_TEXT.rs,P0,memory,SQL_STRICT_TABLES,39788666,90817096,-128.248658,3
906,10145,MODE_JSON_WITH_BLOB,SQLITE_PARITY_10145_MODE_JSON_WITH_BLOB.rs,P0,memory,CLI_OUTPUT_MODE,9547944,21780044,-128.112398,3
907,10085,STRICT_INT_REJECTS_NON_NUMERIC_TEXT,SQLITE_PARITY_10085_STRICT_INT_REJECTS_NON_NUMERIC_TEXT.rs,P0,memory,SQL_STRICT_TABLES,19750076,45018505,-127.940920,3
908,01075,INDEX_SCHEMA_PRAGMA_008,SQLITE_PARITY_1075_INDEX_SCHEMA_PRAGMA_008.rs,P2,memory,GEN_SQL_INDEX_PRAGMA,9121227,20780314,-127.823669,3
909,11037,MATH_COSH_1_0,SQLITE_PARITY_11037_MATH_COSH_1_0.rs,P1,memory,SQL_MATH,11517699,26234647,-127.776807,3
910,11216,CAST_REAL_3_14_AS_REAL,SQLITE_PARITY_11216_CAST_REAL_3_14_AS_REAL.rs,P0,memory,SQL_CAST,4825895,10991985,-127.770911,3
911,11545,DATETIME_DATE_EPOCH_WEEKDAY_0,SQLITE_PARITY_11545_DATETIME_DATE_EPOCH_WEEKDAY_0.rs,P0,memory,SQL_DATETIME,12279449,27952025,-127.632567,3
912,11209,CAST_INT_5_AS_NUMERIC,SQLITE_PARITY_11209_CAST_INT_5_AS_NUMERIC.rs,P0,memory,SQL_CAST,4293198,9769984,-127.568912,3
913,11559,DATETIME_STRFTIME_ISO_Y2K_PLUS_5_DAYS,SQLITE_PARITY_11559_DATETIME_STRFTIME_ISO_Y2K_PLUS_5_DAYS.rs,P0,memory,SQL_DATETIME,25265795,57479749,-127.500259,3
914,11800,JSON_JSON_EXTRACT_,SQLITE_PARITY_11800_JSON_JSON_EXTRACT_.rs,P0,memory,SQL_JSON,14906036,33904279,-127.453355,3
915,10297,BEGIN_IMMEDIATE_BASIC,SQLITE_PARITY_10297_BEGIN_IMMEDIATE_BASIC.rs,P0,memory,SQL_TRANSACTION,18397437,41745907,-126.911537,3
916,00708,CTE_RECURSIVE_MATRIX_001,SQLITE_PARITY_708_CTE_RECURSIVE_MATRIX_001.rs,P1,memory,GEN_SQL_CTE,19553894,44333810,-126.726247,3
917,10261,PRAGMA_SCHEMA_VERSION_READ,SQLITE_PARITY_10261_PRAGMA_SCHEMA_VERSION_READ.rs,P0,memory,SQL_PRAGMA,14977430,33901234,-126.348806,3
918,01025,JSON_EXTRACT_SET_018,SQLITE_PARITY_1025_JSON_EXTRACT_SET_018.rs,P2,memory,GEN_SQL_JSON,20189205,45626165,-125.992876,3
919,11422,STRING_HEX_A,SQLITE_PARITY_11422_STRING_HEX_A.rs,P0,memory,SQL_STRING,19362172,43719158,-125.796765,3
920,11815,JSON_JSON_TYPE_A_B_0,SQLITE_PARITY_11815_JSON_JSON_TYPE_A_B_0.rs,P0,memory,SQL_JSON,14118597,31868079,-125.717038,3
921,01009,JSON_EXTRACT_SET_002,SQLITE_PARITY_1009_JSON_EXTRACT_SET_002.rs,P2,memory,GEN_SQL_JSON,13795666,31135715,-125.692004,3
922,00614,JOIN_SUBQUERY_EXISTS_007,SQLITE_PARITY_614_JOIN_SUBQUERY_EXISTS_007.rs,P1,memory,GEN_SQL_JOIN_SUBQUERY,14466124,32645409,-125.667974,3
923,10619,BLOB_AFFINITY_TEXT_COLUMN,SQLITE_PARITY_10619_BLOB_AFFINITY_TEXT_COLUMN.rs,P0,memory,SQL_BLOB,23073089,52043469,-125.559174,3
924,00959,VIEW_TRIGGER_GENERATED_012,SQLITE_PARITY_959_VIEW_TRIGGER_GENERATED_012.rs,P2,memory,GEN_SQL_VIEW_TRIGGER,3745753,8445510,-125.468951,3
925,10181,DOT_OPEN_MEMORY_RESETS,SQLITE_PARITY_10181_DOT_OPEN_MEMORY_RESETS.rs,P0,memory,CLI_DOT_COMMAND,9308631,20984951,-125.435416,3
926,11615,DATETIME_DATE_DATE_2024_MINUS_1_MONTH,SQLITE_PARITY_11615_DATETIME_DATE_DATE_2024_MINUS_1_MONTH.rs,P0,memory,SQL_DATETIME,15510729,34918227,-125.123055,3
927,11058,MATH_LOG10_100_0,SQLITE_PARITY_11058_MATH_LOG10_100_0.rs,P1,memory,SQL_MATH,2772222,6751968,-125.065600,3
928,11708,DATETIME_JULIANDAY_UNIX_START_OF_YEAR,SQLITE_PARITY_11708_DATETIME_JULIANDAY_UNIX_START_OF_YEAR.rs,P0,memory,SQL_DATETIME,5844651,13151348,-125.015112,3
929,11625,DATETIME_DATE_DATE_2024_PLUS_3_HOURS,SQLITE_PARITY_11625_DATETIME_DATE_DATE_2024_PLUS_3_HOURS.rs,P0,memory,SQL_DATETIME,25634603,57673555,-124.983219,3
930,11866,JSON_DARROW_A_B_99,SQLITE_PARITY_11866_JSON_DARROW_A_B_99.rs,P0,memory,SQL_JSON,21701456,48758407,-124.678045,3
931,11722,DATETIME_DATETIME_EPOCH_BASE,SQLITE_PARITY_11722_DATETIME_DATETIME_EPOCH_BASE.rs,P0,memory,SQL_DATETIME,17187811,38572357,-124.416925,3
932,11444,STRING_INSTR_ABCDEF_CD,SQLITE_PARITY_11444_STRING_INSTR_ABCDEF_CD.rs,P0,memory,SQL_STRING,13307153,29819666,-124.087496,3
933,11865,JSON_ARROW_A_B_99,SQLITE_PARITY_11865_JSON_ARROW_A_B_99.rs,P0,memory,SQL_JSON,12663956,28374443,-124.056709,3
934,10038,ORDER_BY_COLLATE_NOCASE_ASC_DEFAULT,SQLITE_PARITY_10038_ORDER_BY_COLLATE_NOCASE_ASC_DEFAULT.rs,P0,memory,SQL_NULL_ORDER,19690443,44099989,-123.966464,3
935,00577,AGG_GROUP_HAVING_070,SQLITE_PARITY_577_AGG_GROUP_HAVING_070.rs,P1,memory,GEN_SQL_AGGREGATE,21320975,47747656,-123.946869,3
936,11021,MATH_ATANH_0_5,SQLITE_PARITY_11021_MATH_ATANH_0_5.rs,P1,memory,SQL_MATH,11893690,26590710,-123.569893,3
937,00961,VIEW_TRIGGER_GENERATED_014,SQLITE_PARITY_961_VIEW_TRIGGER_GENERATED_014.rs,P2,memory,GEN_SQL_VIEW_TRIGGER,14034247,31353966,-123.410390,3
938,11577,DATETIME_DATETIME_Y2K_PLUS_30_MINUTES,SQLITE_PARITY_11577_DATETIME_DATETIME_Y2K_PLUS_30_MINUTES.rs,P0,memory,SQL_DATETIME,18355438,40999847,-123.366214,3
939,00565,AGG_GROUP_HAVING_058,SQLITE_PARITY_565_AGG_GROUP_HAVING_058.rs,P1,memory,GEN_SQL_AGGREGATE,13740402,30672929,-123.231671,3
940,00704,JOIN_SUBQUERY_EXISTS_097,SQLITE_PARITY_704_JOIN_SUBQUERY_EXISTS_097.rs,P1,memory,GEN_SQL_JOIN_SUBQUERY,20928593,46715274,-123.212683,3
941,00470,DML_WHERE_ORDER_LIMIT_083,SQLITE_PARITY_470_DML_WHERE_ORDER_LIMIT_083.rs,P1,memory,GEN_SQL_DML,17769320,39624095,-122.991623,3
942,10110,MODE_LIST_SEP_COMMA,SQLITE_PARITY_10110_MODE_LIST_SEP_COMMA.rs,P0,memory,CLI_OUTPUT_MODE,18393430,41003253,-122.923364,3
943,11733,DATETIME_JULIANDAY_DATE_2024_BASE,SQLITE_PARITY_11733_DATETIME_JULIANDAY_DATE_2024_BASE.rs,P0,memory,SQL_DATETIME,2359662,6664792,-122.159733,3
944,11563,DATETIME_JULIANDAY_Y2K_MINUS_1_MONTH,SQLITE_PARITY_11563_DATETIME_JULIANDAY_Y2K_MINUS_1_MONTH.rs,P0,memory,SQL_DATETIME,23138102,51350008,-121.928350,3
945,10107,STRICT_TEXT_UPDATE_REJECTS_BLOB,SQLITE_PARITY_10107_STRICT_TEXT_UPDATE_REJECTS_BLOB.rs,P0,memory,SQL_STRICT_TABLES,21757732,48276836,-121.883586,3
946,11516,DATETIME_TIME_EPOCH_PLUS_3_HOURS,SQLITE_PARITY_11516_DATETIME_TIME_EPOCH_PLUS_3_HOURS.rs,P0,memory,SQL_DATETIME,12937875,28701371,-121.839916,3
947,10300,COMMIT_WITHOUT_TRANSACTION,SQLITE_PARITY_10300_COMMIT_WITHOUT_TRANSACTION.rs,P0,memory,SQL_TRANSACTION,17414919,38631017,-121.827141,3
948,00282,SCALAR_STRING_014,SQLITE_PARITY_282_SCALAR_STRING_014.rs,P1,memory,GEN_SQL_SCALAR,13708521,30403710,-121.786946,3
949,11035,MATH_COS_1_0,SQLITE_PARITY_11035_MATH_COS_1_0.rs,P1,memory,SQL_MATH,15701781,34773854,-121.464393,3
950,10441,REC_FACTORIAL,SQLITE_PARITY_10441_REC_FACTORIAL.rs,P0,memory,SQL_RECURSIVE_CTE,20061323,44385358,-121.248409,3
951,00510,AGG_GROUP_HAVING_003,SQLITE_PARITY_510_AGG_GROUP_HAVING_003.rs,P1,memory,GEN_SQL_AGGREGATE,12459029,27564812,-121.243662,3
952,00761,CTE_RECURSIVE_MATRIX_054,SQLITE_PARITY_761_CTE_RECURSIVE_MATRIX_054.rs,P1,memory,GEN_SQL_CTE,17686503,39094774,-121.042984,3
953,11945,WIN_MAX_GROUPS_1_PREC_CURRENT,SQLITE_PARITY_11945_WIN_MAX_GROUPS_1_PREC_CURRENT.rs,P0,memory,SQL_WINDOW,10243429,22637516,-120.995489,3
954,00966,VIEW_TRIGGER_GENERATED_019,SQLITE_PARITY_966_VIEW_TRIGGER_GENERATED_019.rs,P2,memory,GEN_SQL_VIEW_TRIGGER,25526408,56325266,-120.654884,3
955,01121,INDEX_SCHEMA_PRAGMA_054,SQLITE_PARITY_1121_INDEX_SCHEMA_PRAGMA_054.rs,P2,memory,GEN_SQL_INDEX_PRAGMA,16025292,35343190,-120.546309,3
956,00689,JOIN_SUBQUERY_EXISTS_082,SQLITE_PARITY_689_JOIN_SUBQUERY_EXISTS_082.rs,P1,memory,GEN_SQL_JOIN_SUBQUERY,20653013,45532156,-120.462535,3
957,00945,CONSTRAINT_FK_SAVEPOINT_078,SQLITE_PARITY_945_CONSTRAINT_FK_SAVEPOINT_078.rs,P2,memory,GEN_SQL_CONSTRAINT_TX,24117123,53134351,-120.317950,3
958,00384,SCALAR_ARITH_040,SQLITE_PARITY_384_SCALAR_ARITH_040.rs,P1,memory,GEN_SQL_SCALAR,22626925,49679899,-119.560983,3
959,11087,MATH_TANH_10_0,SQLITE_PARITY_11087_MATH_TANH_10_0.rs,P1,memory,SQL_MATH,18741067,41144691,-119.542948,3
960,11963,WIN_LAST_VALUE_ROWS_2_PREC_CURRENT,SQLITE_PARITY_11963_WIN_LAST_VALUE_ROWS_2_PREC_CURRENT.rs,P0,memory,SQL_WINDOW,8156654,17898685,-119.436610,3
961,11627,DATETIME_DATETIME_DATE_2024_PLUS_3_HOURS,SQLITE_PARITY_11627_DATETIME_DATETIME_DATE_2024_PLUS_3_HOURS.rs,P0,memory,SQL_DATETIME,26380283,57823949,-119.193816,3
962,11223,CAST_REAL_0_AS_BLOB,SQLITE_PARITY_11223_CAST_REAL_0_AS_BLOB.rs,P0,memory,SQL_CAST,4007969,8783920,-119.161376,3
963,00438,DML_WHERE_ORDER_LIMIT_051,SQLITE_PARITY_438_DML_WHERE_ORDER_LIMIT_051.rs,P1,memory,GEN_SQL_DML,20236575,44336866,-119.092737,3
964,10457,JOIN_COALESCE_ON_JOIN_COL,SQLITE_PARITY_10457_JOIN_COALESCE_ON_JOIN_COL.rs,P0,memory,SQL_JOIN,17759161,38900467,-119.044509,3
965,11713,DATETIME_JULIANDAY_UNIX_WEEKDAY_0,SQLITE_PARITY_11713_DATETIME_JULIANDAY_UNIX_WEEKDAY_0.rs,P0,memory,SQL_DATETIME,18664162,40856676,-118.904422,3
966,10598,GLOB_NEGATED_CHAR_CLASS,SQLITE_PARITY_10598_GLOB_NEGATED_CHAR_CLASS.rs,P0,memory,SQL_PATTERN,25721246,56290579,-118.848570,3
967,10184,DOT_HELP_LISTS_COMMANDS,SQLITE_PARITY_10184_DOT_HELP_LISTS_COMMANDS.rs,P0,memory,CLI_DOT_COMMAND,15837477,34634620,-118.687737,3
968,11595,DATETIME_DATE_Y2K_START_OF_YEAR,SQLITE_PARITY_11595_DATETIME_DATE_Y2K_START_OF_YEAR.rs,P0,memory,SQL_DATETIME,8797284,19223399,-118.515158,3
969,11579,DATETIME_STRFTIME_ISO_Y2K_PLUS_30_MINUTES,SQLITE_PARITY_11579_DATETIME_STRFTIME_ISO_Y2K_PLUS_30_MINUTES.rs,P0,memory,SQL_DATETIME,8112450,17699348,-118.175126,3
970,10348,INSERT_OR_REPLACE_FIRES_DELETE_THEN_INSERT,SQLITE_PARITY_10348_INSERT_OR_REPLACE_FIRES_DELETE_THEN_INSERT.rs,P0,memory,SQL_UPSERT,15081407,32898237,-118.137718,3
971,11218,CAST_REAL_3_14_AS_BLOB,SQLITE_PARITY_11218_CAST_REAL_3_14_AS_BLOB.rs,P0,memory,SQL_CAST,3706919,8084767,-118.099370,3
972,10476,COMPOUND_MIXED_LEFT_TO_RIGHT,SQLITE_PARITY_10476_COMPOUND_MIXED_LEFT_TO_RIGHT.rs,P0,memory,SQL_COMPOUND,20865063,45485859,-118.000104,3
973,00990,VIEW_TRIGGER_GENERATED_043,SQLITE_PARITY_990_VIEW_TRIGGER_GENERATED_043.rs,P2,memory,GEN_SQL_VIEW_TRIGGER,23103927,50268412,-117.575185,3
974,00853,WINDOW_PARTITION_SUM_066,SQLITE_PARITY_853_WINDOW_PARTITION_SUM_066.rs,P2,memory,GEN_SQL_WINDOW,16202718,35237320,-117.477833,3
975,10314,ROLLBACK_OF_SAVEPOINT_PRESERVES_OUTER,SQLITE_PARITY_10314_ROLLBACK_OF_SAVEPOINT_PRESERVES_OUTER.rs,P0,memory,SQL_TRANSACTION,20080750,43642714,-117.336076,3
976,10143,MODE_BOX_HEADERS_OFF,SQLITE_PARITY_10143_MODE_BOX_HEADERS_OFF.rs,P0,memory,CLI_OUTPUT_MODE,17245430,37472636,-117.290239,3
977,00401,DML_WHERE_ORDER_LIMIT_014,SQLITE_PARITY_401_DML_WHERE_ORDER_LIMIT_014.rs,P1,memory,GEN_SQL_DML,11447486,24867862,-117.234264,3
978,11647,DATETIME_DATETIME_DATE_2024_START_OF_MONTH,SQLITE_PARITY_11647_DATETIME_DATETIME_DATE_2024_START_OF_MONTH.rs,P0,memory,SQL_DATETIME,23286572,50539536,-117.032958,3
979,11598,DATETIME_JULIANDAY_Y2K_START_OF_YEAR,SQLITE_PARITY_11598_DATETIME_JULIANDAY_Y2K_START_OF_YEAR.rs,P0,memory,SQL_DATETIME,18316274,39728613,-116.903356,3
980,10189,DOT_ECHO_OFF,SQLITE_PARITY_10189_DOT_ECHO_OFF.rs,P0,memory,CLI_DOT_COMMAND,24260864,52605021,-116.830781,3
981,00333,SCALAR_CAST_TYPEOF_027,SQLITE_PARITY_333_SCALAR_CAST_TYPEOF_027.rs,P1,memory,GEN_SQL_SCALAR,17288330,37443081,-116.580092,3
982,00941,CONSTRAINT_FK_SAVEPOINT_074,SQLITE_PARITY_941_CONSTRAINT_FK_SAVEPOINT_074.rs,P2,memory,GEN_SQL_CONSTRAINT_TX,10842983,23469558,-116.449274,3
983,10001,NULL_EQ_NULL_IS_NULL,SQLITE_PARITY_10001_NULL_EQ_NULL_IS_NULL.rs,P0,memory,SQL_NULL_SEMANTICS,23010861,49784497,-116.352170,3
984,11424,STRING_HEX_X_01AB,SQLITE_PARITY_11424_STRING_HEX_X_01AB.rs,P0,memory,SQL_STRING,20893477,45201922,-116.344661,3
985,00430,DML_WHERE_ORDER_LIMIT_043,SQLITE_PARITY_430_DML_WHERE_ORDER_LIMIT_043.rs,P1,memory,GEN_SQL_DML,9854163,21308723,-116.240821,3
986,11910,WIN_AVG_ROWS_UNBND_PREC_CURRENT,SQLITE_PARITY_11910_WIN_AVG_ROWS_UNBND_PREC_CURRENT.rs,P0,memory,SQL_WINDOW,23397964,50491725,-115.795379,3
987,11421,STRING_TRIM_,SQLITE_PARITY_11421_STRING_TRIM_.rs,P0,memory,SQL_STRING,5286837,11406629,-115.755262,3
988,10420,LEGACY_ALTER_TABLE_NO_VIEW_REWRITE,SQLITE_PARITY_10420_LEGACY_ALTER_TABLE_NO_VIEW_REWRITE.rs,P0,memory,SQL_ALTER,21841640,47072700,-115.518157,3
989,00374,SCALAR_STRING_037,SQLITE_PARITY_374_SCALAR_STRING_037.rs,P1,memory,GEN_SQL_SCALAR,21450371,46199488,-115.378503,3
990,11532,DATETIME_DATETIME_EPOCH_START_OF_DAY,SQLITE_PARITY_11532_DATETIME_DATETIME_EPOCH_START_OF_DAY.rs,P0,memory,SQL_DATETIME,6086518,13105280,-115.316541,3
991,10154,CLI_FLAG_LINE,SQLITE_PARITY_10154_CLI_FLAG_LINE.rs,P0,memory,CLI_OUTPUT_MODE,7478581,16097248,-115.244683,3
992,00947,CONSTRAINT_FK_SAVEPOINT_080,SQLITE_PARITY_947_CONSTRAINT_FK_SAVEPOINT_080.rs,P2,memory,GEN_SQL_CONSTRAINT_TX,25621397,55130055,-115.171932,3
993,00602,AGG_GROUP_HAVING_095,SQLITE_PARITY_602_AGG_GROUP_HAVING_095.rs,P1,memory,GEN_SQL_AGGREGATE,35364901,75961465,-114.793377,3
994,10241,PRAGMA_FOREIGN_KEYS_ON_THEN_QUERY,SQLITE_PARITY_10241_PRAGMA_FOREIGN_KEYS_ON_THEN_QUERY.rs,P0,memory,SQL_PRAGMA,19413409,41683339,-114.714165,3
995,10349,ON_CONFLICT_DO_UPDATE_PRESERVES_ROWID,SQLITE_PARITY_10349_ON_CONFLICT_DO_UPDATE_PRESERVES_ROWID.rs,P0,memory,SQL_UPSERT,22665878,48596741,-114.404847,3
996,11715,DATETIME_DATE_UNIX_UTC,SQLITE_PARITY_11715_DATETIME_DATE_UNIX_UTC.rs,P0,memory,SQL_DATETIME,11905402,25524945,-114.398010,3
997,11045,MATH_EXP_1_0,SQLITE_PARITY_11045_MATH_EXP_1_0.rs,P1,memory,SQL_MATH,18992302,40710369,-114.351946,3
998,01005,VIEW_TRIGGER_GENERATED_058,SQLITE_PARITY_1005_VIEW_TRIGGER_GENERATED_058.rs,P2,memory,GEN_SQL_VIEW_TRIGGER,8379324,17956043,-114.289876,3
999,11404,STRING_OCTET_LENGTH_ABC,SQLITE_PARITY_11404_STRING_OCTET_LENGTH_ABC.rs,P0,memory,SQL_STRING,19046475,40804017,-114.233957,3
1000,00553,AGG_GROUP_HAVING_046,SQLITE_PARITY_553_AGG_GROUP_HAVING_046.rs,P1,memory,GEN_SQL_AGGREGATE,17065459,36500669,-113.886242,3
1001,10092,STRICT_TEXT_REJECTS_BLOB,SQLITE_PARITY_10092_STRICT_TEXT_REJECTS_BLOB.rs,P0,memory,SQL_STRICT_TABLES,24014580,51309992,-113.661834,3
1002,11224,CAST_REAL_0_AS_NUMERIC,SQLITE_PARITY_11224_CAST_REAL_0_AS_NUMERIC.rs,P0,memory,SQL_CAST,12748186,27228476,-113.587063,3
1003,10352,INSERT_RETURNING_EXPR_ALIAS,SQLITE_PARITY_10352_INSERT_RETURNING_EXPR_ALIAS.rs,P0,memory,SQL_RETURNING,19046796,40642842,-113.384141,3
1004,10056,HAVING_SUM_NULL_FILTERED,SQLITE_PARITY_10056_HAVING_SUM_NULL_FILTERED.rs,P0,memory,SQL_AGGREGATE_NULL,12918157,27500481,-112.882387,3
1005,10362,UPSERT_RETURNING_UPDATE_PATH,SQLITE_PARITY_10362_UPSERT_RETURNING_UPDATE_PATH.rs,P0,memory,SQL_RETURNING,12077698,25710075,-112.872312,3
1006,10211,OPT_MODE_BOX,SQLITE_PARITY_10211_OPT_MODE_BOX.rs,P0,memory,CLI_OPTION,16672146,35465742,-112.724517,3
1007,00671,JOIN_SUBQUERY_EXISTS_064,SQLITE_PARITY_671_JOIN_SUBQUERY_EXISTS_064.rs,P1,memory,GEN_SQL_JOIN_SUBQUERY,25435455,54097523,-112.685494,3
1008,11534,DATETIME_STRFTIME_ISO_EPOCH_START_OF_DAY,SQLITE_PARITY_11534_DATETIME_STRFTIME_ISO_EPOCH_START_OF_DAY.rs,P0,memory,SQL_DATETIME,14043094,29844373,-112.519926,3
1009,11679,DATETIME_STRFTIME_ISO_UNIX_PLUS_1_YEAR,SQLITE_PARITY_11679_DATETIME_STRFTIME_ISO_UNIX_PLUS_1_YEAR.rs,P0,memory,SQL_DATETIME,15153012,32176803,-112.345922,3
1010,00877,CONSTRAINT_FK_SAVEPOINT_010,SQLITE_PARITY_877_CONSTRAINT_FK_SAVEPOINT_010.rs,P2,memory,GEN_SQL_CONSTRAINT_TX,12152078,25777502,-112.124231,3
1011,10487,COMPOUND_THREE_WAY_UNION_ALL,SQLITE_PARITY_10487_COMPOUND_THREE_WAY_UNION_ALL.rs,P0,memory,SQL_COMPOUND,18729476,39706581,-112.000491,3
1012,11065,MATH_RADIANS_90_0,SQLITE_PARITY_11065_MATH_RADIANS_90_0.rs,P1,memory,SQL_MATH,2956731,6357712,-111.923733,3
1013,01010,JSON_EXTRACT_SET_003,SQLITE_PARITY_1010_JSON_EXTRACT_SET_003.rs,P2,memory,GEN_SQL_JSON,19146685,40551799,-111.795405,3
1014,10383,DETACH_NONEXISTENT_ERROR,SQLITE_PARITY_10383_DETACH_NONEXISTENT_ERROR.rs,P0,memory,SQL_ATTACH,20608379,43618027,-111.651906,3
1015,11967,WIN_LAST_VALUE_EXCL_GROUP,SQLITE_PARITY_11967_WIN_LAST_VALUE_EXCL_GROUP.rs,P0,memory,SQL_WINDOW,6722311,14221943,-111.563300,3
1016,00640,JOIN_SUBQUERY_EXISTS_033,SQLITE_PARITY_640_JOIN_SUBQUERY_EXISTS_033.rs,P1,memory,GEN_SQL_JOIN_SUBQUERY,16953527,35865408,-111.551307,3
1017,11958,WIN_FIRST_VALUE_EXCL_TIES,SQLITE_PARITY_11958_WIN_FIRST_VALUE_EXCL_TIES.rs,P0,memory,SQL_WINDOW,5154166,10896715,-111.415678,3
1018,00991,VIEW_TRIGGER_GENERATED_044,SQLITE_PARITY_991_VIEW_TRIGGER_GENERATED_044.rs,P2,memory,GEN_SQL_VIEW_TRIGGER,22750479,48068171,-111.284215,3
1019,11506,DATETIME_TIME_EPOCH_MINUS_1_MONTH,SQLITE_PARITY_11506_DATETIME_TIME_EPOCH_MINUS_1_MONTH.rs,P0,memory,SQL_DATETIME,25124759,52890931,-110.513187,3
1020,00778,CTE_RECURSIVE_MATRIX_071,SQLITE_PARITY_778_CTE_RECURSIVE_MATRIX_071.rs,P1,memory,GEN_SQL_CTE,17020774,35809442,-110.386684,3
1021,11024,MATH_CEIL_1_4,SQLITE_PARITY_11024_MATH_CEIL_1_4.rs,P1,memory,SQL_MATH,21709230,45626385,-110.170444,3
1022,00672,JOIN_SUBQUERY_EXISTS_065,SQLITE_PARITY_672_JOIN_SUBQUERY_EXISTS_065.rs,P1,memory,GEN_SQL_JOIN_SUBQUERY,24092406,50632380,-110.159085,3
1023,00919,CONSTRAINT_FK_SAVEPOINT_052,SQLITE_PARITY_919_CONSTRAINT_FK_SAVEPOINT_052.rs,P2,memory,GEN_SQL_CONSTRAINT_TX,27820636,58415998,-109.973625,3
1024,11864,JSON_DARROW_MISSING,SQLITE_PARITY_11864_JSON_DARROW_MISSING.rs,P0,memory,SQL_JSON,13269792,27820295,-109.651327,3
1025,10572,ALTER_TABLE_ON_VIEW,SQLITE_PARITY_10572_ALTER_TABLE_ON_VIEW.rs,P0,memory,SQL_ERROR_MESSAGES,21199647,44436315,-109.608750,3
1026,12020,PRAGMA_AUTOMATIC_INDEX,SQLITE_PARITY_12020_PRAGMA_AUTOMATIC_INDEX.rs,P1,memory,SQL_PRAGMA,11396109,23864246,-109.406965,3
1027,00706,JOIN_SUBQUERY_EXISTS_099,SQLITE_PARITY_706_JOIN_SUBQUERY_EXISTS_099.rs,P1,memory,GEN_SQL_JOIN_SUBQUERY,21471080,44959073,-109.393626,3
1028,00346,SCALAR_STRING_030,SQLITE_PARITY_346_SCALAR_STRING_030.rs,P1,memory,GEN_SQL_SCALAR,16636588,34808860,-109.230763,3
1029,11651,DATETIME_TIME_DATE_2024_START_OF_YEAR,SQLITE_PARITY_11651_DATETIME_TIME_DATE_2024_START_OF_YEAR.rs,P0,memory,SQL_DATETIME,21831872,45630884,-109.010405,3
1030,11952,WIN_FIRST_VALUE_ROWS_1_PREC_1_FOLL,SQLITE_PARITY_11952_WIN_FIRST_VALUE_ROWS_1_PREC_1_FOLL.rs,P0,memory,SQL_WINDOW,10404654,21720792,-108.760349,3
1031,00685,JOIN_SUBQUERY_EXISTS_078,SQLITE_PARITY_685_JOIN_SUBQUERY_EXISTS_078.rs,P1,memory,GEN_SQL_JOIN_SUBQUERY,20669543,43120206,-108.617123,3
1032,00600,AGG_GROUP_HAVING_093,SQLITE_PARITY_600_AGG_GROUP_HAVING_093.rs,P1,memory,GEN_SQL_AGGREGATE,27852436,58062440,-108.464495,3
1033,11707,DATETIME_DATETIME_UNIX_START_OF_YEAR,SQLITE_PARITY_11707_DATETIME_DATETIME_UNIX_START_OF_YEAR.rs,P0,memory,SQL_DATETIME,3157882,6576145,-108.245432,3
1034,00622,JOIN_SUBQUERY_EXISTS_015,SQLITE_PARITY_622_JOIN_SUBQUERY_EXISTS_015.rs,P1,memory,GEN_SQL_JOIN_SUBQUERY,18854201,39262321,-108.241765,3
1035,10316,PRAGMA_RECURSIVE_TRIGGERS_DEFAULT,SQLITE_PARITY_10316_PRAGMA_RECURSIVE_TRIGGERS_DEFAULT.rs,P0,memory,SQL_TRANSACTION,19358495,40306476,-108.210793,3
1036,00520,AGG_GROUP_HAVING_013,SQLITE_PARITY_520_AGG_GROUP_HAVING_013.rs,P1,memory,GEN_SQL_AGGREGATE,9510713,19799409,-108.180070,3
1037,10377,MAIN_VS_AUX_SQLITE_MASTER,SQLITE_PARITY_10377_MAIN_VS_AUX_SQLITE_MASTER.rs,P0,memory,SQL_ATTACH,25493255,53067194,-108.161704,3
1038,10208,OPT_VERSION,SQLITE_PARITY_10208_OPT_VERSION.rs,P0,memory,CLI_OPTION,10727254,22319975,-108.067927,3
1039,00915,CONSTRAINT_FK_SAVEPOINT_048,SQLITE_PARITY_915_CONSTRAINT_FK_SAVEPOINT_048.rs,P2,memory,GEN_SQL_CONSTRAINT_TX,21860015,45471121,-108.010475,3
1040,11536,DATETIME_TIME_EPOCH_START_OF_MONTH,SQLITE_PARITY_11536_DATETIME_TIME_EPOCH_START_OF_MONTH.rs,P0,memory,SQL_DATETIME,20801945,43265992,-107.990128,3
1041,00629,JOIN_SUBQUERY_EXISTS_022,SQLITE_PARITY_629_JOIN_SUBQUERY_EXISTS_022.rs,P1,memory,GEN_SQL_JOIN_SUBQUERY,21786697,45302131,-107.934828,3
1042,11529,DATETIME_STRFTIME_ISO_EPOCH_PLUS_10_SECONDS,SQLITE_PARITY_11529_DATETIME_STRFTIME_ISO_EPOCH_PLUS_10_SECONDS.rs,P0,memory,SQL_DATETIME,7410893,15407023,-107.896984,3
1043,11036,MATH_COSH_0_0,SQLITE_PARITY_11036_MATH_COSH_0_0.rs,P1,memory,SQL_MATH,8707124,18100105,-107.876964,3
1044,00361,SCALAR_CAST_TYPEOF_034,SQLITE_PARITY_361_SCALAR_CAST_TYPEOF_034.rs,P1,memory,GEN_SQL_SCALAR,19294604,40085427,-107.754598,3
1045,00813,WINDOW_PARTITION_SUM_026,SQLITE_PARITY_813_WINDOW_PARTITION_SUM_026.rs,P2,memory,GEN_SQL_WINDOW,4069906,8442915,-107.447420,3
1046,10442,REC_COLLATZ_LIKE,SQLITE_PARITY_10442_REC_COLLATZ_LIKE.rs,P0,memory,SQL_RECURSIVE_CTE,22231187,46110170,-107.412092,3
1047,11322,AFFINITY_REAL_BLOB_HEX,SQLITE_PARITY_11322_AFFINITY_REAL_BLOB_HEX.rs,P0,memory,SQL_TYPE_AFFINITY,21938494,45499495,-107.395708,3
1048,11108,MATH_MOD_7_3,SQLITE_PARITY_11108_MATH_MOD_7_3.rs,P1,memory,SQL_MATH,6898925,14295311,-107.210703,3
1049,00893,CONSTRAINT_FK_SAVEPOINT_026,SQLITE_PARITY_893_CONSTRAINT_FK_SAVEPOINT_026.rs,P2,memory,GEN_SQL_CONSTRAINT_TX,16439204,34025137,-106.975575,3
1050,00784,CTE_RECURSIVE_MATRIX_077,SQLITE_PARITY_784_CTE_RECURSIVE_MATRIX_077.rs,P1,memory,GEN_SQL_CTE,13553919,28043076,-106.900130,3
1051,10162,DOT_MODE_JSON_AFTER_LIST,SQLITE_PARITY_10162_DOT_MODE_JSON_AFTER_LIST.rs,P0,memory,CLI_DOT_COMMAND,27470514,56782329,-106.702827,3
1052,11446,STRING_PRINTF_05D_7,SQLITE_PARITY_11446_STRING_PRINTF_05D_7.rs,P0,memory,SQL_STRING,10240724,21155393,-106.581029,3
1053,10531,FILTER_VS_CASE_WHEN_EQUIVALENCE,SQLITE_PARITY_10531_FILTER_VS_CASE_WHEN_EQUIVALENCE.rs,P0,memory,SQL_AGGREGATE_ADV,21799000,44992897,-106.398904,3
1054,01119,INDEX_SCHEMA_PRAGMA_052,SQLITE_PARITY_1119_INDEX_SCHEMA_PRAGMA_052.rs,P2,memory,GEN_SQL_INDEX_PRAGMA,8776425,18108651,-106.332886,3
1055,01033,JSON_EXTRACT_SET_026,SQLITE_PARITY_1033_JSON_EXTRACT_SET_026.rs,P2,memory,GEN_SQL_JSON,27241100,56184669,-106.249634,3
1056,11531,DATETIME_TIME_EPOCH_START_OF_DAY,SQLITE_PARITY_11531_DATETIME_TIME_EPOCH_START_OF_DAY.rs,P0,memory,SQL_DATETIME,10797697,22265953,-106.210204,3
1057,10104,STRICT_INTEGER_PK_ALIAS,SQLITE_PARITY_10104_STRICT_INTEGER_PK_ALIAS.rs,P0,memory,SQL_STRICT_TABLES,11186583,23047641,-106.029321,3
1058,11513,DATETIME_JULIANDAY_EPOCH_PLUS_1_YEAR,SQLITE_PARITY_11513_DATETIME_JULIANDAY_EPOCH_PLUS_1_YEAR.rs,P0,memory,SQL_DATETIME,10423350,21463926,-105.921570,3
1059,00650,JOIN_SUBQUERY_EXISTS_043,SQLITE_PARITY_650_JOIN_SUBQUERY_EXISTS_043.rs,P1,memory,GEN_SQL_JOIN_SUBQUERY,20530240,42269838,-105.890618,3
1060,11357,AFFINITY_NUMERIC_INT_BIG,SQLITE_PARITY_11357_AFFINITY_NUMERIC_INT_BIG.rs,P0,memory,SQL_TYPE_AFFINITY,17075498,35117444,-105.659852,3
1061,12018,PRAGMA_HARD_HEAP_LIMIT,SQLITE_PARITY_12018_PRAGMA_HARD_HEAP_LIMIT.rs,P1,memory,SQL_PRAGMA,12694244,26104972,-105.644164,3
1062,00501,DML_WHERE_ORDER_LIMIT_114,SQLITE_PARITY_501_DML_WHERE_ORDER_LIMIT_114.rs,P1,memory,GEN_SQL_DML,16017587,32919327,-105.519889,3
1063,00390,DML_WHERE_ORDER_LIMIT_003,SQLITE_PARITY_390_DML_WHERE_ORDER_LIMIT_003.rs,P1,memory,GEN_SQL_DML,27329046,56144744,-105.439824,3
1064,10129,MODE_LINE_BASIC,SQLITE_PARITY_10129_MODE_LINE_BASIC.rs,P0,memory,CLI_OUTPUT_MODE,14281445,29316875,-105.279473,3
1065,11526,DATETIME_TIME_EPOCH_PLUS_10_SECONDS,SQLITE_PARITY_11526_DATETIME_TIME_EPOCH_PLUS_10_SECONDS.rs,P0,memory,SQL_DATETIME,21243069,43534409,-104.934650,3
1066,10171,DOT_NULLVALUE_EMPTY,SQLITE_PARITY_10171_DOT_NULLVALUE_EMPTY.rs,P0,memory,CLI_DOT_COMMAND,24176385,49523514,-104.842511,3
1067,00678,JOIN_SUBQUERY_EXISTS_071,SQLITE_PARITY_678_JOIN_SUBQUERY_EXISTS_071.rs,P1,memory,GEN_SQL_JOIN_SUBQUERY,24866250,50929893,-104.815334,3
1068,11606,DATETIME_TIME_Y2K_UTC,SQLITE_PARITY_11606_DATETIME_TIME_Y2K_UTC.rs,P0,memory,SQL_DATETIME,16409018,33573344,-104.603005,3
1069,12027,PRAGMA_SET_MMAP_SIZE_0,SQLITE_PARITY_12027_PRAGMA_SET_MMAP_SIZE_0.rs,P1,memory,SQL_PRAGMA,11903448,24352137,-104.580530,3
1070,11803,JSON_JSON_EXTRACT_A_B_0,SQLITE_PARITY_11803_JSON_JSON_EXTRACT_A_B_0.rs,P0,memory,SQL_JSON,14518453,29690953,-104.504936,3
1071,00995,VIEW_TRIGGER_GENERATED_048,SQLITE_PARITY_995_VIEW_TRIGGER_GENERATED_048.rs,P2,memory,GEN_SQL_VIEW_TRIGGER,3517471,7192780,-104.487258,3
1072,00539,AGG_GROUP_HAVING_032,SQLITE_PARITY_539_AGG_GROUP_HAVING_032.rs,P1,memory,GEN_SQL_AGGREGATE,23885775,48732578,-104.023432,3
1073,11956,WIN_FIRST_VALUE_EXCL_CURRENT_ROW,SQLITE_PARITY_11956_WIN_FIRST_VALUE_EXCL_CURRENT_ROW.rs,P0,memory,SQL_WINDOW,7264847,14820815,-104.007256,3
1074,11107,MATH_MOD_10_5_3_0,SQLITE_PARITY_11107_MATH_MOD_10_5_3_0.rs,P1,memory,SQL_MATH,19155191,39065960,-103.944508,3
1075,10282,FK_UPDATE_RESTRICT_REJECTED,SQLITE_PARITY_10282_FK_UPDATE_RESTRICT_REJECTED.rs,P0,memory,SQL_FOREIGN_KEYS,14344063,29233879,-103.804731,3
1076,01061,JSON_EXTRACT_SET_054,SQLITE_PARITY_1061_JSON_EXTRACT_SET_054.rs,P2,memory,GEN_SQL_JSON,23943995,48793794,-103.783011,3
1077,10055,GROUP_BY_NULL_KEY_COLLAPSES,SQLITE_PARITY_10055_GROUP_BY_NULL_KEY_COLLAPSES.rs,P0,memory,SQL_AGGREGATE_NULL,15635465,31858020,-103.754861,3
1078,10404,PRAGMA_COLLATION_LIST,SQLITE_PARITY_10404_PRAGMA_COLLATION_LIST.rs,P0,memory,SQL_SCHEMA_INTROSPECTION,16263592,33127020,-103.688214,3
1079,00518,AGG_GROUP_HAVING_011,SQLITE_PARITY_518_AGG_GROUP_HAVING_011.rs,P1,memory,GEN_SQL_AGGREGATE,18924484,38513485,-103.511414,3
1080,00789,WINDOW_PARTITION_SUM_002,SQLITE_PARITY_789_WINDOW_PARTITION_SUM_002.rs,P2,memory,GEN_SQL_WINDOW,24026822,48885287,-103.461311,3
1081,12010,PRAGMA_TEMP_STORE,SQLITE_PARITY_12010_PRAGMA_TEMP_STORE.rs,P1,memory,SQL_PRAGMA,12172187,24760389,-103.417751,3
1082,00949,VIEW_TRIGGER_GENERATED_002,SQLITE_PARITY_949_VIEW_TRIGGER_GENERATED_002.rs,P2,memory,GEN_SQL_VIEW_TRIGGER,20444558,41567891,-103.320077,3
1083,11017,MATH_ATAN_0_0,SQLITE_PARITY_11017_MATH_ATAN_0_0.rs,P1,memory,SQL_MATH,19042698,38705298,-103.255327,3
1084,10608,GLOB_CASE_SENSITIVE_ALWAYS,SQLITE_PARITY_10608_GLOB_CASE_SENSITIVE_ALWAYS.rs,P0,memory,SQL_PATTERN,21318622,43326336,-103.232348,3
1085,11062,MATH_LOG2_8_0,SQLITE_PARITY_11062_MATH_LOG2_8_0.rs,P1,memory,SQL_MATH,11640331,23617218,-102.891292,3
1086,11941,WIN_MAX_ROWS_CURRENT_UNBND_FOLL,SQLITE_PARITY_11941_WIN_MAX_ROWS_CURRENT_UNBND_FOLL.rs,P0,memory,SQL_WINDOW,11019477,22350222,-102.824708,3
1087,01084,INDEX_SCHEMA_PRAGMA_017,SQLITE_PARITY_1084_INDEX_SCHEMA_PRAGMA_017.rs,P2,memory,GEN_SQL_INDEX_PRAGMA,14270384,28942407,-102.814493,3
1088,10455,JOIN_SUBQUERY_AS_TABLE_SOURCE,SQLITE_PARITY_10455_JOIN_SUBQUERY_AS_TABLE_SOURCE.rs,P0,memory,SQL_JOIN,21673593,43906102,-102.578788,3
1089,11302,AFFINITY_INTEGER_REAL_HALF,SQLITE_PARITY_11302_AFFINITY_INTEGER_REAL_HALF.rs,P0,memory,SQL_TYPE_AFFINITY,17042385,34516587,-102.533783,3
1090,10068,AUTOINCREMENT_NULL_PK_AUTOFILL,SQLITE_PARITY_10068_AUTOINCREMENT_NULL_PK_AUTOFILL.rs,P0,memory,SQL_AUTOINCREMENT,40745135,82492835,-102.460576,3
1091,10275,FK_UPDATE_VIOLATION_REJECTED,SQLITE_PARITY_10275_FK_UPDATE_VIOLATION_REJECTED.rs,P0,memory,SQL_FOREIGN_KEYS,20385217,41248076,-102.343080,3
1092,00616,JOIN_SUBQUERY_EXISTS_009,SQLITE_PARITY_616_JOIN_SUBQUERY_EXISTS_009.rs,P1,memory,GEN_SQL_JOIN_SUBQUERY,15022626,30373744,-102.186648,3
1093,11431,STRING_UNICODE_,SQLITE_PARITY_11431_STRING_UNICODE_.rs,P0,memory,SQL_STRING,13449271,27191877,-102.181048,3
1094,10002,NULL_NEQ_NULL_IS_NULL,SQLITE_PARITY_10002_NULL_NEQ_NULL_IS_NULL.rs,P0,memory,SQL_NULL_SEMANTICS,6425070,12979473,-102.012943,3
1095,10339,MULTIPLE_ON_CONFLICT_PK_BRANCH,SQLITE_PARITY_10339_MULTIPLE_ON_CONFLICT_PK_BRANCH.rs,P0,memory,SQL_UPSERT,11350212,22926702,-101.993602,3
1096,10063,INTPK_NULL_PK_AFTER_DELETE_ALL,SQLITE_PARITY_10063_INTPK_NULL_PK_AFTER_DELETE_ALL.rs,P0,memory,SQL_AUTOINCREMENT,15795759,31900400,-101.955474,3
1097,10563,SYNTAX_ERROR_BAD_KEYWORD,SQLITE_PARITY_10563_SYNTAX_ERROR_BAD_KEYWORD.rs,P0,memory,SQL_ERROR_MESSAGES,18837389,37982380,-101.632933,3
1098,00825,WINDOW_PARTITION_SUM_038,SQLITE_PARITY_825_WINDOW_PARTITION_SUM_038.rs,P2,memory,GEN_SQL_WINDOW,16202577,32635991,-101.424693,3
1099,00972,VIEW_TRIGGER_GENERATED_025,SQLITE_PARITY_972_VIEW_TRIGGER_GENERATED_025.rs,P2,memory,GEN_SQL_VIEW_TRIGGER,22163519,44639519,-101.409889,3
1100,11558,DATETIME_JULIANDAY_Y2K_PLUS_5_DAYS,SQLITE_PARITY_11558_DATETIME_JULIANDAY_Y2K_PLUS_5_DAYS.rs,P0,memory,SQL_DATETIME,23757533,47846714,-101.395970,3
1101,11731,DATETIME_TIME_DATE_2024_BASE,SQLITE_PARITY_11731_DATETIME_TIME_DATE_2024_BASE.rs,P0,memory,SQL_DATETIME,3820744,7689230,-101.249547,3
1102,10111,MODE_LIST_SEP_TAB,SQLITE_PARITY_10111_MODE_LIST_SEP_TAB.rs,P0,memory,CLI_OUTPUT_MODE,18993605,38176949,-100.998963,3
1103,00922,CONSTRAINT_FK_SAVEPOINT_055,SQLITE_PARITY_922_CONSTRAINT_FK_SAVEPOINT_055.rs,P2,memory,GEN_SQL_CONSTRAINT_TX,26533583,53303752,-100.891647,3
1104,00535,AGG_GROUP_HAVING_028,SQLITE_PARITY_535_AGG_GROUP_HAVING_028.rs,P1,memory,GEN_SQL_AGGREGATE,15440185,31008123,-100.827406,3
1105,11644,DATETIME_STRFTIME_ISO_DATE_2024_START_OF_DAY,SQLITE_PARITY_11644_DATETIME_STRFTIME_ISO_DATE_2024_START_OF_DAY.rs,P0,memory,SQL_DATETIME,20434800,41038620,-100.827118,3
1106,10173,DOT_SCHEMA_NO_ARG,SQLITE_PARITY_10173_DOT_SCHEMA_NO_ARG.rs,P0,memory,CLI_DOT_COMMAND,10404013,20889610,-100.784159,3
1107,11969,WIN_LAST_VALUE_EXCL_NO_OTHERS,SQLITE_PARITY_11969_WIN_LAST_VALUE_EXCL_NO_OTHERS.rs,P0,memory,SQL_WINDOW,9241755,18518857,-100.382471,3
1108,00697,JOIN_SUBQUERY_EXISTS_090,SQLITE_PARITY_697_JOIN_SUBQUERY_EXISTS_090.rs,P1,memory,GEN_SQL_JOIN_SUBQUERY,19939423,39819956,-99.704655,3
1109,11602,DATETIME_DATETIME_Y2K_WEEKDAY_0,SQLITE_PARITY_11602_DATETIME_DATETIME_Y2K_WEEKDAY_0.rs,P0,memory,SQL_DATETIME,17166480,34258940,-99.568811,3
1110,01049,JSON_EXTRACT_SET_042,SQLITE_PARITY_1049_JSON_EXTRACT_SET_042.rs,P2,memory,GEN_SQL_JSON,19163456,38239237,-99.542489,3
1111,11571,DATETIME_TIME_Y2K_PLUS_3_HOURS,SQLITE_PARITY_11571_DATETIME_TIME_Y2K_PLUS_3_HOURS.rs,P0,memory,SQL_DATETIME,21462874,42824607,-99.528763,3
1112,00809,WINDOW_PARTITION_SUM_022,SQLITE_PARITY_809_WINDOW_PARTITION_SUM_022.rs,P2,memory,GEN_SQL_WINDOW,2236128,5982422,-99.414067,3
1113,11936,WIN_MIN_EXCL_CURRENT_ROW,SQLITE_PARITY_11936_WIN_MIN_EXCL_CURRENT_ROW.rs,P0,memory,SQL_WINDOW,9319021,18561268,-99.176158,3
1114,11508,DATETIME_JULIANDAY_EPOCH_MINUS_1_MONTH,SQLITE_PARITY_11508_DATETIME_JULIANDAY_EPOCH_MINUS_1_MONTH.rs,P0,memory,SQL_DATETIME,20843994,41514250,-99.166484,3
1115,10142,MODE_BOX_BASIC,SQLITE_PARITY_10142_MODE_BOX_BASIC.rs,P0,memory,CLI_OUTPUT_MODE,9213221,18348314,-99.152001,3
1116,11236,CAST_TEXT_BARE_AS_REAL,SQLITE_PARITY_11236_CAST_TEXT_BARE_AS_REAL.rs,P0,memory,SQL_CAST,12889032,25661443,-99.095192,3
1117,00281,SCALAR_CAST_TYPEOF_014,SQLITE_PARITY_281_SCALAR_CAST_TYPEOF_014.rs,P1,memory,GEN_SQL_SCALAR,10948763,21775034,-98.881225,3
1118,00894,CONSTRAINT_FK_SAVEPOINT_027,SQLITE_PARITY_894_CONSTRAINT_FK_SAVEPOINT_027.rs,P2,memory,GEN_SQL_CONSTRAINT_TX,25461515,50622601,-98.820066,3
1119,01039,JSON_EXTRACT_SET_032,SQLITE_PARITY_1039_JSON_EXTRACT_SET_032.rs,P2,memory,GEN_SQL_JSON,27916698,55371211,-98.344414,3
1120,00320,SCALAR_ARITH_024,SQLITE_PARITY_320_SCALAR_ARITH_024.rs,P1,memory,GEN_SQL_SCALAR,13414465,26578898,-98.136102,3
1121,12009,PRAGMA_AUTO_VACUUM,SQLITE_PARITY_12009_PRAGMA_AUTO_VACUUM.rs,P1,memory,SQL_PRAGMA,10187774,20172755,-98.009447,3
1122,00827,WINDOW_PARTITION_SUM_040,SQLITE_PARITY_827_WINDOW_PARTITION_SUM_040.rs,P2,memory,GEN_SQL_WINDOW,14370323,28450416,-97.980352,3
1123,10313,COMMIT_AFTER_ONLY_SELECTS,SQLITE_PARITY_10313_COMMIT_AFTER_ONLY_SELECTS.rs,P0,memory,SQL_TRANSACTION,17588468,34813249,-97.932242,3
1124,00611,JOIN_SUBQUERY_EXISTS_004,SQLITE_PARITY_611_JOIN_SUBQUERY_EXISTS_004.rs,P1,memory,GEN_SQL_JOIN_SUBQUERY,25976629,51375866,-97.777264,3
1125,10486,COMPOUND_ORDER_BY_ORDINAL,SQLITE_PARITY_10486_COMPOUND_ORDER_BY_ORDINAL.rs,P0,memory,SQL_COMPOUND,21470168,42444388,-97.690060,3
1126,11026,MATH_CEIL_1_4,SQLITE_PARITY_11026_MATH_CEIL_1_4.rs,P1,memory,SQL_MATH,19973578,39466648,-97.594282,3
1127,11905,WIN_SUM_GROUPS_1_PREC_CURRENT,SQLITE_PARITY_11905_WIN_SUM_GROUPS_1_PREC_CURRENT.rs,P0,memory,SQL_WINDOW,23470761,46351626,-97.486677,3
1128,10346,ON_CONFLICT_DO_UPDATE_NO_OP_VALUES,SQLITE_PARITY_10346_ON_CONFLICT_DO_UPDATE_NO_OP_VALUES.rs,P0,memory,SQL_UPSERT,21200578,41831549,-97.313248,3
1129,11099,MATH_LOG_2_0_1_0,SQLITE_PARITY_11099_MATH_LOG_2_0_1_0.rs,P1,memory,SQL_MATH,19810249,39067683,-97.209450,3
1130,10489,COMPOUND_INTERSECT_THEN_UNION,SQLITE_PARITY_10489_COMPOUND_INTERSECT_THEN_UNION.rs,P0,memory,SQL_COMPOUND,19754063,38875900,-96.799514,3
1131,00830,WINDOW_PARTITION_SUM_043,SQLITE_PARITY_830_WINDOW_PARTITION_SUM_043.rs,P2,memory,GEN_SQL_WINDOW,15310881,30109604,-96.654941,3
1132,10179,DOT_DATABASES_MAIN,SQLITE_PARITY_10179_DOT_DATABASES_MAIN.rs,P0,memory,CLI_DOT_COMMAND,19881403,39093351,-96.632758,3
1133,10219,OPT_MODE_QUOTE,SQLITE_PARITY_10219_OPT_MODE_QUOTE.rs,P0,memory,CLI_OPTION,19016759,37361397,-96.465639,3
1134,11592,DATETIME_DATETIME_Y2K_START_OF_MONTH,SQLITE_PARITY_11592_DATETIME_DATETIME_Y2K_START_OF_MONTH.rs,P0,memory,SQL_DATETIME,13004661,25548589,-96.457170,3
1135,01008,JSON_EXTRACT_SET_001,SQLITE_PARITY_1008_JSON_EXTRACT_SET_001.rs,P2,memory,GEN_SQL_JSON,21485296,42183234,-96.335363,3
1136,00838,WINDOW_PARTITION_SUM_051,SQLITE_PARITY_838_WINDOW_PARTITION_SUM_051.rs,P2,memory,GEN_SQL_WINDOW,22447446,44064672,-96.301495,3
1137,11212,CAST_INT_NEG_3_AS_TEXT,SQLITE_PARITY_11212_CAST_INT_NEG_3_AS_TEXT.rs,P0,memory,SQL_CAST,2737767,5887993,-96.266433,3
1138,11972,WIN_DENSE_RANK_PARTITION,SQLITE_PARITY_11972_WIN_DENSE_RANK_PARTITION.rs,P0,memory,SQL_WINDOW,9540711,18721921,-96.231927,3
1139,00487,DML_WHERE_ORDER_LIMIT_100,SQLITE_PARITY_487_DML_WHERE_ORDER_LIMIT_100.rs,P1,memory,GEN_SQL_DML,22582802,44257385,-95.978271,3
1140,11912,WIN_AVG_ROWS_1_PREC_1_FOLL,SQLITE_PARITY_11912_WIN_AVG_ROWS_1_PREC_1_FOLL.rs,P0,memory,SQL_WINDOW,15147924,29674692,-95.899398,3
1141,10298,BEGIN_EXCLUSIVE_BASIC,SQLITE_PARITY_10298_BEGIN_EXCLUSIVE_BASIC.rs,P0,memory,SQL_TRANSACTION,26509787,51918653,-95.847115,3
1142,11929,WIN_COUNT_EXCL_NO_OTHERS,SQLITE_PARITY_11929_WIN_COUNT_EXCL_NO_OTHERS.rs,P0,memory,SQL_WINDOW,19164238,37461576,-95.476470,3
1143,11832,JSON_JSON_ARRAY_LENGTH_D_3,SQLITE_PARITY_11832_JSON_JSON_ARRAY_LENGTH_D_3.rs,P0,memory,SQL_JSON,14037684,27439455,-95.469958,3
1144,00398,DML_WHERE_ORDER_LIMIT_011,SQLITE_PARITY_398_DML_WHERE_ORDER_LIMIT_011.rs,P1,memory,GEN_SQL_DML,13797740,26952594,-95.340643,3
1145,10123,MODE_CSV_BASIC,SQLITE_PARITY_10123_MODE_CSV_BASIC.rs,P0,memory,CLI_OUTPUT_MODE,22956609,44823116,-95.251468,3
1146,10201,OPT_HEADER_LIST,SQLITE_PARITY_10201_OPT_HEADER_LIST.rs,P0,memory,CLI_OPTION,15854099,30953480,-95.239603,3
1147,10100,STRICT_NOT_NULL_REJECTS_NULL,SQLITE_PARITY_10100_STRICT_NOT_NULL_REJECTS_NULL.rs,P0,memory,SQL_STRICT_TABLES,24114187,47066298,-95.180945,3
1148,01126,INDEX_SCHEMA_PRAGMA_059,SQLITE_PARITY_1126_INDEX_SCHEMA_PRAGMA_059.rs,P2,memory,GEN_SQL_INDEX_PRAGMA,17112798,33400036,-95.175774,3
1149,00772,CTE_RECURSIVE_MATRIX_065,SQLITE_PARITY_772_CTE_RECURSIVE_MATRIX_065.rs,P1,memory,GEN_SQL_CTE,15733230,30696003,-95.102995,3
1150,10289,PRAGMA_FOREIGN_KEY_LIST_BASIC,SQLITE_PARITY_10289_PRAGMA_FOREIGN_KEY_LIST_BASIC.rs,P0,memory,SQL_FOREIGN_KEYS,14848387,28928430,-94.825404,3
1151,00615,JOIN_SUBQUERY_EXISTS_008,SQLITE_PARITY_615_JOIN_SUBQUERY_EXISTS_008.rs,P1,memory,GEN_SQL_JOIN_SUBQUERY,13262198,25766372,-94.284326,3
1152,00348,SCALAR_ARITH_031,SQLITE_PARITY_348_SCALAR_ARITH_031.rs,P1,memory,GEN_SQL_SCALAR,20798147,40363202,-94.071145,3
1153,11723,DATETIME_JULIANDAY_EPOCH_BASE,SQLITE_PARITY_11723_DATETIME_JULIANDAY_EPOCH_BASE.rs,P0,memory,SQL_DATETIME,15617912,30301798,-94.019521,3
1154,11095,MATH_ATAN2_1_0_1_0,SQLITE_PARITY_11095_MATH_ATAN2_1_0_1_0.rs,P1,memory,SQL_MATH,20886895,40524488,-94.018728,3
1155,00769,CTE_RECURSIVE_MATRIX_062,SQLITE_PARITY_769_CTE_RECURSIVE_MATRIX_062.rs,P1,memory,GEN_SQL_CTE,2974915,5813743,-93.791433,3
1156,00472,DML_WHERE_ORDER_LIMIT_085,SQLITE_PARITY_472_DML_WHERE_ORDER_LIMIT_085.rs,P1,memory,GEN_SQL_DML,25102416,48608353,-93.640138,3
1157,10508,SUBQUERY_IN_DELETE_WHERE,SQLITE_PARITY_10508_SUBQUERY_IN_DELETE_WHERE.rs,P0,memory,SQL_SUBQUERY,25563699,49392416,-93.213103,3
1158,00557,AGG_GROUP_HAVING_050,SQLITE_PARITY_557_AGG_GROUP_HAVING_050.rs,P1,memory,GEN_SQL_AGGREGATE,23292885,45004378,-93.210837,3
1159,11583,DATETIME_JULIANDAY_Y2K_PLUS_10_SECONDS,SQLITE_PARITY_11583_DATETIME_JULIANDAY_Y2K_PLUS_10_SECONDS.rs,P0,memory,SQL_DATETIME,19121437,36908230,-93.020169,3
1160,11221,CAST_REAL_0_AS_REAL,SQLITE_PARITY_11221_CAST_REAL_0_AS_REAL.rs,P0,memory,SQL_CAST,10169520,19609119,-92.822464,3
1161,00436,DML_WHERE_ORDER_LIMIT_049,SQLITE_PARITY_436_DML_WHERE_ORDER_LIMIT_049.rs,P1,memory,GEN_SQL_DML,14929590,28760733,-92.642484,3
1162,00395,DML_WHERE_ORDER_LIMIT_008,SQLITE_PARITY_395_DML_WHERE_ORDER_LIMIT_008.rs,P1,memory,GEN_SQL_DML,28515529,54917603,-92.588407,3
1163,00375,SCALAR_NULL_COALESCE_037,SQLITE_PARITY_375_SCALAR_NULL_COALESCE_037.rs,P1,memory,GEN_SQL_SCALAR,23139975,44564637,-92.587231,3
1164,10466,JOIN_NATURAL_LEFT,SQLITE_PARITY_10466_JOIN_NATURAL_LEFT.rs,P0,memory,SQL_JOIN,23128364,44541844,-92.585364,3
1165,10078,AUTOINCREMENT_COMPOSITE_PK_REJECTED,SQLITE_PARITY_10078_AUTOINCREMENT_COMPOSITE_PK_REJECTED.rs,P0,memory,SQL_AUTOINCREMENT,16692413,32122841,-92.439769,3
1166,11412,STRING_UPPER_,SQLITE_PARITY_11412_STRING_UPPER_.rs,P0,memory,SQL_STRING,21600845,41567320,-92.433768,3
1167,11566,DATETIME_TIME_Y2K_PLUS_1_YEAR,SQLITE_PARITY_11566_DATETIME_TIME_Y2K_PLUS_1_YEAR.rs,P0,memory,SQL_DATETIME,13784505,26517633,-92.372762,3
1168,11450,STRING_GLOB_A_ABC,SQLITE_PARITY_11450_STRING_GLOB_A_ABC.rs,P0,memory,SQL_STRING,16619887,31781866,-91.227931,3
1169,00513,AGG_GROUP_HAVING_006,SQLITE_PARITY_513_AGG_GROUP_HAVING_006.rs,P1,memory,GEN_SQL_AGGREGATE,10391459,19865944,-91.175695,3
1170,10567,COMMIT_NO_TRANSACTION,SQLITE_PARITY_10567_COMMIT_NO_TRANSACTION.rs,P0,memory,SQL_ERROR_MESSAGES,21610493,41290857,-91.068556,3
1171,11227,CAST_TEXT_42_AS_TEXT,SQLITE_PARITY_11227_CAST_TEXT_42_AS_TEXT.rs,P0,memory,SQL_CAST,9917323,18920556,-90.782896,3
1172,11594,DATETIME_STRFTIME_ISO_Y2K_START_OF_MONTH,SQLITE_PARITY_11594_DATETIME_STRFTIME_ISO_Y2K_START_OF_MONTH.rs,P0,memory,SQL_DATETIME,19395244,36953084,-90.526523,3
1173,00415,DML_WHERE_ORDER_LIMIT_028,SQLITE_PARITY_415_DML_WHERE_ORDER_LIMIT_028.rs,P1,memory,GEN_SQL_DML,17264445,32881295,-90.456716,3
1174,10462,JOIN_NOT_INDEXED_HINT,SQLITE_PARITY_10462_JOIN_NOT_INDEXED_HINT.rs,P0,memory,SQL_JOIN,27165758,51738292,-90.454071,3
1175,00884,CONSTRAINT_FK_SAVEPOINT_017,SQLITE_PARITY_884_CONSTRAINT_FK_SAVEPOINT_017.rs,P2,memory,GEN_SQL_CONSTRAINT_TX,21551421,41033340,-90.397376,3
1176,10028,ORDER_BY_ASC_NULLS_LAST_OVERRIDE,SQLITE_PARITY_10028_ORDER_BY_ASC_NULLS_LAST_OVERRIDE.rs,P0,memory,SQL_NULL_ORDER,10296870,19596465,-90.314775,3
1177,10146,MODE_JSON_WITH_NEWLINE_AND_QUOTE,SQLITE_PARITY_10146_MODE_JSON_WITH_NEWLINE_AND_QUOTE.rs,P0,memory,CLI_OUTPUT_MODE,22448558,42703558,-90.228513,3
1178,11614,DATETIME_STRFTIME_ISO_DATE_2024_PLUS_5_DAYS,SQLITE_PARITY_11614_DATETIME_STRFTIME_ISO_DATE_2024_PLUS_5_DAYS.rs,P0,memory,SQL_DATETIME,16717722,31777819,-90.084624,3
1179,11680,DATETIME_DATE_UNIX_PLUS_3_HOURS,SQLITE_PARITY_11680_DATETIME_DATE_UNIX_PLUS_3_HOURS.rs,P0,memory,SQL_DATETIME,18616703,35374931,-90.017164,3
1180,00908,CONSTRAINT_FK_SAVEPOINT_041,SQLITE_PARITY_908_CONSTRAINT_FK_SAVEPOINT_041.rs,P2,memory,GEN_SQL_CONSTRAINT_TX,20504913,38945241,-89.931267,3
1181,01123,INDEX_SCHEMA_PRAGMA_056,SQLITE_PARITY_1123_INDEX_SCHEMA_PRAGMA_056.rs,P2,memory,GEN_SQL_INDEX_PRAGMA,14387104,27318135,-89.879318,3
1182,10172,DOT_NULLVALUE_ANGLE,SQLITE_PARITY_10172_DOT_NULLVALUE_ANGLE.rs,P0,memory,CLI_DOT_COMMAND,23955538,45477232,-89.840161,3
1183,11213,CAST_INT_NEG_3_AS_BLOB,SQLITE_PARITY_11213_CAST_INT_NEG_3_AS_BLOB.rs,P0,memory,SQL_CAST,2623881,5693346,-89.778200,3
1184,00768,CTE_RECURSIVE_MATRIX_061,SQLITE_PARITY_768_CTE_RECURSIVE_MATRIX_061.rs,P1,memory,GEN_SQL_CTE,3567606,6763819,-89.589854,3
1185,11043,MATH_DEGREES_3_14159265358979,SQLITE_PARITY_11043_MATH_DEGREES_3_14159265358979.rs,P1,memory,SQL_MATH,23564387,44596438,-89.253546,3
1186,01108,INDEX_SCHEMA_PRAGMA_041,SQLITE_PARITY_1108_INDEX_SCHEMA_PRAGMA_041.rs,P2,memory,GEN_SQL_INDEX_PRAGMA,11759055,22242307,-89.150463,3
1187,00765,CTE_RECURSIVE_MATRIX_058,SQLITE_PARITY_765_CTE_RECURSIVE_MATRIX_058.rs,P1,memory,GEN_SQL_CTE,20852029,39395583,-88.929255,3
1188,00624,JOIN_SUBQUERY_EXISTS_017,SQLITE_PARITY_624_JOIN_SUBQUERY_EXISTS_017.rs,P1,memory,GEN_SQL_JOIN_SUBQUERY,23182866,43744816,-88.694599,3
1189,11427,STRING_QUOTE_NULL,SQLITE_PARITY_11427_STRING_QUOTE_NULL.rs,P0,memory,SQL_STRING,15384510,28995448,-88.471703,3
1190,00649,JOIN_SUBQUERY_EXISTS_042,SQLITE_PARITY_649_JOIN_SUBQUERY_EXISTS_042.rs,P1,memory,GEN_SQL_JOIN_SUBQUERY,28281498,53191339,-88.078223,3
1191,00935,CONSTRAINT_FK_SAVEPOINT_068,SQLITE_PARITY_935_CONSTRAINT_FK_SAVEPOINT_068.rs,P2,memory,GEN_SQL_CONSTRAINT_TX,33202172,62443755,-88.071295,3
1192,10384,ATTACH_SAME_ALIAS_TWICE_ERROR,SQLITE_PARITY_10384_ATTACH_SAME_ALIAS_TWICE_ERROR.rs,P0,memory,SQL_ATTACH,18377941,34555651,-88.027870,3
1193,11587,DATETIME_DATETIME_Y2K_START_OF_DAY,SQLITE_PARITY_11587_DATETIME_DATETIME_Y2K_START_OF_DAY.rs,P0,memory,SQL_DATETIME,10393172,19541832,-88.025677,3
1194,00288,SCALAR_ARITH_016,SQLITE_PARITY_288_SCALAR_ARITH_016.rs,P1,memory,GEN_SQL_SCALAR,24867431,46755439,-88.018774,3
1195,00943,CONSTRAINT_FK_SAVEPOINT_076,SQLITE_PARITY_943_CONSTRAINT_FK_SAVEPOINT_076.rs,P2,memory,GEN_SQL_CONSTRAINT_TX,25970948,48821476,-87.984959,3
1196,11804,JSON_JSON_EXTRACT_A_B_1,SQLITE_PARITY_11804_JSON_JSON_EXTRACT_A_B_1.rs,P0,memory,SQL_JSON,16299190,30594511,-87.705714,3
1197,00724,CTE_RECURSIVE_MATRIX_017,SQLITE_PARITY_724_CTE_RECURSIVE_MATRIX_017.rs,P1,memory,GEN_SQL_CTE,19646620,36840161,-87.513990,3
1198,00913,CONSTRAINT_FK_SAVEPOINT_046,SQLITE_PARITY_913_CONSTRAINT_FK_SAVEPOINT_046.rs,P2,memory,GEN_SQL_CONSTRAINT_TX,23549380,44107592,-87.298315,3
1199,00578,AGG_GROUP_HAVING_071,SQLITE_PARITY_578_AGG_GROUP_HAVING_071.rs,P1,memory,GEN_SQL_AGGREGATE,17702794,33150093,-87.259102,3
1200,11538,DATETIME_JULIANDAY_EPOCH_START_OF_MONTH,SQLITE_PARITY_11538_DATETIME_JULIANDAY_EPOCH_START_OF_MONTH.rs,P0,memory,SQL_DATETIME,17228707,32240674,-87.133451,3
1201,10126,MODE_CSV_COMMA_AND_NEWLINE,SQLITE_PARITY_10126_MODE_CSV_COMMA_AND_NEWLINE.rs,P0,memory,CLI_OUTPUT_MODE,15350065,28711651,-87.045794,3
1202,11735,DATETIME_DATE_UNIX_BASE,SQLITE_PARITY_11735_DATETIME_DATE_UNIX_BASE.rs,P0,memory,SQL_DATETIME,16103420,30120475,-87.043963,3
1203,00953,VIEW_TRIGGER_GENERATED_006,SQLITE_PARITY_953_VIEW_TRIGGER_GENERATED_006.rs,P2,memory,GEN_SQL_VIEW_TRIGGER,25529824,47736515,-86.983330,3
1204,11409,STRING_LOWER_ABC,SQLITE_PARITY_11409_STRING_LOWER_ABC.rs,P0,memory,SQL_STRING,7471618,13969244,-86.964109,3
1205,00437,DML_WHERE_ORDER_LIMIT_050,SQLITE_PARITY_437_DML_WHERE_ORDER_LIMIT_050.rs,P1,memory,GEN_SQL_DML,13433672,25114669,-86.953120,3
1206,11094,MATH_ATAN2_0_0_1_0,SQLITE_PARITY_11094_MATH_ATAN2_0_0_1_0.rs,P1,memory,SQL_MATH,15758768,29447032,-86.861257,3
1207,00820,WINDOW_PARTITION_SUM_033,SQLITE_PARITY_820_WINDOW_PARTITION_SUM_033.rs,P2,memory,GEN_SQL_WINDOW,5674941,10598241,-86.755087,3
1208,10370,UPDATE_WITH_EXPR_RETURNING,SQLITE_PARITY_10370_UPDATE_WITH_EXPR_RETURNING.rs,P0,memory,SQL_RETURNING,22813277,42602387,-86.743829,3
1209,00292,SCALAR_ARITH_017,SQLITE_PARITY_292_SCALAR_ARITH_017.rs,P1,memory,GEN_SQL_SCALAR,20528346,38333966,-86.736749,3
1210,11578,DATETIME_JULIANDAY_Y2K_PLUS_30_MINUTES,SQLITE_PARITY_11578_DATETIME_JULIANDAY_Y2K_PLUS_30_MINUTES.rs,P0,memory,SQL_DATETIME,19961275,37272439,-86.723739,3
1211,11010,MATH_ASIN_1_0,SQLITE_PARITY_11010_MATH_ASIN_1_0.rs,P1,memory,SQL_MATH,18005467,33615473,-86.695924,3
1212,10153,CLI_FLAG_BOX,SQLITE_PARITY_10153_CLI_FLAG_BOX.rs,P0,memory,CLI_OUTPUT_MODE,15310430,28566506,-86.581997,3
1213,11085,MATH_TANH_1_0,SQLITE_PARITY_11085_MATH_TANH_1_0.rs,P1,memory,SQL_MATH,5242182,9777117,-86.508538,3
1214,10366,WITH_PREFIX_INSERT_SELECT_RETURNING,SQLITE_PARITY_10366_WITH_PREFIX_INSERT_SELECT_RETURNING.rs,P0,memory,SQL_RETURNING,14642478,27294852,-86.408694,3
1215,11909,WIN_SUM_EXCL_NO_OTHERS,SQLITE_PARITY_11909_WIN_SUM_EXCL_NO_OTHERS.rs,P0,memory,SQL_WINDOW,11631565,21681908,-86.405767,3
1216,11511,DATETIME_TIME_EPOCH_PLUS_1_YEAR,SQLITE_PARITY_11511_DATETIME_TIME_EPOCH_PLUS_1_YEAR.rs,P0,memory,SQL_DATETIME,7405593,13804263,-86.403209,3
1217,11211,CAST_INT_NEG_3_AS_REAL,SQLITE_PARITY_11211_CAST_INT_NEG_3_AS_REAL.rs,P0,memory,SQL_CAST,2707570,5591633,-86.387767,3
1218,10625,BLOB_VS_TEXT_DIFFERENT_TYPES,SQLITE_PARITY_10625_BLOB_VS_TEXT_DIFFERENT_TYPES.rs,P0,memory,SQL_BLOB,24837294,46275933,-86.316323,3
1219,11966,WIN_LAST_VALUE_EXCL_CURRENT_ROW,SQLITE_PARITY_11966_WIN_LAST_VALUE_EXCL_CURRENT_ROW.rs,P0,memory,SQL_WINDOW,11585407,21572601,-86.204947,3
1220,00718,CTE_RECURSIVE_MATRIX_011,SQLITE_PARITY_718_CTE_RECURSIVE_MATRIX_011.rs,P1,memory,GEN_SQL_CTE,20247486,37701479,-86.203260,3
1221,11306,AFFINITY_INTEGER_BLOB_HEX,SQLITE_PARITY_11306_AFFINITY_INTEGER_BLOB_HEX.rs,P0,memory,SQL_TYPE_AFFINITY,18947909,35257137,-86.074025,3
1222,11852,JSON_DARROW_A_B_1,SQLITE_PARITY_11852_JSON_DARROW_A_B_1.rs,P0,memory,SQL_JSON,19327146,35957863,-86.048488,3
1223,00362,SCALAR_STRING_034,SQLITE_PARITY_362_SCALAR_STRING_034.rs,P1,memory,GEN_SQL_SCALAR,16175706,30092692,-86.036344,3
1224,00312,SCALAR_ARITH_022,SQLITE_PARITY_312_SCALAR_ARITH_022.rs,P1,memory,GEN_SQL_SCALAR,17762968,33044002,-86.027481,3
1225,11518,DATETIME_JULIANDAY_EPOCH_PLUS_3_HOURS,SQLITE_PARITY_11518_DATETIME_JULIANDAY_EPOCH_PLUS_3_HOURS.rs,P0,memory,SQL_DATETIME,13670149,25426119,-85.997380,3
1226,10556,NO_SUCH_COLUMN_QUALIFIED,SQLITE_PARITY_10556_NO_SUCH_COLUMN_QUALIFIED.rs,P0,memory,SQL_ERROR_MESSAGES,26296334,48858967,-85.801439,3
1227,11844,JSON_DARROW_,SQLITE_PARITY_11844_JSON_DARROW_.rs,P0,memory,SQL_JSON,13603964,25255586,-85.648727,3
1228,00299,SCALAR_NULL_COALESCE_018,SQLITE_PARITY_299_SCALAR_NULL_COALESCE_018.rs,P1,memory,GEN_SQL_SCALAR,6710980,12438129,-85.339980,3
1229,01070,INDEX_SCHEMA_PRAGMA_003,SQLITE_PARITY_1070_INDEX_SCHEMA_PRAGMA_003.rs,P2,memory,GEN_SQL_INDEX_PRAGMA,14711618,27246741,-85.205604,3
1230,11674,DATETIME_STRFTIME_ISO_UNIX_MINUS_1_MONTH,SQLITE_PARITY_11674_DATETIME_STRFTIME_ISO_UNIX_MINUS_1_MONTH.rs,P0,memory,SQL_DATETIME,21369598,39575343,-85.194607,3
1231,11307,AFFINITY_INTEGER_NULL_LIT,SQLITE_PARITY_11307_AFFINITY_INTEGER_NULL_LIT.rs,P0,memory,SQL_TYPE_AFFINITY,22097424,40842740,-84.830322,3
1232,00344,SCALAR_ARITH_030,SQLITE_PARITY_344_SCALAR_ARITH_030.rs,P1,memory,GEN_SQL_SCALAR,18265257,33738616,-84.714707,3
1233,00612,JOIN_SUBQUERY_EXISTS_005,SQLITE_PARITY_612_JOIN_SUBQUERY_EXISTS_005.rs,P1,memory,GEN_SQL_JOIN_SUBQUERY,12645091,23326728,-84.472599,3
1234,11401,STRING_LENGTH_,SQLITE_PARITY_11401_STRING_LENGTH_.rs,P0,memory,SQL_STRING,18253175,33637506,-84.283041,3
1235,10360,DELETE_WHERE_RETURNING_FILTERED,SQLITE_PARITY_10360_DELETE_WHERE_RETURNING_FILTERED.rs,P0,memory,SQL_RETURNING,22784282,41939934,-84.073977,3
1236,00555,AGG_GROUP_HAVING_048,SQLITE_PARITY_555_AGG_GROUP_HAVING_048.rs,P1,memory,GEN_SQL_AGGREGATE,33358948,61387217,-84.020242,3
1237,10446,JOIN_LEFT_PRESERVES_NULL,SQLITE_PARITY_10446_JOIN_LEFT_PRESERVES_NULL.rs,P0,memory,SQL_JOIN,20703248,38066080,-83.865256,3
1238,10525,GROUP_BY_GROUPING_SETS_UNSUPPORTED,SQLITE_PARITY_10525_GROUP_BY_GROUPING_SETS_UNSUPPORTED.rs,P0,memory,SQL_AGGREGATE_ADV,29300835,53849233,-83.780541,3
1239,11696,DATETIME_TIME_UNIX_START_OF_DAY,SQLITE_PARITY_11696_DATETIME_TIME_UNIX_START_OF_DAY.rs,P0,memory,SQL_DATETIME,4065237,7470396,-83.762865,3
1240,00852,WINDOW_PARTITION_SUM_065,SQLITE_PARITY_852_WINDOW_PARTITION_SUM_065.rs,P2,memory,GEN_SQL_WINDOW,13622659,25032293,-83.754823,3
1241,00762,CTE_RECURSIVE_MATRIX_055,SQLITE_PARITY_762_CTE_RECURSIVE_MATRIX_055.rs,P1,memory,GEN_SQL_CTE,19181019,35222422,-83.631652,3
1242,10456,JOIN_LATERAL_LIKE_CORRELATED,SQLITE_PARITY_10456_JOIN_LATERAL_LIKE_CORRELATED.rs,P0,memory,SQL_JOIN,23267627,42718706,-83.597176,3
1243,00552,AGG_GROUP_HAVING_045,SQLITE_PARITY_552_AGG_GROUP_HAVING_045.rs,P1,memory,GEN_SQL_AGGREGATE,11782930,21632345,-83.590542,3
1244,11924,WIN_COUNT_RANGE_UNBND_PREC_CURRENT,SQLITE_PARITY_11924_WIN_COUNT_RANGE_UNBND_PREC_CURRENT.rs,P0,memory,SQL_WINDOW,20747722,38090175,-83.587263,3
1245,11522,DATETIME_DATETIME_EPOCH_PLUS_30_MINUTES,SQLITE_PARITY_11522_DATETIME_DATETIME_EPOCH_PLUS_30_MINUTES.rs,P0,memory,SQL_DATETIME,8335141,15294180,-83.490357,3
1246,10225,OPT_VFS_UNIX,SQLITE_PARITY_10225_OPT_VFS_UNIX.rs,P0,memory,CLI_OPTION,25722379,47186535,-83.445454,3
1247,11206,CAST_INT_5_AS_REAL,SQLITE_PARITY_11206_CAST_INT_5_AS_REAL.rs,P0,memory,SQL_CAST,12531345,22937453,-83.040631,3
1248,10610,HEX_OF_BLOB_UPPERCASE,SQLITE_PARITY_10610_HEX_OF_BLOB_UPPERCASE.rs,P0,memory,SQL_BLOB,23257558,42489644,-82.691768,3
1249,00428,DML_WHERE_ORDER_LIMIT_041,SQLITE_PARITY_428_DML_WHERE_ORDER_LIMIT_041.rs,P1,memory,GEN_SQL_DML,17220682,31450990,-82.634985,3
1250,00463,DML_WHERE_ORDER_LIMIT_076,SQLITE_PARITY_463_DML_WHERE_ORDER_LIMIT_076.rs,P1,memory,GEN_SQL_DML,18161601,33159551,-82.580550,3
1251,00453,DML_WHERE_ORDER_LIMIT_066,SQLITE_PARITY_453_DML_WHERE_ORDER_LIMIT_066.rs,P1,memory,GEN_SQL_DML,17558421,32053129,-82.551318,3
1252,11568,DATETIME_JULIANDAY_Y2K_PLUS_1_YEAR,SQLITE_PARITY_11568_DATETIME_JULIANDAY_Y2K_PLUS_1_YEAR.rs,P0,memory,SQL_DATETIME,26102648,47649721,-82.547460,3
1253,00735,CTE_RECURSIVE_MATRIX_028,SQLITE_PARITY_735_CTE_RECURSIVE_MATRIX_028.rs,P1,memory,GEN_SQL_CTE,25131150,45871057,-82.526693,3
1254,10242,PRAGMA_FOREIGN_KEYS_OFF_AGAIN,SQLITE_PARITY_10242_PRAGMA_FOREIGN_KEYS_OFF_AGAIN.rs,P0,memory,SQL_PRAGMA,24962271,45464749,-82.133865,3
1255,00326,SCALAR_STRING_025,SQLITE_PARITY_326_SCALAR_STRING_025.rs,P1,memory,GEN_SQL_SCALAR,16772515,30517215,-81.947758,3
1256,10160,DOT_MODE_LIST_AFTER_CSV,SQLITE_PARITY_10160_DOT_MODE_LIST_AFTER_CSV.rs,P0,memory,CLI_DOT_COMMAND,24627919,44768191,-81.778213,3
1257,10093,STRICT_BLOB_ACCEPTS_BLOB,SQLITE_PARITY_10093_STRICT_BLOB_ACCEPTS_BLOB.rs,P0,memory,SQL_STRICT_TABLES,19041175,34612699,-81.778168,3
1258,10330,DO_UPDATE_MIXED_EXISTING_AND_EXCLUDED,SQLITE_PARITY_10330_DO_UPDATE_MIXED_EXISTING_AND_EXCLUDED.rs,P0,memory,SQL_UPSERT,10707958,19446882,-81.611489,3
1259,10526,AGGREGATE_OVER_EMPTY_SET,SQLITE_PARITY_10526_AGGREGATE_OVER_EMPTY_SET.rs,P0,memory,SQL_AGGREGATE_ADV,16321943,29626380,-81.512581,3
1260,00741,CTE_RECURSIVE_MATRIX_034,SQLITE_PARITY_741_CTE_RECURSIVE_MATRIX_034.rs,P1,memory,GEN_SQL_CTE,20923504,37905846,-81.163948,3
1261,00376,SCALAR_ARITH_038,SQLITE_PARITY_376_SCALAR_ARITH_038.rs,P1,memory,GEN_SQL_SCALAR,15511851,28100235,-81.153332,3
1262,12022,PRAGMA_STATS,SQLITE_PARITY_12022_PRAGMA_STATS.rs,P1,memory,SQL_PRAGMA,11770767,21301008,-80.965336,3
1263,12029,PRAGMA_SET_AUTO_VACUUM_NONE,SQLITE_PARITY_12029_PRAGMA_SET_AUTO_VACUUM_NONE.rs,P1,memory,SQL_PRAGMA,9285799,16799877,-80.920102,3
1264,11234,CAST_TEXT_NUM_AS_NUMERIC,SQLITE_PARITY_11234_CAST_TEXT_NUM_AS_NUMERIC.rs,P0,memory,SQL_CAST,12014398,21733817,-80.898094,3
1265,00315,SCALAR_NULL_COALESCE_022,SQLITE_PARITY_315_SCALAR_NULL_COALESCE_022.rs,P1,memory,GEN_SQL_SCALAR,24565821,44421396,-80.826018,3
1266,11808,JSON_JSON_EXTRACT_D_3,SQLITE_PARITY_11808_JSON_JSON_EXTRACT_D_3.rs,P0,memory,SQL_JSON,18323508,33126990,-80.789563,3
1267,10260,PRAGMA_BUSY_TIMEOUT_SET,SQLITE_PARITY_10260_PRAGMA_BUSY_TIMEOUT_SET.rs,P0,memory,SQL_PRAGMA,16133607,29157434,-80.724831,3
1268,00781,CTE_RECURSIVE_MATRIX_074,SQLITE_PARITY_781_CTE_RECURSIVE_MATRIX_074.rs,P1,memory,GEN_SQL_CTE,12500357,22580538,-80.639145,3
1269,01001,VIEW_TRIGGER_GENERATED_054,SQLITE_PARITY_1001_VIEW_TRIGGER_GENERATED_054.rs,P2,memory,GEN_SQL_VIEW_TRIGGER,3599746,6495723,-80.449482,3
1270,11911,WIN_AVG_ROWS_CURRENT_UNBND_FOLL,SQLITE_PARITY_11911_WIN_AVG_ROWS_CURRENT_UNBND_FOLL.rs,P0,memory,SQL_WINDOW,20793990,37510168,-80.389468,3
1271,00419,DML_WHERE_ORDER_LIMIT_032,SQLITE_PARITY_419_DML_WHERE_ORDER_LIMIT_032.rs,P1,memory,GEN_SQL_DML,19231314,34688713,-80.376198,3
1272,11692,DATETIME_DATETIME_UNIX_PLUS_10_SECONDS,SQLITE_PARITY_11692_DATETIME_DATETIME_UNIX_PLUS_10_SECONDS.rs,P0,memory,SQL_DATETIME,19420662,35023225,-80.340016,3
1273,11926,WIN_COUNT_EXCL_CURRENT_ROW,SQLITE_PARITY_11926_WIN_COUNT_EXCL_CURRENT_ROW.rs,P0,memory,SQL_WINDOW,11532808,20795072,-80.312306,3
1274,00607,AGG_GROUP_HAVING_100,SQLITE_PARITY_607_AGG_GROUP_HAVING_100.rs,P1,memory,GEN_SQL_AGGREGATE,11448238,20634278,-80.239771,3
1275,00760,CTE_RECURSIVE_MATRIX_053,SQLITE_PARITY_760_CTE_RECURSIVE_MATRIX_053.rs,P1,memory,GEN_SQL_CTE,29291397,52775383,-80.173663,3
1276,11355,AFFINITY_BLOB_NULL_LIT,SQLITE_PARITY_11355_AFFINITY_BLOB_NULL_LIT.rs,P0,memory,SQL_TYPE_AFFINITY,17806099,32078468,-80.154384,3
1277,00457,DML_WHERE_ORDER_LIMIT_070,SQLITE_PARITY_457_DML_WHERE_ORDER_LIMIT_070.rs,P1,memory,GEN_SQL_DML,20597187,37069054,-79.971440,3
1278,11654,DATETIME_STRFTIME_ISO_DATE_2024_START_OF_YEAR,SQLITE_PARITY_11654_DATETIME_STRFTIME_ISO_DATE_2024_START_OF_YEAR.rs,P0,memory,SQL_DATETIME,19641821,35207183,-79.246023,3
1279,00421,DML_WHERE_ORDER_LIMIT_034,SQLITE_PARITY_421_DML_WHERE_ORDER_LIMIT_034.rs,P1,memory,GEN_SQL_DML,21346113,38236421,-79.125919,3
1280,00866,WINDOW_PARTITION_SUM_079,SQLITE_PARITY_866_WINDOW_PARTITION_SUM_079.rs,P2,memory,GEN_SQL_WINDOW,25585590,45825070,-79.104996,3
1281,10303,SAVEPOINT_DEPTH_2_RELEASE,SQLITE_PARITY_10303_SAVEPOINT_DEPTH_2_RELEASE.rs,P0,memory,SQL_TRANSACTION,23406570,41889809,-78.966030,3
1282,11914,WIN_AVG_RANGE_UNBND_PREC_CURRENT,SQLITE_PARITY_11914_WIN_AVG_RANGE_UNBND_PREC_CURRENT.rs,P0,memory,SQL_WINDOW,17478631,31276050,-78.938785,3
1283,10428,REC_TREE_TRAVERSAL_PARENT_CHILD,SQLITE_PARITY_10428_REC_TREE_TRAVERSAL_PARENT_CHILD.rs,P0,memory,SQL_RECURSIVE_CTE,22830600,40842729,-78.894681,3
1284,10407,PRAGMA_TABLE_LIST_TEMP_AND_TEMP_MASTER,SQLITE_PARITY_10407_PRAGMA_TABLE_LIST_TEMP_AND_TEMP_MASTER.rs,P0,memory,SQL_SCHEMA_INTROSPECTION,24491972,43773541,-78.726078,3
1285,00541,AGG_GROUP_HAVING_034,SQLITE_PARITY_541_AGG_GROUP_HAVING_034.rs,P1,memory,GEN_SQL_AGGREGATE,19910940,35580239,-78.696932,3
1286,00332,SCALAR_ARITH_027,SQLITE_PARITY_332_SCALAR_ARITH_027.rs,P1,memory,GEN_SQL_SCALAR,17196998,30716020,-78.612686,3
1287,11590,DATETIME_DATE_Y2K_START_OF_MONTH,SQLITE_PARITY_11590_DATETIME_DATE_Y2K_START_OF_MONTH.rs,P0,memory,SQL_DATETIME,5581794,9969652,-78.610174,3
1288,10618,BLOB_AFFINITY_INTEGER_COLUMN,SQLITE_PARITY_10618_BLOB_AFFINITY_INTEGER_COLUMN.rs,P0,memory,SQL_BLOB,20421895,36474921,-78.606936,3
1289,11025,MATH_CEIL_1_6,SQLITE_PARITY_11025_MATH_CEIL_1_6.rs,P1,memory,SQL_MATH,13628040,24327972,-78.514093,3
1290,10277,FK_DELETE_RESTRICT_REJECTED,SQLITE_PARITY_10277_FK_DELETE_RESTRICT_REJECTED.rs,P0,memory,SQL_FOREIGN_KEYS,9997825,17824294,-78.281716,3
1291,00372,SCALAR_ARITH_037,SQLITE_PARITY_372_SCALAR_ARITH_037.rs,P1,memory,GEN_SQL_SCALAR,23225587,41374384,-78.141392,3
1292,11203,CAST_NULL_AS_BLOB,SQLITE_PARITY_11203_CAST_NULL_AS_BLOB.rs,P0,memory,SQL_CAST,20814718,37052152,-78.009387,3
1293,11201,CAST_NULL_AS_REAL,SQLITE_PARITY_11201_CAST_NULL_AS_REAL.rs,P0,memory,SQL_CAST,5335298,9492008,-77.909613,3
1294,00367,SCALAR_NULL_COALESCE_035,SQLITE_PARITY_367_SCALAR_NULL_COALESCE_035.rs,P1,memory,GEN_SQL_SCALAR,16418405,29202959,-77.867211,3
1295,10278,FK_DELETE_CASCADE_REMOVES_CHILD,SQLITE_PARITY_10278_FK_DELETE_CASCADE_REMOVES_CHILD.rs,P0,memory,SQL_FOREIGN_KEYS,33605454,59748138,-77.792980,3
1296,10571,RAISE_ROLLBACK_IN_TRIGGER,SQLITE_PARITY_10571_RAISE_ROLLBACK_IN_TRIGGER.rs,P0,memory,SQL_ERROR_MESSAGES,23249893,41321415,-77.727334,3
1297,11415,STRING_LTRIM_,SQLITE_PARITY_11415_STRING_LTRIM_.rs,P0,memory,SQL_STRING,13812629,24543810,-77.691083,3
1298,11810,JSON_JSON_EXTRACT_MISSING,SQLITE_PARITY_11810_JSON_JSON_EXTRACT_MISSING.rs,P0,memory,SQL_JSON,23649569,42004176,-77.610746,3
1299,11620,DATETIME_DATE_DATE_2024_PLUS_1_YEAR,SQLITE_PARITY_11620_DATETIME_DATE_DATE_2024_PLUS_1_YEAR.rs,P0,memory,SQL_DATETIME,19354086,34373727,-77.604497,3
1300,00952,VIEW_TRIGGER_GENERATED_005,SQLITE_PARITY_952_VIEW_TRIGGER_GENERATED_005.rs,P2,memory,GEN_SQL_VIEW_TRIGGER,15653900,27775981,-77.438089,3
1301,10378,CROSS_DB_JOIN,SQLITE_PARITY_10378_CROSS_DB_JOIN.rs,P0,memory,SQL_ATTACH,23984702,42487349,-77.143535,3
1302,00527,AGG_GROUP_HAVING_020,SQLITE_PARITY_527_AGG_GROUP_HAVING_020.rs,P1,memory,GEN_SQL_AGGREGATE,14613723,25885427,-77.130954,3
1303,00440,DML_WHERE_ORDER_LIMIT_053,SQLITE_PARITY_440_DML_WHERE_ORDER_LIMIT_053.rs,P1,memory,GEN_SQL_DML,13785757,24411539,-77.077973,3
1304,00805,WINDOW_PARTITION_SUM_018,SQLITE_PARITY_805_WINDOW_PARTITION_SUM_018.rs,P2,memory,GEN_SQL_WINDOW,19954061,35282866,-76.820478,3
1305,11633,DATETIME_JULIANDAY_DATE_2024_PLUS_30_MINUTES,SQLITE_PARITY_11633_DATETIME_JULIANDAY_DATE_2024_PLUS_30_MINUTES.rs,P0,memory,SQL_DATETIME,22474587,39715077,-76.711043,3
1306,11312,AFFINITY_BIGINT_TEXT_NUM,SQLITE_PARITY_11312_AFFINITY_BIGINT_TEXT_NUM.rs,P0,memory,SQL_TYPE_AFFINITY,12698311,22435464,-76.680694,3
1307,00679,JOIN_SUBQUERY_EXISTS_072,SQLITE_PARITY_679_JOIN_SUBQUERY_EXISTS_072.rs,P1,memory,GEN_SQL_JOIN_SUBQUERY,27847867,49187147,-76.628059,3
1308,01028,JSON_EXTRACT_SET_021,SQLITE_PARITY_1028_JSON_EXTRACT_SET_021.rs,P2,memory,GEN_SQL_JSON,18618956,32878810,-76.587828,3
1309,01060,JSON_EXTRACT_SET_053,SQLITE_PARITY_1060_JSON_EXTRACT_SET_053.rs,P2,memory,GEN_SQL_JSON,19164047,33838936,-76.575104,3
1310,00427,DML_WHERE_ORDER_LIMIT_040,SQLITE_PARITY_427_DML_WHERE_ORDER_LIMIT_040.rs,P1,memory,GEN_SQL_DML,15054616,26552077,-76.371666,3
1311,11605,DATETIME_DATE_Y2K_UTC,SQLITE_PARITY_11605_DATETIME_DATE_Y2K_UTC.rs,P0,memory,SQL_DATETIME,18876333,33289206,-76.354200,3
1312,11622,DATETIME_DATETIME_DATE_2024_PLUS_1_YEAR,SQLITE_PARITY_11622_DATETIME_DATETIME_DATE_2024_PLUS_1_YEAR.rs,P0,memory,SQL_DATETIME,23859386,42051255,-76.246174,3
1313,00406,DML_WHERE_ORDER_LIMIT_019,SQLITE_PARITY_406_DML_WHERE_ORDER_LIMIT_019.rs,P1,memory,GEN_SQL_DML,20996082,36989393,-76.172835,3
1314,10573,DROP_TABLE_ON_VIEW,SQLITE_PARITY_10573_DROP_TABLE_ON_VIEW.rs,P0,memory,SQL_ERROR_MESSAGES,24843947,43755788,-76.122530,3
1315,11067,MATH_RADIANS_180_0,SQLITE_PARITY_11067_MATH_RADIANS_180_0.rs,P1,memory,SQL_MATH,2337530,5281577,-76.052567,3
1316,00283,SCALAR_NULL_COALESCE_014,SQLITE_PARITY_283_SCALAR_NULL_COALESCE_014.rs,P1,memory,GEN_SQL_SCALAR,9181171,16161720,-76.031140,3
1317,00658,JOIN_SUBQUERY_EXISTS_051,SQLITE_PARITY_658_JOIN_SUBQUERY_EXISTS_051.rs,P1,memory,GEN_SQL_JOIN_SUBQUERY,30874661,54330633,-75.971594,3
1318,01019,JSON_EXTRACT_SET_012,SQLITE_PARITY_1019_JSON_EXTRACT_SET_012.rs,P2,memory,GEN_SQL_JSON,24880175,43774002,-75.939285,3
1319,10350,INSERT_RETURNING_STAR,SQLITE_PARITY_10350_INSERT_RETURNING_STAR.rs,P0,memory,SQL_RETURNING,11858202,20853843,-75.860076,3
1320,10315,MULTI_PHASE_TXN_STATE_VISIBILITY,SQLITE_PARITY_10315_MULTI_PHASE_TXN_STATE_VISIBILITY.rs,P0,memory,SQL_TRANSACTION,18654784,32780975,-75.724227,3
1321,10108,MODE_LIST_DEFAULT_PIPE,SQLITE_PARITY_10108_MODE_LIST_DEFAULT_PIPE.rs,P0,memory,CLI_OUTPUT_MODE,29664703,52121627,-75.702507,3
1322,10467,JOIN_MIXED_INNER_OUTER,SQLITE_PARITY_10467_JOIN_MIXED_INNER_OUTER.rs,P0,memory,SQL_JOIN,26267389,46100211,-75.503591,3
1323,11430,STRING_UNICODE_A,SQLITE_PARITY_11430_STRING_UNICODE_A.rs,P0,memory,SQL_STRING,12756992,22385439,-75.475841,3
1324,10215,OPT_MODE_JSON,SQLITE_PARITY_10215_OPT_MODE_JSON.rs,P0,memory,CLI_OPTION,24869807,43607928,-75.344859,3
1325,00837,WINDOW_PARTITION_SUM_050,SQLITE_PARITY_837_WINDOW_PARTITION_SUM_050.rs,P2,memory,GEN_SQL_WINDOW,17450417,30567590,-75.168250,3
1326,11724,DATETIME_STRFTIME_ISO_EPOCH_BASE,SQLITE_PARITY_11724_DATETIME_STRFTIME_ISO_EPOCH_BASE.rs,P0,memory,SQL_DATETIME,15101426,26427501,-75.000036,3
1327,01041,JSON_EXTRACT_SET_034,SQLITE_PARITY_1041_JSON_EXTRACT_SET_034.rs,P2,memory,GEN_SQL_JSON,23295599,40752639,-74.937073,3
1328,00885,CONSTRAINT_FK_SAVEPOINT_018,SQLITE_PARITY_885_CONSTRAINT_FK_SAVEPOINT_018.rs,P2,memory,GEN_SQL_CONSTRAINT_TX,15295562,26756404,-74.929198,3
1329,00930,CONSTRAINT_FK_SAVEPOINT_063,SQLITE_PARITY_930_CONSTRAINT_FK_SAVEPOINT_063.rs,P2,memory,GEN_SQL_CONSTRAINT_TX,17358853,30362462,-74.910531,3
1330,10551,CHECK_CONSTRAINT_FAILED,SQLITE_PARITY_10551_CHECK_CONSTRAINT_FAILED.rs,P0,memory,SQL_ERROR_MESSAGES,21469837,37530706,-74.806665,3
1331,00601,AGG_GROUP_HAVING_094,SQLITE_PARITY_601_AGG_GROUP_HAVING_094.rs,P1,memory,GEN_SQL_AGGREGATE,25518573,44590826,-74.738713,3
1332,00353,SCALAR_CAST_TYPEOF_032,SQLITE_PARITY_353_SCALAR_CAST_TYPEOF_032.rs,P1,memory,GEN_SQL_SCALAR,17144328,29926608,-74.556903,3
1333,00331,SCALAR_NULL_COALESCE_026,SQLITE_PARITY_331_SCALAR_NULL_COALESCE_026.rs,P1,memory,GEN_SQL_SCALAR,22129264,38614256,-74.494082,3
1334,11618,DATETIME_JULIANDAY_DATE_2024_MINUS_1_MONTH,SQLITE_PARITY_11618_DATETIME_JULIANDAY_DATE_2024_MINUS_1_MONTH.rs,P0,memory,SQL_DATETIME,15121784,26384620,-74.480868,3
1335,11572,DATETIME_DATETIME_Y2K_PLUS_3_HOURS,SQLITE_PARITY_11572_DATETIME_DATETIME_Y2K_PLUS_3_HOURS.rs,P0,memory,SQL_DATETIME,10644608,18563511,-74.393562,3
1336,00633,JOIN_SUBQUERY_EXISTS_026,SQLITE_PARITY_633_JOIN_SUBQUERY_EXISTS_026.rs,P1,memory,GEN_SQL_JOIN_SUBQUERY,20623798,35946511,-74.296272,3
1337,11829,JSON_JSON_ARRAY_LENGTH_A_B_1_C,SQLITE_PARITY_11829_JSON_JSON_ARRAY_LENGTH_A_B_1_C.rs,P0,memory,SQL_JSON,18744494,32659807,-74.236803,3
1338,11827,JSON_JSON_ARRAY_LENGTH_A_B_0,SQLITE_PARITY_11827_JSON_JSON_ARRAY_LENGTH_A_B_0.rs,P0,memory,SQL_JSON,21837553,38007348,-74.045819,3
1339,00670,JOIN_SUBQUERY_EXISTS_063,SQLITE_PARITY_670_JOIN_SUBQUERY_EXISTS_063.rs,P1,memory,GEN_SQL_JOIN_SUBQUERY,28831306,50144538,-73.923921,3
1340,00478,DML_WHERE_ORDER_LIMIT_091,SQLITE_PARITY_478_DML_WHERE_ORDER_LIMIT_091.rs,P1,memory,GEN_SQL_DML,18563843,32286721,-73.922614,3
1341,00626,JOIN_SUBQUERY_EXISTS_019,SQLITE_PARITY_626_JOIN_SUBQUERY_EXISTS_019.rs,P1,memory,GEN_SQL_JOIN_SUBQUERY,22494354,39112468,-73.876823,3
1342,10065,AUTOINCREMENT_MONOTONIC_AFTER_DELETE,SQLITE_PARITY_10065_AUTOINCREMENT_MONOTONIC_AFTER_DELETE.rs,P0,memory,SQL_AUTOINCREMENT,14639101,25423594,-73.669093,3
1343,10334,INSERT_OR_IGNORE_SKIPS_ROW,SQLITE_PARITY_10334_INSERT_OR_IGNORE_SKIPS_ROW.rs,P0,memory,SQL_UPSERT,25719423,44653405,-73.617445,3
1344,00931,CONSTRAINT_FK_SAVEPOINT_064,SQLITE_PARITY_931_CONSTRAINT_FK_SAVEPOINT_064.rs,P2,memory,GEN_SQL_CONSTRAINT_TX,5800709,10064941,-73.512255,3
1345,10416,RENAME_TABLE_REWRITES_VIEW_REF,SQLITE_PARITY_10416_RENAME_TABLE_REWRITES_VIEW_REF.rs,P0,memory,SQL_ALTER,21670858,37595510,-73.484179,3
1346,11101,MATH_POW_3_0_2,SQLITE_PARITY_11101_MATH_POW_3_0_2.rs,P1,memory,SQL_MATH,15346690,26616920,-73.437530,3
1347,10183,DOT_VERSION_PRINTS_3,SQLITE_PARITY_10183_DOT_VERSION_PRINTS_3.rs,P0,memory,CLI_DOT_COMMAND,22355492,38758789,-73.374798,3
1348,10417,RENAME_TABLE_REWRITES_TRIGGER_REF,SQLITE_PARITY_10417_RENAME_TABLE_REWRITES_TRIGGER_REF.rs,P0,memory,SQL_ALTER,21867129,37868706,-73.176396,3
1349,11239,CAST_TEXT_BARE_AS_NUMERIC,SQLITE_PARITY_11239_CAST_TEXT_BARE_AS_NUMERIC.rs,P0,memory,SQL_CAST,16067682,27815807,-73.116489,3
1350,11971,WIN_RANK_PARTITION,SQLITE_PARITY_11971_WIN_RANK_PARTITION.rs,P0,memory,SQL_WINDOW,10360340,17919685,-72.964256,3
1351,00962,VIEW_TRIGGER_GENERATED_015,SQLITE_PARITY_962_VIEW_TRIGGER_GENERATED_015.rs,P2,memory,GEN_SQL_VIEW_TRIGGER,25934970,44841691,-72.900493,3
1352,10431,REC_DEPTH_LIMIT_WHERE,SQLITE_PARITY_10431_REC_DEPTH_LIMIT_WHERE.rs,P0,memory,SQL_RECURSIVE_CTE,28314440,48935983,-72.830482,3
1353,01116,INDEX_SCHEMA_PRAGMA_049,SQLITE_PARITY_1116_INDEX_SCHEMA_PRAGMA_049.rs,P2,memory,GEN_SQL_INDEX_PRAGMA,12552465,21688551,-72.783202,3
1354,01090,INDEX_SCHEMA_PRAGMA_023,SQLITE_PARITY_1090_INDEX_SCHEMA_PRAGMA_023.rs,P2,memory,GEN_SQL_INDEX_PRAGMA,16843890,29102820,-72.779685,3
1355,11937,WIN_MIN_EXCL_GROUP,SQLITE_PARITY_11937_WIN_MIN_EXCL_GROUP.rs,P0,memory,SQL_WINDOW,9640289,16642720,-72.637148,3
1356,10468,JOIN_SUBQUERY_WITH_GROUPBY,SQLITE_PARITY_10468_JOIN_SUBQUERY_WITH_GROUPBY.rs,P0,memory,SQL_JOIN,21053340,36331790,-72.570196,3
1357,11507,DATETIME_DATETIME_EPOCH_MINUS_1_MONTH,SQLITE_PARITY_11507_DATETIME_DATETIME_EPOCH_MINUS_1_MONTH.rs,P0,memory,SQL_DATETIME,18989747,32761899,-72.524147,3
1358,11426,STRING_QUOTE_1,SQLITE_PARITY_11426_STRING_QUOTE_1.rs,P0,memory,SQL_STRING,14831836,25552778,-72.283310,3
1359,11965,WIN_LAST_VALUE_GROUPS_1_PREC_CURRENT,SQLITE_PARITY_11965_WIN_LAST_VALUE_GROUPS_1_PREC_CURRENT.rs,P0,memory,SQL_WINDOW,12979644,22360452,-72.273230,3
1360,10368,RETURNING_COMPUTED_FROM_INSERTED_ROW,SQLITE_PARITY_10368_RETURNING_COMPUTED_FROM_INSERTED_ROW.rs,P0,memory,SQL_RETURNING,19114393,32902946,-72.137017,3
1361,10426,REC_SIMPLE_COUNTER_UNION_ALL,SQLITE_PARITY_10426_REC_SIMPLE_COUNTER_UNION_ALL.rs,P0,memory,SQL_RECURSIVE_CTE,18808705,32343448,-71.959994,3
1362,00814,WINDOW_PARTITION_SUM_027,SQLITE_PARITY_814_WINDOW_PARTITION_SUM_027.rs,P2,memory,GEN_SQL_WINDOW,18956244,32525903,-71.584112,3
1363,10342,MULTI_ROW_INSERT_UPSERT,SQLITE_PARITY_10342_MULTI_ROW_INSERT_UPSERT.rs,P0,memory,SQL_UPSERT,10065383,17267902,-71.557327,3
1364,00381,SCALAR_CAST_TYPEOF_039,SQLITE_PARITY_381_SCALAR_CAST_TYPEOF_039.rs,P1,memory,GEN_SQL_SCALAR,17636298,30229120,-71.402865,3
1365,00712,CTE_RECURSIVE_MATRIX_005,SQLITE_PARITY_712_CTE_RECURSIVE_MATRIX_005.rs,P1,memory,GEN_SQL_CTE,27469161,47032544,-71.219441,3
1366,11029,MATH_CEILING_1_6,SQLITE_PARITY_11029_MATH_CEILING_1_6.rs,P1,memory,SQL_MATH,11967750,20490675,-71.215767,3
1367,00746,CTE_RECURSIVE_MATRIX_039,SQLITE_PARITY_746_CTE_RECURSIVE_MATRIX_039.rs,P1,memory,GEN_SQL_CTE,23099749,39473490,-70.882766,3
1368,00279,SCALAR_NULL_COALESCE_013,SQLITE_PARITY_279_SCALAR_NULL_COALESCE_013.rs,P1,memory,GEN_SQL_SCALAR,16217576,27650995,-70.500172,3
1369,00644,JOIN_SUBQUERY_EXISTS_037,SQLITE_PARITY_644_JOIN_SUBQUERY_EXISTS_037.rs,P1,memory,GEN_SQL_JOIN_SUBQUERY,25233795,42996852,-70.393918,3
1370,10151,CLI_FLAG_JSON,SQLITE_PARITY_10151_CLI_FLAG_JSON.rs,P0,memory,CLI_OUTPUT_MODE,16097950,27423445,-70.353648,3
1371,11704,DATETIME_STRFTIME_ISO_UNIX_START_OF_MONTH,SQLITE_PARITY_11704_DATETIME_STRFTIME_ISO_UNIX_START_OF_MONTH.rs,P0,memory,SQL_DATETIME,14676732,24997688,-70.321895,3
1372,11414,STRING_LTRIM_HI,SQLITE_PARITY_11414_STRING_LTRIM_HI.rs,P0,memory,SQL_STRING,6559232,11153390,-70.041096,3
1373,10393,SQLITE_MASTER_AFTER_CREATE_TRIGGER,SQLITE_PARITY_10393_SQLITE_MASTER_AFTER_CREATE_TRIGGER.rs,P0,memory,SQL_SCHEMA_INTROSPECTION,22530292,38285124,-69.927332,3
1374,10012,NULL_IN_LIST,SQLITE_PARITY_10012_NULL_IN_LIST.rs,P0,memory,SQL_NULL_SEMANTICS,13671451,23226709,-69.892055,3
1375,10451,JOIN_NATURAL,SQLITE_PARITY_10451_JOIN_NATURAL.rs,P0,memory,SQL_JOIN,21285228,36158923,-69.878016,3
1376,11959,WIN_FIRST_VALUE_EXCL_NO_OTHERS,SQLITE_PARITY_11959_WIN_FIRST_VALUE_EXCL_NO_OTHERS.rs,P0,memory,SQL_WINDOW,6873627,11672502,-69.815761,3
1377,10336,ON_CONFLICT_RETURNING_UPDATED,SQLITE_PARITY_10336_ON_CONFLICT_RETURNING_UPDATED.rs,P0,memory,SQL_UPSERT,26345908,44728497,-69.773982,3
1378,10256,PRAGMA_ENCODING_DEFAULT,SQLITE_PARITY_10256_PRAGMA_ENCODING_DEFAULT.rs,P0,memory,SQL_PRAGMA,24242961,41155010,-69.760658,3
1379,10353,INSERT_RETURNING_MULTI_COL,SQLITE_PARITY_10353_INSERT_RETURNING_MULTI_COL.rs,P0,memory,SQL_RETURNING,17286407,29328587,-69.662712,3
1380,11631,DATETIME_TIME_DATE_2024_PLUS_30_MINUTES,SQLITE_PARITY_11631_DATETIME_TIME_DATE_2024_PLUS_30_MINUTES.rs,P0,memory,SQL_DATETIME,19131256,32455971,-69.648929,3
1381,10131,MODE_HTML_BASIC,SQLITE_PARITY_10131_MODE_HTML_BASIC.rs,P0,memory,CLI_OUTPUT_MODE,25692672,43586648,-69.646224,3
1382,00983,VIEW_TRIGGER_GENERATED_036,SQLITE_PARITY_983_VIEW_TRIGGER_GENERATED_036.rs,P2,memory,GEN_SQL_VIEW_TRIGGER,26663558,45181784,-69.451444,3
1383,00921,CONSTRAINT_FK_SAVEPOINT_054,SQLITE_PARITY_921_CONSTRAINT_FK_SAVEPOINT_054.rs,P2,memory,GEN_SQL_CONSTRAINT_TX,27727450,46966809,-69.387409,3
1384,00719,CTE_RECURSIVE_MATRIX_012,SQLITE_PARITY_719_CTE_RECURSIVE_MATRIX_012.rs,P1,memory,GEN_SQL_CTE,22631835,38325750,-69.344421,3
1385,10528,AGGREGATE_COMPOSITION_SUM_X_TIMES_Y,SQLITE_PARITY_10528_AGGREGATE_COMPOSITION_SUM_X_TIMES_Y.rs,P0,memory,SQL_AGGREGATE_ADV,23325496,39498017,-69.334093,3
1386,11851,JSON_ARROW_A_B_1,SQLITE_PARITY_11851_JSON_ARROW_A_B_1.rs,P0,memory,SQL_JSON,14428674,24411099,-69.184632,3
1387,11419,STRING_RTRIM_NO_SPACE,SQLITE_PARITY_11419_STRING_RTRIM_NO_SPACE.rs,P0,memory,SQL_STRING,12540152,21193374,-69.004124,3
1388,11435,STRING_ZEROBLOB_0,SQLITE_PARITY_11435_STRING_ZEROBLOB_0.rs,P0,memory,SQL_STRING,16050831,27122256,-68.977270,3
1389,11528,DATETIME_JULIANDAY_EPOCH_PLUS_10_SECONDS,SQLITE_PARITY_11528_DATETIME_JULIANDAY_EPOCH_PLUS_10_SECONDS.rs,P0,memory,SQL_DATETIME,12649399,21349790,-68.781062,3
1390,10422,ALTER_ADD_COLUMN_ON_WITHOUT_ROWID,SQLITE_PARITY_10422_ALTER_ADD_COLUMN_ON_WITHOUT_ROWID.rs,P0,memory,SQL_ALTER,24608763,41508428,-68.673362,3
1391,00687,JOIN_SUBQUERY_EXISTS_080,SQLITE_PARITY_687_JOIN_SUBQUERY_EXISTS_080.rs,P1,memory,GEN_SQL_JOIN_SUBQUERY,24656754,41588079,-68.668102,3
1392,00425,DML_WHERE_ORDER_LIMIT_038,SQLITE_PARITY_425_DML_WHERE_ORDER_LIMIT_038.rs,P1,memory,GEN_SQL_DML,20986152,35388816,-68.629370,3
1393,10401,PRAGMA_FOREIGN_KEY_LIST_TVF,SQLITE_PARITY_10401_PRAGMA_FOREIGN_KEY_LIST_TVF.rs,P0,memory,SQL_SCHEMA_INTROSPECTION,23070525,38903412,-68.628204,3
1394,10081,STRICT_INT_ACCEPTS_INT_LITERAL,SQLITE_PARITY_10081_STRICT_INT_ACCEPTS_INT_LITERAL.rs,P0,memory,SQL_STRICT_TABLES,28888966,48699075,-68.573271,3
1395,11728,DATETIME_JULIANDAY_Y2K_BASE,SQLITE_PARITY_11728_DATETIME_JULIANDAY_Y2K_BASE.rs,P0,memory,SQL_DATETIME,15209750,25629713,-68.508444,3
1396,10169,DOT_SEPARATOR_TAB,SQLITE_PARITY_10169_DOT_SEPARATOR_TAB.rs,P0,memory,CLI_DOT_COMMAND,7728945,12990234,-68.072538,3
1397,10622,BLOB_GROUP_BY,SQLITE_PARITY_10622_BLOB_GROUP_BY.rs,P0,memory,SQL_BLOB,19644616,33007363,-68.022439,3
1398,01065,JSON_EXTRACT_SET_058,SQLITE_PARITY_1065_JSON_EXTRACT_SET_058.rs,P2,memory,GEN_SQL_JSON,11748225,19722884,-67.879692,3
1399,00393,DML_WHERE_ORDER_LIMIT_006,SQLITE_PARITY_393_DML_WHERE_ORDER_LIMIT_006.rs,P1,memory,GEN_SQL_DML,14992189,25146409,-67.730069,3
1400,10410,ADD_COLUMN_NOT_NULL_DEFAULT,SQLITE_PARITY_10410_ADD_COLUMN_NOT_NULL_DEFAULT.rs,P0,memory,SQL_ALTER,22808168,38211825,-67.535705,3
1401,10137,MODE_TCL_WITH_NEWLINE,SQLITE_PARITY_10137_MODE_TCL_WITH_NEWLINE.rs,P0,memory,CLI_OUTPUT_MODE,22592841,37835322,-67.465977,3
1402,10320,ROLLBACK_TO_OUTER_DROPS_INNER_WRITES,SQLITE_PARITY_10320_ROLLBACK_TO_OUTER_DROPS_INNER_WRITES.rs,P0,memory,SQL_TRANSACTION,19778338,33114987,-67.430585,3
1403,11698,DATETIME_JULIANDAY_UNIX_START_OF_DAY,SQLITE_PARITY_11698_DATETIME_JULIANDAY_UNIX_START_OF_DAY.rs,P0,memory,SQL_DATETIME,17162543,28730477,-67.402214,3
1404,11600,DATETIME_DATE_Y2K_WEEKDAY_0,SQLITE_PARITY_11600_DATETIME_DATE_Y2K_WEEKDAY_0.rs,P0,memory,SQL_DATETIME,19519951,32650499,-67.267320,3
1405,00661,JOIN_SUBQUERY_EXISTS_054,SQLITE_PARITY_661_JOIN_SUBQUERY_EXISTS_054.rs,P1,memory,GEN_SQL_JOIN_SUBQUERY,27080686,45287514,-67.231783,3
1406,10248,PRAGMA_TRUSTED_SCHEMA_DEFAULT,SQLITE_PARITY_10248_PRAGMA_TRUSTED_SCHEMA_DEFAULT.rs,P0,memory,SQL_PRAGMA,24709353,41319832,-67.223448,3
1407,11564,DATETIME_STRFTIME_ISO_Y2K_MINUS_1_MONTH,SQLITE_PARITY_11564_DATETIME_STRFTIME_ISO_Y2K_MINUS_1_MONTH.rs,P0,memory,SQL_DATETIME,8211217,13724972,-67.149060,3
1408,10479,COMPOUND_LIMIT_OFFSET,SQLITE_PARITY_10479_COMPOUND_LIMIT_OFFSET.rs,P0,memory,SQL_COMPOUND,22375660,37394068,-67.119397,3
1409,00854,WINDOW_PARTITION_SUM_067,SQLITE_PARITY_854_WINDOW_PARTITION_SUM_067.rs,P2,memory,GEN_SQL_WINDOW,17250479,28797993,-66.940251,3
1410,01042,JSON_EXTRACT_SET_035,SQLITE_PARITY_1042_JSON_EXTRACT_SET_035.rs,P2,memory,GEN_SQL_JSON,26795297,44729509,-66.930447,3
1411,01082,INDEX_SCHEMA_PRAGMA_015,SQLITE_PARITY_1082_INDEX_SCHEMA_PRAGMA_015.rs,P2,memory,GEN_SQL_INDEX_PRAGMA,16887112,28184734,-66.900853,3
1412,10017,NULLIF_BASIC,SQLITE_PARITY_10017_NULLIF_BASIC.rs,P0,memory,SQL_NULL_SEMANTICS,13832906,23086675,-66.896782,3
1413,10311,TXN_SEES_OWN_WRITES,SQLITE_PARITY_10311_TXN_SEES_OWN_WRITES.rs,P0,memory,SQL_TRANSACTION,28538213,47618882,-66.860069,3
1414,00621,JOIN_SUBQUERY_EXISTS_014,SQLITE_PARITY_621_JOIN_SUBQUERY_EXISTS_014.rs,P1,memory,GEN_SQL_JOIN_SUBQUERY,29786533,49665292,-66.737404,3
1415,11703,DATETIME_JULIANDAY_UNIX_START_OF_MONTH,SQLITE_PARITY_11703_DATETIME_JULIANDAY_UNIX_START_OF_MONTH.rs,P0,memory,SQL_DATETIME,17302758,28788626,-66.381718,3
1416,10583,DUPLICATE_VIEW_NAME,SQLITE_PARITY_10583_DUPLICATE_VIEW_NAME.rs,P0,memory,SQL_ERROR_MESSAGES,30066773,50005666,-66.315374,3
1417,10195,DOT_INDEXES_NAMED_INDEX,SQLITE_PARITY_10195_DOT_INDEXES_NAMED_INDEX.rs,P0,memory,CLI_DOT_COMMAND,10141277,16861604,-66.267069,3
1418,10595,GLOB_QUESTION_WILDCARD,SQLITE_PARITY_10595_GLOB_QUESTION_WILDCARD.rs,P0,memory,SQL_PATTERN,23371984,38857396,-66.256301,3
1419,10586,MISUSE_OF_AGGREGATE,SQLITE_PARITY_10586_MISUSE_OF_AGGREGATE.rs,P0,memory,SQL_ERROR_MESSAGES,18232636,30312448,-66.253788,3
1420,11535,DATETIME_DATE_EPOCH_START_OF_MONTH,SQLITE_PARITY_11535_DATETIME_DATE_EPOCH_START_OF_MONTH.rs,P0,memory,SQL_DATETIME,17362801,28862586,-66.232315,3
1421,10019,CASE_WHEN_NULL_MATCH,SQLITE_PARITY_10019_CASE_WHEN_NULL_MATCH.rs,P0,memory,SQL_NULL_SEMANTICS,17871553,29683008,-66.090815,3
1422,01127,INDEX_SCHEMA_PRAGMA_060,SQLITE_PARITY_1127_INDEX_SCHEMA_PRAGMA_060.rs,P2,memory,GEN_SQL_INDEX_PRAGMA,23151617,38437502,-66.025129,3
1423,10321,BEGIN_THEN_DDL_THEN_ROLLBACK,SQLITE_PARITY_10321_BEGIN_THEN_DDL_THEN_ROLLBACK.rs,P0,memory,SQL_TRANSACTION,21806855,36194430,-65.977304,3
1424,10452,JOIN_COMMA_IMPLICIT_CROSS,SQLITE_PARITY_10452_JOIN_COMMA_IMPLICIT_CROSS.rs,P0,memory,SQL_JOIN,30205776,50062773,-65.739073,3
1425,11807,JSON_JSON_EXTRACT_D_0,SQLITE_PARITY_11807_JSON_JSON_EXTRACT_D_0.rs,P0,memory,SQL_JSON,7245059,12003357,-65.676456,3
1426,11689,DATETIME_STRFTIME_ISO_UNIX_PLUS_30_MINUTES,SQLITE_PARITY_11689_DATETIME_STRFTIME_ISO_UNIX_PLUS_30_MINUTES.rs,P0,memory,SQL_DATETIME,21348057,35340956,-65.546476,3
1427,00500,DML_WHERE_ORDER_LIMIT_113,SQLITE_PARITY_500_DML_WHERE_ORDER_LIMIT_113.rs,P1,memory,GEN_SQL_DML,26236921,43413039,-65.465448,3
1428,10290,PRAGMA_FOREIGN_KEY_CHECK_ORPHAN,SQLITE_PARITY_10290_PRAGMA_FOREIGN_KEY_CHECK_ORPHAN.rs,P0,memory,SQL_FOREIGN_KEYS,19014535,31436493,-65.328750,3
1429,11555,DATETIME_DATE_Y2K_PLUS_5_DAYS,SQLITE_PARITY_11555_DATETIME_DATE_Y2K_PLUS_5_DAYS.rs,P0,memory,SQL_DATETIME,9389334,15521560,-65.310553,3
1430,00571,AGG_GROUP_HAVING_064,SQLITE_PARITY_571_AGG_GROUP_HAVING_064.rs,P1,memory,GEN_SQL_AGGREGATE,25153803,41576186,-65.287873,3
1431,01031,JSON_EXTRACT_SET_024,SQLITE_PARITY_1031_JSON_EXTRACT_SET_024.rs,P2,memory,GEN_SQL_JSON,23918547,39532271,-65.278731,3
1432,10521,GROUP_BY_HAVING_AGGREGATE,SQLITE_PARITY_10521_GROUP_BY_HAVING_AGGREGATE.rs,P0,memory,SQL_AGGREGATE_ADV,25605608,42319663,-65.274978,3
1433,11418,STRING_RTRIM_,SQLITE_PARITY_11418_STRING_RTRIM_.rs,P0,memory,SQL_STRING,20383172,33684784,-65.257812,3
1434,01114,INDEX_SCHEMA_PRAGMA_047,SQLITE_PARITY_1114_INDEX_SCHEMA_PRAGMA_047.rs,P2,memory,GEN_SQL_INDEX_PRAGMA,15169083,25059184,-65.199070,3
1435,10450,JOIN_CROSS,SQLITE_PARITY_10450_JOIN_CROSS.rs,P0,memory,SQL_JOIN,30056554,49609647,-65.054341,3
1436,10356,UPDATE_RETURNING_BASIC,SQLITE_PARITY_10356_UPDATE_RETURNING_BASIC.rs,P0,memory,SQL_RETURNING,17617944,29066071,-64.979926,3
1437,10620,QUOTE_BLOB_HEX_LITERAL,SQLITE_PARITY_10620_QUOTE_BLOB_HEX_LITERAL.rs,P0,memory,SQL_BLOB,24941973,41142216,-64.951730,3
1438,00503,DML_WHERE_ORDER_LIMIT_116,SQLITE_PARITY_503_DML_WHERE_ORDER_LIMIT_116.rs,P1,memory,GEN_SQL_DML,13564699,22372164,-64.929307,3
1439,10461,JOIN_INDEXED_BY,SQLITE_PARITY_10461_JOIN_INDEXED_BY.rs,P0,memory,SQL_JOIN,27256519,44941891,-64.884925,3
1440,01122,INDEX_SCHEMA_PRAGMA_055,SQLITE_PARITY_1122_INDEX_SCHEMA_PRAGMA_055.rs,P2,memory,GEN_SQL_INDEX_PRAGMA,12544921,20668733,-64.757777,3
1441,12001,PRAGMA_PAGE_COUNT,SQLITE_PARITY_12001_PRAGMA_PAGE_COUNT.rs,P1,memory,SQL_PRAGMA,12529913,20620802,-64.572587,3
1442,10283,FK_UPDATE_CASCADE_REWRITES_CHILD,SQLITE_PARITY_10283_FK_UPDATE_CASCADE_REWRITES_CHILD.rs,P0,memory,SQL_FOREIGN_KEYS,19875964,32693651,-64.488379,3
1443,00942,CONSTRAINT_FK_SAVEPOINT_075,SQLITE_PARITY_942_CONSTRAINT_FK_SAVEPOINT_075.rs,P2,memory,GEN_SQL_CONSTRAINT_TX,13941332,22929687,-64.472713,3
1444,00623,JOIN_SUBQUERY_EXISTS_016,SQLITE_PARITY_623_JOIN_SUBQUERY_EXISTS_016.rs,P1,memory,GEN_SQL_JOIN_SUBQUERY,29458082,48444083,-64.450907,3
1445,10018,IIF_NULL_CONDITION,SQLITE_PARITY_10018_IIF_NULL_CONDITION.rs,P0,memory,SQL_NULL_SEMANTICS,4441258,7300154,-64.371311,3
1446,00742,CTE_RECURSIVE_MATRIX_035,SQLITE_PARITY_742_CTE_RECURSIVE_MATRIX_035.rs,P1,memory,GEN_SQL_CTE,3361056,5514427,-64.068287,3
1447,10512,COUNT_DISTINCT_BASIC,SQLITE_PARITY_10512_COUNT_DISTINCT_BASIC.rs,P0,memory,SQL_AGGREGATE_ADV,23657123,38809996,-64.052053,3
1448,00370,SCALAR_STRING_036,SQLITE_PARITY_370_SCALAR_STRING_036.rs,P1,memory,GEN_SQL_SCALAR,23652625,38770490,-63.916225,3
1449,00290,SCALAR_STRING_016,SQLITE_PARITY_290_SCALAR_STRING_016.rs,P1,memory,GEN_SQL_SCALAR,20107732,32950726,-63.870923,3
1450,10604,NOT_LIKE_PRESERVES_NULL,SQLITE_PARITY_10604_NOT_LIKE_PRESERVES_NULL.rs,P0,memory,SQL_PATTERN,20928363,34249502,-63.651127,3
1451,00888,CONSTRAINT_FK_SAVEPOINT_021,SQLITE_PARITY_888_CONSTRAINT_FK_SAVEPOINT_021.rs,P2,memory,GEN_SQL_CONSTRAINT_TX,18682056,30565586,-63.609327,3
1452,10094,STRICT_BLOB_REJECTS_INTEGER,SQLITE_PARITY_10094_STRICT_BLOB_REJECTS_INTEGER.rs,P0,memory,SQL_STRICT_TABLES,23389126,38256650,-63.565967,3
1453,11502,DATETIME_DATETIME_EPOCH_PLUS_5_DAYS,SQLITE_PARITY_11502_DATETIME_DATETIME_EPOCH_PLUS_5_DAYS.rs,P0,memory,SQL_DATETIME,17762547,29052886,-63.562613,3
1454,00631,JOIN_SUBQUERY_EXISTS_024,SQLITE_PARITY_631_JOIN_SUBQUERY_EXISTS_024.rs,P1,memory,GEN_SQL_JOIN_SUBQUERY,15948307,26082619,-63.544751,3
1455,11090,MATH_TRUNC_1_4,SQLITE_PARITY_11090_MATH_TRUNC_1_4.rs,P1,memory,SQL_MATH,21403933,34936301,-63.223745,3
1456,00310,SCALAR_STRING_021,SQLITE_PARITY_310_SCALAR_STRING_021.rs,P1,memory,GEN_SQL_SCALAR,17480935,28526029,-63.183657,3
1457,00955,VIEW_TRIGGER_GENERATED_008,SQLITE_PARITY_955_VIEW_TRIGGER_GENERATED_008.rs,P2,memory,GEN_SQL_VIEW_TRIGGER,19575305,31937730,-63.153167,3
1458,10119,MODE_COLUMN_HEADERS_OFF,SQLITE_PARITY_10119_MODE_COLUMN_HEADERS_OFF.rs,P0,memory,CLI_OUTPUT_MODE,25274772,41218139,-63.080162,3
1459,00958,VIEW_TRIGGER_GENERATED_011,SQLITE_PARITY_958_VIEW_TRIGGER_GENERATED_011.rs,P2,memory,GEN_SQL_VIEW_TRIGGER,29190386,47594105,-63.047193,3
1460,11009,MATH_ASIN_0_0,SQLITE_PARITY_11009_MATH_ASIN_0_0.rs,P1,memory,SQL_MATH,19322347,31461580,-62.824837,3
1461,00695,JOIN_SUBQUERY_EXISTS_088,SQLITE_PARITY_695_JOIN_SUBQUERY_EXISTS_088.rs,P1,memory,GEN_SQL_JOIN_SUBQUERY,27926135,45463095,-62.797662,3
1462,10217,OPT_MODE_LIST,SQLITE_PARITY_10217_OPT_MODE_LIST.rs,P0,memory,CLI_OPTION,16532030,26910024,-62.775074,3
1463,01015,JSON_EXTRACT_SET_008,SQLITE_PARITY_1015_JSON_EXTRACT_SET_008.rs,P2,memory,GEN_SQL_JSON,25675219,41770544,-62.688170,3
1464,00532,AGG_GROUP_HAVING_025,SQLITE_PARITY_532_AGG_GROUP_HAVING_025.rs,P1,memory,GEN_SQL_AGGREGATE,11597270,18864090,-62.659747,3
1465,00574,AGG_GROUP_HAVING_067,SQLITE_PARITY_574_AGG_GROUP_HAVING_067.rs,P1,memory,GEN_SQL_AGGREGATE,21761178,35354021,-62.463728,3
1466,00583,AGG_GROUP_HAVING_076,SQLITE_PARITY_583_AGG_GROUP_HAVING_076.rs,P1,memory,GEN_SQL_AGGREGATE,28111565,45632997,-62.328198,3
1467,11855,JSON_ARROW_D,SQLITE_PARITY_11855_JSON_ARROW_D.rs,P0,memory,SQL_JSON,14995415,24320238,-62.184494,3
1468,00707,JOIN_SUBQUERY_EXISTS_100,SQLITE_PARITY_707_JOIN_SUBQUERY_EXISTS_100.rs,P1,memory,GEN_SQL_JOIN_SUBQUERY,19163125,31060583,-62.085166,3
1469,00646,JOIN_SUBQUERY_EXISTS_039,SQLITE_PARITY_646_JOIN_SUBQUERY_EXISTS_039.rs,P1,memory,GEN_SQL_JOIN_SUBQUERY,30022228,48645012,-62.029987,3
1470,00648,JOIN_SUBQUERY_EXISTS_041,SQLITE_PARITY_648_JOIN_SUBQUERY_EXISTS_041.rs,P1,memory,GEN_SQL_JOIN_SUBQUERY,25917296,41992714,-62.025830,3
1471,11637,DATETIME_DATETIME_DATE_2024_PLUS_10_SECONDS,SQLITE_PARITY_11637_DATETIME_DATETIME_DATE_2024_PLUS_10_SECONDS.rs,P0,memory,SQL_DATETIME,24149594,39127146,-62.019892,3
1472,10504,CHECK_CONSTRAINT_SUBQUERY_REJECTED,SQLITE_PARITY_10504_CHECK_CONSTRAINT_SUBQUERY_REJECTED.rs,P0,memory,SQL_SUBQUERY,21699842,35157589,-62.017719,3
1473,00523,AGG_GROUP_HAVING_016,SQLITE_PARITY_523_AGG_GROUP_HAVING_016.rs,P1,memory,GEN_SQL_AGGREGATE,13765650,22296661,-61.973180,3
1474,11074,MATH_SINH_1_0,SQLITE_PARITY_11074_MATH_SINH_1_0.rs,P1,memory,SQL_MATH,18861525,30549406,-61.966787,3
1475,11329,AFFINITY_DOUBLE_TEXT_BARE,SQLITE_PARITY_11329_AFFINITY_DOUBLE_TEXT_BARE.rs,P0,memory,SQL_TYPE_AFFINITY,15946112,25819082,-61.914591,3
1476,10343,INSERT_SELECT_UPSERT,SQLITE_PARITY_10343_INSERT_SELECT_UPSERT.rs,P0,memory,SQL_UPSERT,11539901,18683850,-61.906502,3
1477,10007,IS_DISTINCT_FROM_BASIC,SQLITE_PARITY_10007_IS_DISTINCT_FROM_BASIC.rs,P0,memory,SQL_NULL_SEMANTICS,9816322,15855441,-61.521199,3
1478,11425,STRING_QUOTE_A_B,SQLITE_PARITY_11425_STRING_QUOTE_A_B.rs,P0,memory,SQL_STRING,16147003,26077269,-61.499128,3
1479,01038,JSON_EXTRACT_SET_031,SQLITE_PARITY_1038_JSON_EXTRACT_SET_031.rs,P2,memory,GEN_SQL_JSON,34313473,55369157,-61.362731,3
1480,10041,DISTINCT_ORDER_BY_DESC_NULLS_LAST,SQLITE_PARITY_10041_DISTINCT_ORDER_BY_DESC_NULLS_LAST.rs,P0,memory,SQL_NULL_ORDER,19193633,30969059,-61.350689,3
1481,01081,INDEX_SCHEMA_PRAGMA_014,SQLITE_PARITY_1081_INDEX_SCHEMA_PRAGMA_014.rs,P2,memory,GEN_SQL_INDEX_PRAGMA,14719913,23736644,-61.255328,3
1482,10524,GROUP_BY_ROLLUP_UNSUPPORTED,SQLITE_PARITY_10524_GROUP_BY_ROLLUP_UNSUPPORTED.rs,P0,memory,SQL_AGGREGATE_ADV,23786829,38332583,-61.150454,3
1483,00663,JOIN_SUBQUERY_EXISTS_056,SQLITE_PARITY_663_JOIN_SUBQUERY_EXISTS_056.rs,P1,memory,GEN_SQL_JOIN_SUBQUERY,27882693,44859745,-60.887419,3
1484,11071,MATH_SIN_1_5707963267949,SQLITE_PARITY_11071_MATH_SIN_1_5707963267949.rs,P1,memory,SQL_MATH,20619740,33164882,-60.840447,3
1485,00734,CTE_RECURSIVE_MATRIX_027,SQLITE_PARITY_734_CTE_RECURSIVE_MATRIX_027.rs,P1,memory,GEN_SQL_CTE,4622801,7432174,-60.772095,3
1486,00579,AGG_GROUP_HAVING_072,SQLITE_PARITY_579_AGG_GROUP_HAVING_072.rs,P1,memory,GEN_SQL_AGGREGATE,23590467,37918409,-60.736152,3
1487,10338,MULTIPLE_ON_CONFLICT_CLAUSES,SQLITE_PARITY_10338_MULTIPLE_ON_CONFLICT_CLAUSES.rs,P0,memory,SQL_UPSERT,21983719,35296793,-60.558789,3
1488,11856,JSON_DARROW_D,SQLITE_PARITY_11856_JSON_DARROW_D.rs,P0,memory,SQL_JSON,14117414,22657192,-60.491093,3
1489,12008,PRAGMA_CHECKPOINT_FULLFSYNC,SQLITE_PARITY_12008_PRAGMA_CHECKPOINT_FULLFSYNC.rs,P1,memory,SQL_PRAGMA,16686793,26762275,-60.379978,3
1490,11076,MATH_SQRT_0_0,SQLITE_PARITY_11076_MATH_SQRT_0_0.rs,P1,memory,SQL_MATH,21075191,33762522,-60.200313,3
1491,10535,HAVING_AGG_DIFFERENT_FROM_SELECT_AGG,SQLITE_PARITY_10535_HAVING_AGG_DIFFERENT_FROM_SELECT_AGG.rs,P0,memory,SQL_AGGREGATE_ADV,26207075,41982224,-60.194238,3
1492,11342,AFFINITY_VARCHAR_8_REAL_HALF,SQLITE_PARITY_11342_AFFINITY_VARCHAR_8_REAL_HALF.rs,P0,memory,SQL_TYPE_AFFINITY,23307292,37330067,-60.164754,3
1493,00452,DML_WHERE_ORDER_LIMIT_065,SQLITE_PARITY_452_DML_WHERE_ORDER_LIMIT_065.rs,P1,memory,GEN_SQL_DML,17187700,27514607,-60.083123,3
1494,00736,CTE_RECURSIVE_MATRIX_029,SQLITE_PARITY_736_CTE_RECURSIVE_MATRIX_029.rs,P1,memory,GEN_SQL_CTE,2054635,4793574,-59.785800,3
1495,11445,STRING_FORMAT_D_S_42_FOO,SQLITE_PARITY_11445_STRING_FORMAT_D_S_42_FOO.rs,P0,memory,SQL_STRING,19633765,31330122,-59.572665,3
1496,11649,DATETIME_STRFTIME_ISO_DATE_2024_START_OF_MONTH,SQLITE_PARITY_11649_DATETIME_STRFTIME_ISO_DATE_2024_START_OF_MONTH.rs,P0,memory,SQL_DATETIME,25074474,40010977,-59.568560,3
1497,10398,PRAGMA_TABLE_XINFO_INCLUDES_GENERATED,SQLITE_PARITY_10398_PRAGMA_TABLE_XINFO_INCLUDES_GENERATED.rs,P0,memory,SQL_SCHEMA_INTROSPECTION,25741264,41057986,-59.502603,3
1498,01067,JSON_EXTRACT_SET_060,SQLITE_PARITY_1067_JSON_EXTRACT_SET_060.rs,P2,memory,GEN_SQL_JSON,11281232,17992913,-59.494220,3
1499,11044,MATH_EXP_0_0,SQLITE_PARITY_11044_MATH_EXP_0_0.rs,P1,memory,SQL_MATH,22981185,36648388,-59.471272,3
1500,10560,NO_SUCH_SAVEPOINT,SQLITE_PARITY_10560_NO_SUCH_SAVEPOINT.rs,P0,memory,SQL_ERROR_MESSAGES,28581044,45565970,-59.427241,3
1501,11214,CAST_INT_NEG_3_AS_NUMERIC,SQLITE_PARITY_11214_CAST_INT_NEG_3_AS_NUMERIC.rs,P0,memory,SQL_CAST,3158252,5032526,-59.345296,3
1502,10224,OPT_PAGECACHE_ZERO,SQLITE_PARITY_10224_OPT_PAGECACHE_ZERO.rs,P0,memory,CLI_OPTION,21486830,34236177,-59.335635,3
1503,10009,NULL_AND_FALSE_SHORTCIRCUIT,SQLITE_PARITY_10009_NULL_AND_FALSE_SHORTCIRCUIT.rs,P0,memory,SQL_NULL_SEMANTICS,14644191,23291983,-59.052712,3
1504,11717,DATETIME_DATETIME_UNIX_UTC,SQLITE_PARITY_11717_DATETIME_DATETIME_UNIX_UTC.rs,P0,memory,SQL_DATETIME,16640926,26453050,-58.963810,3
1505,10057,AVG_TYPEOF_REAL_WITH_NULLS,SQLITE_PARITY_10057_AVG_TYPEOF_REAL_WITH_NULLS.rs,P0,memory,SQL_AGGREGATE_NULL,23168068,36802880,-58.851744,3
1506,10095,STRICT_BLOB_REJECTS_TEXT,SQLITE_PARITY_10095_STRICT_BLOB_REJECTS_TEXT.rs,P0,memory,SQL_STRICT_TABLES,28895298,45890574,-58.816753,3
1507,00485,DML_WHERE_ORDER_LIMIT_098,SQLITE_PARITY_485_DML_WHERE_ORDER_LIMIT_098.rs,P1,memory,GEN_SQL_DML,20054331,31809919,-58.618699,3
1508,10553,STRICT_TABLE_TYPE_REJECT,SQLITE_PARITY_10553_STRICT_TABLE_TYPE_REJECT.rs,P0,memory,SQL_ERROR_MESSAGES,25577434,40559744,-58.576283,3
1509,11962,WIN_LAST_VALUE_ROWS_1_PREC_1_FOLL,SQLITE_PARITY_11962_WIN_LAST_VALUE_ROWS_1_PREC_1_FOLL.rs,P0,memory,SQL_WINDOW,6140932,9720961,-58.297812,3
1510,10519,GROUP_CONCAT_DELIMITER_ORDER_BY,SQLITE_PARITY_10519_GROUP_CONCAT_DELIMITER_ORDER_BY.rs,P0,memory,SQL_AGGREGATE_ADV,30602867,48436759,-58.275233,3
1511,10033,CREATE_INDEX_DESC_DEFAULT_OK,SQLITE_PARITY_10033_CREATE_INDEX_DESC_DEFAULT_OK.rs,P0,memory,SQL_NULL_ORDER,18613817,29448745,-58.209061,3
1512,00659,JOIN_SUBQUERY_EXISTS_052,SQLITE_PARITY_659_JOIN_SUBQUERY_EXISTS_052.rs,P1,memory,GEN_SQL_JOIN_SUBQUERY,30409131,48103368,-58.187250,3
1513,00750,CTE_RECURSIVE_MATRIX_043,SQLITE_PARITY_750_CTE_RECURSIVE_MATRIX_043.rs,P1,memory,GEN_SQL_CTE,2675018,4745383,-58.179433,3
1514,00294,SCALAR_STRING_017,SQLITE_PARITY_294_SCALAR_STRING_017.rs,P1,memory,GEN_SQL_SCALAR,13192316,20860094,-58.123062,3
1515,00479,DML_WHERE_ORDER_LIMIT_092,SQLITE_PARITY_479_DML_WHERE_ORDER_LIMIT_092.rs,P1,memory,GEN_SQL_DML,19541641,30866394,-57.951904,3
1516,00749,CTE_RECURSIVE_MATRIX_042,SQLITE_PARITY_749_CTE_RECURSIVE_MATRIX_042.rs,P1,memory,GEN_SQL_CTE,10718597,16929292,-57.943171,3
1517,10133,MODE_INSERT_DEFAULT,SQLITE_PARITY_10133_MODE_INSERT_DEFAULT.rs,P0,memory,CLI_OUTPUT_MODE,25593625,40420591,-57.932262,3
1518,00280,SCALAR_ARITH_014,SQLITE_PARITY_280_SCALAR_ARITH_014.rs,P1,memory,GEN_SQL_SCALAR,15903953,25112415,-57.900460,3
1519,01035,JSON_EXTRACT_SET_028,SQLITE_PARITY_1035_JSON_EXTRACT_SET_028.rs,P2,memory,GEN_SQL_JSON,29455176,46494316,-57.847694,3
1520,00403,DML_WHERE_ORDER_LIMIT_016,SQLITE_PARITY_403_DML_WHERE_ORDER_LIMIT_016.rs,P1,memory,GEN_SQL_DML,18975119,29944883,-57.811305,3
1521,00934,CONSTRAINT_FK_SAVEPOINT_067,SQLITE_PARITY_934_CONSTRAINT_FK_SAVEPOINT_067.rs,P2,memory,GEN_SQL_CONSTRAINT_TX,28741587,45312410,-57.654516,3
1522,00737,CTE_RECURSIVE_MATRIX_030,SQLITE_PARITY_737_CTE_RECURSIVE_MATRIX_030.rs,P1,memory,GEN_SQL_CTE,28092150,44278867,-57.620072,3
1523,11567,DATETIME_DATETIME_Y2K_PLUS_1_YEAR,SQLITE_PARITY_11567_DATETIME_DATETIME_Y2K_PLUS_1_YEAR.rs,P0,memory,SQL_DATETIME,23164061,36491703,-57.535861,3
1524,00870,CONSTRAINT_FK_SAVEPOINT_003,SQLITE_PARITY_870_CONSTRAINT_FK_SAVEPOINT_003.rs,P2,memory,GEN_SQL_CONSTRAINT_TX,25328042,39888554,-57.487713,3
1525,11695,DATETIME_DATE_UNIX_START_OF_DAY,SQLITE_PARITY_11695_DATETIME_DATE_UNIX_START_OF_DAY.rs,P0,memory,SQL_DATETIME,18503438,29134942,-57.456912,3
1526,10424,ADD_COLUMN_DEFAULT_FILLS_EXISTING_ROWS,SQLITE_PARITY_10424_ADD_COLUMN_DEFAULT_FILLS_EXISTING_ROWS.rs,P0,memory,SQL_ALTER,25213356,39698406,-57.449909,3
1527,00391,DML_WHERE_ORDER_LIMIT_004,SQLITE_PARITY_391_DML_WHERE_ORDER_LIMIT_004.rs,P1,memory,GEN_SQL_DML,15610487,24572474,-57.410041,3
1528,10522,GROUP_BY_MULTIPLE_COLUMNS,SQLITE_PARITY_10522_GROUP_BY_MULTIPLE_COLUMNS.rs,P0,memory,SQL_AGGREGATE_ADV,28176469,44255132,-57.064152,3
1529,00597,AGG_GROUP_HAVING_090,SQLITE_PARITY_597_AGG_GROUP_HAVING_090.rs,P1,memory,GEN_SQL_AGGREGATE,30398901,47697641,-56.905807,3
1530,00880,CONSTRAINT_FK_SAVEPOINT_013,SQLITE_PARITY_880_CONSTRAINT_FK_SAVEPOINT_013.rs,P2,memory,GEN_SQL_CONSTRAINT_TX,25797721,40399351,-56.600465,3
1531,00824,WINDOW_PARTITION_SUM_037,SQLITE_PARITY_824_WINDOW_PARTITION_SUM_037.rs,P2,memory,GEN_SQL_WINDOW,19421944,30410553,-56.578317,3
1532,11439,STRING_SOUNDEX_X,SQLITE_PARITY_11439_STRING_SOUNDEX_X.rs,P0,memory,SQL_STRING,11179069,17493779,-56.486904,3
1533,11238,CAST_TEXT_BARE_AS_BLOB,SQLITE_PARITY_11238_CAST_TEXT_BARE_AS_BLOB.rs,P0,memory,SQL_CAST,14767494,23103867,-56.450830,3
1534,10530,FILTER_PLUS_DISTINCT_COMBO,SQLITE_PARITY_10530_FILTER_PLUS_DISTINCT_COMBO.rs,P0,memory,SQL_AGGREGATE_ADV,24698402,38597755,-56.276325,3
1535,11405,STRING_OCTET_LENGTH_,SQLITE_PARITY_11405_STRING_OCTET_LENGTH_.rs,P0,memory,SQL_STRING,18844323,29443325,-56.245066,3
1536,10266,PRAGMA_QUICK_CHECK_OK,SQLITE_PARITY_10266_PRAGMA_QUICK_CHECK_OK.rs,P0,memory,SQL_PRAGMA,19171271,29948069,-56.213268,3
1537,10430,REC_MULTI_TWO_RECURSIVE_CTES,SQLITE_PARITY_10430_REC_MULTI_TWO_RECURSIVE_CTES.rs,P0,memory,SQL_RECURSIVE_CTE,21468956,33513320,-56.101303,3
1538,00467,DML_WHERE_ORDER_LIMIT_080,SQLITE_PARITY_467_DML_WHERE_ORDER_LIMIT_080.rs,P1,memory,GEN_SQL_DML,21294105,33239553,-56.097441,3
1539,10541,HAVING_IS_NULL_FILTER,SQLITE_PARITY_10541_HAVING_IS_NULL_FILTER.rs,P0,memory,SQL_AGGREGATE_ADV,28141052,43851349,-55.826971,3
1540,10584,FK_REF_NONEXISTENT_TABLE,SQLITE_PARITY_10584_FK_REF_NONEXISTENT_TABLE.rs,P0,memory,SQL_ERROR_MESSAGES,26018058,40539786,-55.814035,3
1541,10309,RELEASE_UNKNOWN_SAVEPOINT_REJECTED,SQLITE_PARITY_10309_RELEASE_UNKNOWN_SAVEPOINT_REJECTED.rs,P0,memory,SQL_TRANSACTION,26319047,40989607,-55.741228,3
1542,11585,DATETIME_DATE_Y2K_START_OF_DAY,SQLITE_PARITY_11585_DATETIME_DATE_Y2K_START_OF_DAY.rs,P0,memory,SQL_DATETIME,21280760,33131679,-55.688420,3
1543,00454,DML_WHERE_ORDER_LIMIT_067,SQLITE_PARITY_454_DML_WHERE_ORDER_LIMIT_067.rs,P1,memory,GEN_SQL_DML,17904946,27860321,-55.601257,3
1544,10491,EXISTS_SUBQUERY_RETURNS_0_OR_1,SQLITE_PARITY_10491_EXISTS_SUBQUERY_RETURNS_0_OR_1.rs,P0,memory,SQL_SUBQUERY,22449239,34914189,-55.525045,3
1545,00887,CONSTRAINT_FK_SAVEPOINT_020,SQLITE_PARITY_887_CONSTRAINT_FK_SAVEPOINT_020.rs,P2,memory,GEN_SQL_CONSTRAINT_TX,24821615,38601160,-55.514297,3
1546,10045,SUM_AVG_IGNORE_NULL,SQLITE_PARITY_10045_SUM_AVG_IGNORE_NULL.rs,P0,memory,SQL_AGGREGATE_NULL,19767057,30723775,-55.429182,3
1547,10292,FK_COMPOSITE_VIOLATION_REJECTED,SQLITE_PARITY_10292_FK_COMPOSITE_VIOLATION_REJECTED.rs,P0,memory,SQL_FOREIGN_KEYS,28288020,43949284,-55.363592,3
1548,10080,STRICT_FIVE_TYPES_TYPEOF,SQLITE_PARITY_10080_STRICT_FIVE_TYPES_TYPEOF.rs,P0,memory,SQL_STRICT_TABLES,25533552,39653020,-55.297704,3
1549,12030,PRAGMA_SET_AUTOMATIC_INDEX_ON,SQLITE_PARITY_12030_PRAGMA_SET_AUTOMATIC_INDEX_ON.rs,P1,memory,SQL_PRAGMA,10752021,16695159,-55.274613,3
1550,01095,INDEX_SCHEMA_PRAGMA_028,SQLITE_PARITY_1095_INDEX_SCHEMA_PRAGMA_028.rs,P2,memory,GEN_SQL_INDEX_PRAGMA,10571058,16410761,-55.242370,3
1551,00531,AGG_GROUP_HAVING_024,SQLITE_PARITY_531_AGG_GROUP_HAVING_024.rs,P1,memory,GEN_SQL_AGGREGATE,10977668,17041724,-55.239929,3
1552,00862,WINDOW_PARTITION_SUM_075,SQLITE_PARITY_862_WINDOW_PARTITION_SUM_075.rs,P2,memory,GEN_SQL_WINDOW,26663878,41388151,-55.221799,3
1553,00305,SCALAR_CAST_TYPEOF_020,SQLITE_PARITY_305_SCALAR_CAST_TYPEOF_020.rs,P1,memory,GEN_SQL_SCALAR,4238624,6574812,-55.116661,3
1554,10372,ATTACH_FILE_BASIC,SQLITE_PARITY_10372_ATTACH_FILE_BASIC.rs,P0,memory,SQL_ATTACH,22755088,35287165,-55.073736,3
1555,00407,DML_WHERE_ORDER_LIMIT_020,SQLITE_PARITY_407_DML_WHERE_ORDER_LIMIT_020.rs,P1,memory,GEN_SQL_DML,20660387,32030276,-55.032314,3
1556,10091,STRICT_TEXT_COERCES_REAL,SQLITE_PARITY_10091_STRICT_TEXT_COERCES_REAL.rs,P0,memory,SQL_STRICT_TABLES,25685058,39817090,-55.020440,3
1557,11550,DATETIME_DATE_EPOCH_UTC,SQLITE_PARITY_11550_DATETIME_DATE_EPOCH_UTC.rs,P0,memory,SQL_DATETIME,24189390,37497855,-55.017778,3
1558,10308,ROLLBACK_TO_SAVEPOINT_DOES_NOT_CLOSE,SQLITE_PARITY_10308_ROLLBACK_TO_SAVEPOINT_DOES_NOT_CLOSE.rs,P0,memory,SQL_TRANSACTION,21267114,32955847,-54.961538,3
1559,00771,CTE_RECURSIVE_MATRIX_064,SQLITE_PARITY_771_CTE_RECURSIVE_MATRIX_064.rs,P1,memory,GEN_SQL_CTE,6906299,10701285,-54.949634,3
1560,11059,MATH_LOG10_0_1,SQLITE_PARITY_11059_MATH_LOG10_0_1.rs,P1,memory,SQL_MATH,8365068,12957973,-54.905770,3
1561,10543,TOTAL_ALL_NULL_RETURNS_ZERO_REAL,SQLITE_PARITY_10543_TOTAL_ALL_NULL_RETURNS_ZERO_REAL.rs,P0,memory,SQL_AGGREGATE_ADV,21401969,33121008,-54.756826,3
1562,10046,SUM_AVG_ALL_NULL_RETURNS_NULL,SQLITE_PARITY_10046_SUM_AVG_ALL_NULL_RETURNS_NULL.rs,P0,memory,SQL_AGGREGATE_NULL,15777534,24408344,-54.703162,3
1563,10077,AUTOINCREMENT_WITHOUT_ROWID_REJECTED,SQLITE_PARITY_10077_AUTOINCREMENT_WITHOUT_ROWID_REJECTED.rs,P0,memory,SQL_AUTOINCREMENT,18366900,28410731,-54.684411,3
1564,00970,VIEW_TRIGGER_GENERATED_023,SQLITE_PARITY_970_VIEW_TRIGGER_GENERATED_023.rs,P2,memory,GEN_SQL_VIEW_TRIGGER,31825849,49205072,-54.607257,3
1565,10458,JOIN_ORDER_INDEPENDENCE,SQLITE_PARITY_10458_JOIN_ORDER_INDEPENDENCE.rs,P0,memory,SQL_JOIN,28593368,44202883,-54.591383,3
1566,00677,JOIN_SUBQUERY_EXISTS_070,SQLITE_PARITY_677_JOIN_SUBQUERY_EXISTS_070.rs,P1,memory,GEN_SQL_JOIN_SUBQUERY,27976852,43231396,-54.525591,3
1567,11447,STRING_CONCAT_A_B_C,SQLITE_PARITY_11447_STRING_CONCAT_A_B_C.rs,P0,memory,SQL_STRING,7688618,11873451,-54.428936,3
1568,11356,AFFINITY_NUMERIC_INT_1,SQLITE_PARITY_11356_AFFINITY_NUMERIC_INT_1.rs,P0,memory,SQL_TYPE_AFFINITY,15031883,23205219,-54.373334,3
1569,10405,PRAGMA_MODULE_LIST_FILTER,SQLITE_PARITY_10405_PRAGMA_MODULE_LIST_FILTER.rs,P0,memory,SQL_SCHEMA_INTROSPECTION,22282985,34346215,-54.136508,3
1570,12000,PRAGMA_FREELIST_COUNT,SQLITE_PARITY_12000_PRAGMA_FREELIST_COUNT.rs,P1,memory,SQL_PRAGMA,12412431,19131836,-54.134480,3
1571,11586,DATETIME_TIME_Y2K_START_OF_DAY,SQLITE_PARITY_11586_DATETIME_TIME_Y2K_START_OF_DAY.rs,P0,memory,SQL_DATETIME,13964014,21507659,-54.022038,3
1572,11242,CAST_BLOB_HEX_AS_TEXT,SQLITE_PARITY_11242_CAST_BLOB_HEX_AS_TEXT.rs,P0,memory,SQL_CAST,10035165,15456166,-54.020048,3
1573,01021,JSON_EXTRACT_SET_014,SQLITE_PARITY_1021_JSON_EXTRACT_SET_014.rs,P2,memory,GEN_SQL_JSON,23342608,35928667,-53.918821,3
1574,10054,FILTER_WHERE_IS_NOT_NULL,SQLITE_PARITY_10054_FILTER_WHERE_IS_NOT_NULL.rs,P0,memory,SQL_AGGREGATE_NULL,21473033,33044835,-53.889928,3
1575,00815,WINDOW_PARTITION_SUM_028,SQLITE_PARITY_815_WINDOW_PARTITION_SUM_028.rs,P2,memory,GEN_SQL_WINDOW,3626457,5579740,-53.862020,3
1576,11423,STRING_HEX_,SQLITE_PARITY_11423_STRING_HEX_.rs,P0,memory,SQL_STRING,23140146,35603322,-53.859539,3
1577,00674,JOIN_SUBQUERY_EXISTS_067,SQLITE_PARITY_674_JOIN_SUBQUERY_EXISTS_067.rs,P1,memory,GEN_SQL_JOIN_SUBQUERY,28459924,43779582,-53.828879,3
1578,10577,ORDER_BY_OUT_OF_RANGE,SQLITE_PARITY_10577_ORDER_BY_OUT_OF_RANGE.rs,P0,memory,SQL_ERROR_MESSAGES,19806182,30458835,-53.784485,3
1579,10503,SUBQUERY_GROUP_BY_HAVING_IN_WHERE,SQLITE_PARITY_10503_SUBQUERY_GROUP_BY_HAVING_IN_WHERE.rs,P0,memory,SQL_SUBQUERY,32378073,49761463,-53.688773,3
1580,11686,DATETIME_TIME_UNIX_PLUS_30_MINUTES,SQLITE_PARITY_11686_DATETIME_TIME_UNIX_PLUS_30_MINUTES.rs,P0,memory,SQL_DATETIME,21730380,33365000,-53.540803,3
1581,10150,CLI_FLAG_CSV,SQLITE_PARITY_10150_CLI_FLAG_CSV.rs,P0,memory,CLI_OUTPUT_MODE,18647631,28616311,-53.458158,3
1582,01087,INDEX_SCHEMA_PRAGMA_020,SQLITE_PARITY_1087_INDEX_SCHEMA_PRAGMA_020.rs,P2,memory,GEN_SQL_INDEX_PRAGMA,21620552,33153881,-53.344286,3
1583,00841,WINDOW_PARTITION_SUM_054,SQLITE_PARITY_841_WINDOW_PARTITION_SUM_054.rs,P2,memory,GEN_SQL_WINDOW,16538974,25360324,-53.336743,3
1584,10199,OPT_BATCH_NONINTERACTIVE,SQLITE_PARITY_10199_OPT_BATCH_NONINTERACTIVE.rs,P0,memory,CLI_OPTION,13347739,20463504,-53.310639,3
1585,00318,SCALAR_STRING_023,SQLITE_PARITY_318_SCALAR_STRING_023.rs,P1,memory,GEN_SQL_SCALAR,3832056,5860372,-52.930229,3
1586,10168,DOT_SEPARATOR_SEMI,SQLITE_PARITY_10168_DOT_SEPARATOR_SEMI.rs,P0,memory,CLI_DOT_COMMAND,24033886,36751964,-52.917277,3
1587,11939,WIN_MIN_EXCL_NO_OTHERS,SQLITE_PARITY_11939_WIN_MIN_EXCL_NO_OTHERS.rs,P0,memory,SQL_WINDOW,13076256,19975582,-52.762243,3
1588,10484,COMPOUND_PRESERVES_TYPED_NULLS,SQLITE_PARITY_10484_COMPOUND_PRESERVES_TYPED_NULLS.rs,P0,memory,SQL_COMPOUND,28034199,42798678,-52.665956,3
1589,00575,AGG_GROUP_HAVING_068,SQLITE_PARITY_575_AGG_GROUP_HAVING_068.rs,P1,memory,GEN_SQL_AGGREGATE,17739514,27077821,-52.641279,3
1590,00969,VIEW_TRIGGER_GENERATED_022,SQLITE_PARITY_969_VIEW_TRIGGER_GENERATED_022.rs,P2,memory,GEN_SQL_VIEW_TRIGGER,36896898,56309666,-52.613550,3
1591,00699,JOIN_SUBQUERY_EXISTS_092,SQLITE_PARITY_699_JOIN_SUBQUERY_EXISTS_092.rs,P1,memory,GEN_SQL_JOIN_SUBQUERY,28622441,43650569,-52.504704,3
1592,10148,MODE_MARKDOWN_HEADERS_OFF_IGNORED,SQLITE_PARITY_10148_MODE_MARKDOWN_HEADERS_OFF_IGNORED.rs,P0,memory,CLI_OUTPUT_MODE,14217934,21668613,-52.403387,3
1593,10615,BLOB_CONCAT_OPERATOR,SQLITE_PARITY_10615_BLOB_CONCAT_OPERATOR.rs,P0,memory,SQL_BLOB,25641786,39047305,-52.279974,3
1594,00705,JOIN_SUBQUERY_EXISTS_098,SQLITE_PARITY_705_JOIN_SUBQUERY_EXISTS_098.rs,P1,memory,GEN_SQL_JOIN_SUBQUERY,31112640,47359682,-52.220069,3
1595,11732,DATETIME_DATETIME_DATE_2024_BASE,SQLITE_PARITY_11732_DATETIME_DATETIME_DATE_2024_BASE.rs,P0,memory,SQL_DATETIME,10350843,15744732,-52.110625,3
1596,10102,STRICT_MISMATCHED_DEFAULT_REJECTED_ON_INSERT,SQLITE_PARITY_10102_STRICT_MISMATCHED_DEFAULT_REJECTED_ON_INSERT.rs,P0,memory,SQL_STRICT_TABLES,22838996,34712227,-51.986659,3
1597,11849,JSON_ARROW_A_B_0,SQLITE_PARITY_11849_JSON_ARROW_A_B_0.rs,P0,memory,SQL_JSON,13179551,20012231,-51.843041,3
1598,11668,DATETIME_JULIANDAY_UNIX_PLUS_5_DAYS,SQLITE_PARITY_11668_DATETIME_JULIANDAY_UNIX_PLUS_5_DAYS.rs,P0,memory,SQL_DATETIME,24540644,37225850,-51.690599,3
1599,10014,NULL_LIKE_PATTERN,SQLITE_PARITY_10014_NULL_LIKE_PATTERN.rs,P0,memory,SQL_NULL_SEMANTICS,8665586,13144124,-51.681883,3
1600,10062,INTPK_ROWID_REUSE_AFTER_DELETE,SQLITE_PARITY_10062_INTPK_ROWID_REUSE_AFTER_DELETE.rs,P0,memory,SQL_AUTOINCREMENT,23680677,35872662,-51.484951,3
1601,10021,TYPEOF_NULL,SQLITE_PARITY_10021_TYPEOF_NULL.rs,P0,memory,SQL_NULL_SEMANTICS,18934233,28647480,-51.299923,3
1602,11363,AFFINITY_NUMERIC_NULL_LIT,SQLITE_PARITY_11363_AFFINITY_NUMERIC_NULL_LIT.rs,P0,memory,SQL_TYPE_AFFINITY,20708858,31327507,-51.275879,3
1603,00791,WINDOW_PARTITION_SUM_004,SQLITE_PARITY_791_WINDOW_PARTITION_SUM_004.rs,P2,memory,GEN_SQL_WINDOW,18122949,27409168,-51.240110,3
1604,00307,SCALAR_NULL_COALESCE_020,SQLITE_PARITY_307_SCALAR_NULL_COALESCE_020.rs,P1,memory,GEN_SQL_SCALAR,19115235,28909014,-51.235462,3
1605,00847,WINDOW_PARTITION_SUM_060,SQLITE_PARITY_847_WINDOW_PARTITION_SUM_060.rs,P2,memory,GEN_SQL_WINDOW,21007813,31765525,-51.208148,3
1606,01014,JSON_EXTRACT_SET_007,SQLITE_PARITY_1014_JSON_EXTRACT_SET_007.rs,P2,memory,GEN_SQL_JSON,30983376,46818710,-51.109130,3
1607,11028,MATH_CEILING_1_4,SQLITE_PARITY_11028_MATH_CEILING_1_4.rs,P1,memory,SQL_MATH,17223487,26022817,-51.089132,3
1608,10474,COMPOUND_INTERSECT,SQLITE_PARITY_10474_COMPOUND_INTERSECT.rs,P0,memory,SQL_COMPOUND,22761911,34383666,-51.057905,3
1609,00657,JOIN_SUBQUERY_EXISTS_050,SQLITE_PARITY_657_JOIN_SUBQUERY_EXISTS_050.rs,P1,memory,GEN_SQL_JOIN_SUBQUERY,28323978,42776927,-51.027257,3
1610,00358,SCALAR_STRING_033,SQLITE_PARITY_358_SCALAR_STRING_033.rs,P1,memory,GEN_SQL_SCALAR,27118278,40940084,-50.968598,3
1611,11900,WIN_SUM_ROWS_UNBND_PREC_CURRENT,SQLITE_PARITY_11900_WIN_SUM_ROWS_UNBND_PREC_CURRENT.rs,P0,memory,SQL_WINDOW,13973433,21084800,-50.892054,3
1612,11700,DATETIME_DATE_UNIX_START_OF_MONTH,SQLITE_PARITY_11700_DATETIME_DATE_UNIX_START_OF_MONTH.rs,P0,memory,SQL_DATETIME,19939354,30085078,-50.882912,3
1613,00404,DML_WHERE_ORDER_LIMIT_017,SQLITE_PARITY_404_DML_WHERE_ORDER_LIMIT_017.rs,P1,memory,GEN_SQL_DML,20505824,30912552,-50.750109,3
1614,10182,DOT_SHOW_LISTS_SETTINGS,SQLITE_PARITY_10182_DOT_SHOW_LISTS_SETTINGS.rs,P0,memory,CLI_DOT_COMMAND,19996932,30144259,-50.744419,3
1615,00675,JOIN_SUBQUERY_EXISTS_068,SQLITE_PARITY_675_JOIN_SUBQUERY_EXISTS_068.rs,P1,memory,GEN_SQL_JOIN_SUBQUERY,26749841,40298360,-50.648970,3
1616,00982,VIEW_TRIGGER_GENERATED_035,SQLITE_PARITY_982_VIEW_TRIGGER_GENERATED_035.rs,P2,memory,GEN_SQL_VIEW_TRIGGER,20967888,31580175,-50.612093,3
1617,10427,REC_COUNTER_UNION_DEDUPES,SQLITE_PARITY_10427_REC_COUNTER_UNION_DEDUPES.rs,P0,memory,SQL_RECURSIVE_CTE,22824960,34353019,-50.506371,3
1618,10482,COMPOUND_VALUES_OPERAND,SQLITE_PARITY_10482_COMPOUND_VALUES_OPERAND.rs,P0,memory,SQL_COMPOUND,26895536,40444787,-50.377323,3
1619,10005,NULL_CONCAT_TEXT_IS_NULL,SQLITE_PARITY_10005_NULL_CONCAT_TEXT_IS_NULL.rs,P0,memory,SQL_NULL_SEMANTICS,10203794,15327152,-50.210324,3
1620,10406,PRAGMA_WRITABLE_SCHEMA_DEFAULT_OFF,SQLITE_PARITY_10406_PRAGMA_WRITABLE_SCHEMA_DEFAULT_OFF.rs,P0,memory,SQL_SCHEMA_INTROSPECTION,25681992,38570824,-50.186263,3
1621,01057,JSON_EXTRACT_SET_050,SQLITE_PARITY_1057_JSON_EXTRACT_SET_050.rs,P2,memory,GEN_SQL_JSON,16871112,25325017,-50.108760,3
1622,11619,DATETIME_STRFTIME_ISO_DATE_2024_MINUS_1_MONTH,SQLITE_PARITY_11619_DATETIME_STRFTIME_ISO_DATE_2024_MINUS_1_MONTH.rs,P0,memory,SQL_DATETIME,27843770,41744765,-49.924974,3
1623,10564,INCOMPLETE_INPUT,SQLITE_PARITY_10564_INCOMPLETE_INPUT.rs,P0,memory,SQL_ERROR_MESSAGES,28872825,43276321,-49.885995,3
1624,00321,SCALAR_CAST_TYPEOF_024,SQLITE_PARITY_321_SCALAR_CAST_TYPEOF_024.rs,P1,memory,GEN_SQL_SCALAR,27025553,40478801,-49.779733,3
1625,00643,JOIN_SUBQUERY_EXISTS_036,SQLITE_PARITY_643_JOIN_SUBQUERY_EXISTS_036.rs,P1,memory,GEN_SQL_JOIN_SUBQUERY,18746287,28050270,-49.631071,3
1626,00892,CONSTRAINT_FK_SAVEPOINT_025,SQLITE_PARITY_892_CONSTRAINT_FK_SAVEPOINT_025.rs,P2,memory,GEN_SQL_CONSTRAINT_TX,22497971,33653184,-49.583196,3
1627,10596,GLOB_CHAR_CLASS,SQLITE_PARITY_10596_GLOB_CHAR_CLASS.rs,P0,memory,SQL_PATTERN,26775991,40051784,-49.580959,3
1628,12011,PRAGMA_THREADS,SQLITE_PARITY_12011_PRAGMA_THREADS.rs,P1,memory,SQL_PRAGMA,14832136,22176453,-49.516246,3
1629,10335,REPLACE_INTO_LEGACY_FORM,SQLITE_PARITY_10335_REPLACE_INTO_LEGACY_FORM.rs,P0,memory,SQL_UPSERT,11473686,17153756,-49.505190,3
1630,10465,JOIN_ON_EXPRESSION,SQLITE_PARITY_10465_JOIN_ON_EXPRESSION.rs,P0,memory,SQL_JOIN,24213696,36188229,-49.453553,3
1631,00957,VIEW_TRIGGER_GENERATED_010,SQLITE_PARITY_957_VIEW_TRIGGER_GENERATED_010.rs,P2,memory,GEN_SQL_VIEW_TRIGGER,21797937,32564286,-49.391596,3
1632,12026,PRAGMA_SET_MAX_PAGE_COUNT_1073741823,SQLITE_PARITY_12026_PRAGMA_SET_MAX_PAGE_COUNT_1073741823.rs,P1,memory,SQL_PRAGMA,11479216,17147685,-49.380280,3
1633,01034,JSON_EXTRACT_SET_027,SQLITE_PARITY_1034_JSON_EXTRACT_SET_027.rs,P2,memory,GEN_SQL_JSON,24123435,36008198,-49.266462,3
1634,10272,FK_REFS_PK_HAPPY,SQLITE_PARITY_10272_FK_REFS_PK_HAPPY.rs,P0,memory,SQL_FOREIGN_KEYS,16503145,24606468,-49.101689,3
1635,00330,SCALAR_STRING_026,SQLITE_PARITY_330_SCALAR_STRING_026.rs,P1,memory,GEN_SQL_SCALAR,20335442,30310604,-49.053087,3
1636,00422,DML_WHERE_ORDER_LIMIT_035,SQLITE_PARITY_422_DML_WHERE_ORDER_LIMIT_035.rs,P1,memory,GEN_SQL_DML,17240390,25680008,-48.952593,3
1637,10396,SQLITE_STAT1_AFTER_ANALYZE,SQLITE_PARITY_10396_SQLITE_STAT1_AFTER_ANALYZE.rs,P0,memory,SQL_SCHEMA_INTROSPECTION,26250827,39099283,-48.944957,3
1638,10206,OPT_INIT_FILE,SQLITE_PARITY_10206_OPT_INIT_FILE.rs,P0,memory,CLI_OPTION,18715408,27811269,-48.600923,3
1639,10064,AUTOINCREMENT_KEYWORD_CREATES_SEQUENCE,SQLITE_PARITY_10064_AUTOINCREMENT_KEYWORD_CREATES_SEQUENCE.rs,P0,memory,SQL_AUTOINCREMENT,22921292,34054193,-48.570129,3
1640,11718,DATETIME_JULIANDAY_UNIX_UTC,SQLITE_PARITY_11718_DATETIME_JULIANDAY_UNIX_UTC.rs,P0,memory,SQL_DATETIME,17736217,26326190,-48.431822,3
1641,00586,AGG_GROUP_HAVING_079,SQLITE_PARITY_586_AGG_GROUP_HAVING_079.rs,P1,memory,GEN_SQL_AGGREGATE,25019790,37128747,-48.397517,3
1642,11210,CAST_INT_NEG_3_AS_INTEGER,SQLITE_PARITY_11210_CAST_INT_NEG_3_AS_INTEGER.rs,P0,memory,SQL_CAST,2067700,4446528,-48.217600,3
1643,00377,SCALAR_CAST_TYPEOF_038,SQLITE_PARITY_377_SCALAR_CAST_TYPEOF_038.rs,P1,memory,GEN_SQL_SCALAR,20280207,30049700,-48.172551,3
1644,01051,JSON_EXTRACT_SET_044,SQLITE_PARITY_1051_JSON_EXTRACT_SET_044.rs,P2,memory,GEN_SQL_JSON,29523606,43725481,-48.103457,3
1645,10037,CREATE_INDEX_DESC_NULLS_FIRST_REJECTED,SQLITE_PARITY_10037_CREATE_INDEX_DESC_NULLS_FIRST_REJECTED.rs,P0,memory,SQL_NULL_ORDER,15155136,22429292,-47.997959,3
1646,10548,PRIMARY_KEY_DUPLICATE_FAILS,SQLITE_PARITY_10548_PRIMARY_KEY_DUPLICATE_FAILS.rs,P0,memory,SQL_ERROR_MESSAGES,25433182,37640534,-47.997738,3
1647,00414,DML_WHERE_ORDER_LIMIT_027,SQLITE_PARITY_414_DML_WHERE_ORDER_LIMIT_027.rs,P1,memory,GEN_SQL_DML,20714599,30650096,-47.963743,3
1648,10249,PRAGMA_DEFER_FOREIGN_KEYS_TOGGLE,SQLITE_PARITY_10249_PRAGMA_DEFER_FOREIGN_KEYS_TOGGLE.rs,P0,memory,SQL_PRAGMA,15350166,22695194,-47.849828,3
1649,00642,JOIN_SUBQUERY_EXISTS_035,SQLITE_PARITY_642_JOIN_SUBQUERY_EXISTS_035.rs,P1,memory,GEN_SQL_JOIN_SUBQUERY,27826256,41135363,-47.829313,3
1650,10101,STRICT_VALID_DEFAULT_APPLIED,SQLITE_PARITY_10101_STRICT_VALID_DEFAULT_APPLIED.rs,P0,memory,SQL_STRICT_TABLES,28812311,42527856,-47.603071,3
1651,00898,CONSTRAINT_FK_SAVEPOINT_031,SQLITE_PARITY_898_CONSTRAINT_FK_SAVEPOINT_031.rs,P2,memory,GEN_SQL_CONSTRAINT_TX,26838478,39560274,-47.401332,3
1652,00387,SCALAR_NULL_COALESCE_040,SQLITE_PARITY_387_SCALAR_NULL_COALESCE_040.rs,P1,memory,GEN_SQL_SCALAR,26225940,38649802,-47.372418,3
1653,10581,DUPLICATE_COLUMN_NAME,SQLITE_PARITY_10581_DUPLICATE_COLUMN_NAME.rs,P0,memory,SQL_ERROR_MESSAGES,28256550,41613567,-47.270516,3
1654,10262,PRAGMA_SCHEMA_VERSION_INCREMENTS_ON_DDL,SQLITE_PARITY_10262_PRAGMA_SCHEMA_VERSION_INCREMENTS_ON_DDL.rs,P0,memory,SQL_PRAGMA,18364585,27040641,-47.243409,3
1655,10607,LIKE_MULTIBYTE_NOT_FOLDED,SQLITE_PARITY_10607_LIKE_MULTIBYTE_NOT_FOLDED.rs,P0,memory,SQL_PATTERN,28124971,41385165,-47.147405,3
1656,11860,JSON_DARROW_D_3,SQLITE_PARITY_11860_JSON_DARROW_D_3.rs,P0,memory,SQL_JSON,18074227,26588125,-47.105185,3
1657,11420,STRING_TRIM_HI,SQLITE_PARITY_11420_STRING_TRIM_HI.rs,P0,memory,SQL_STRING,14800236,21761839,-47.037108,3
1658,10170,DOT_NULLVALUE_NULL,SQLITE_PARITY_10170_DOT_NULLVALUE_NULL.rs,P0,memory,CLI_DOT_COMMAND,21045765,30925046,-46.941895,3
1659,00529,AGG_GROUP_HAVING_022,SQLITE_PARITY_529_AGG_GROUP_HAVING_022.rs,P1,memory,GEN_SQL_AGGREGATE,9131637,13399437,-46.736418,3
1660,00286,SCALAR_STRING_015,SQLITE_PARITY_286_SCALAR_STRING_015.rs,P1,memory,GEN_SQL_SCALAR,3628541,5318878,-46.584481,3
1661,00569,AGG_GROUP_HAVING_062,SQLITE_PARITY_569_AGG_GROUP_HAVING_062.rs,P1,memory,GEN_SQL_AGGREGATE,24754488,36227743,-46.348181,3
1662,10295,BEGIN_ROLLBACK_DROPS_WRITES,SQLITE_PARITY_10295_BEGIN_ROLLBACK_DROPS_WRITES.rs,P0,memory,SQL_TRANSACTION,11338229,16582225,-46.250574,3
1663,10286,FK_DEFERRED_PASSES_INSIDE_TXN,SQLITE_PARITY_10286_FK_DEFERRED_PASSES_INSIDE_TXN.rs,P0,memory,SQL_FOREIGN_KEYS,13566072,19825839,-46.142811,3
1664,11317,AFFINITY_REAL_INT_BIG,SQLITE_PARITY_11317_AFFINITY_REAL_INT_BIG.rs,P0,memory,SQL_TYPE_AFFINITY,23172507,33852131,-46.087478,3
1665,11102,MATH_POW_4_0_0_5,SQLITE_PARITY_11102_MATH_POW_4_0_0_5.rs,P1,memory,SQL_MATH,23608170,34427108,-45.827093,3
1666,10392,SQLITE_MASTER_AFTER_CREATE_VIEW,SQLITE_PARITY_10392_SQLITE_MASTER_AFTER_CREATE_VIEW.rs,P0,memory,SQL_SCHEMA_INTROSPECTION,26039167,37970559,-45.820944,3
1667,10483,COMPOUND_WHERE_PER_SIDE,SQLITE_PARITY_10483_COMPOUND_WHERE_PER_SIDE.rs,P0,memory,SQL_COMPOUND,24575229,35758295,-45.505440,3
1668,11661,DATETIME_TIME_DATE_2024_UTC,SQLITE_PARITY_11661_DATETIME_TIME_DATE_2024_UTC.rs,P0,memory,SQL_DATETIME,22604533,32889741,-45.500644,3
1669,11922,WIN_COUNT_ROWS_1_PREC_1_FOLL,SQLITE_PARITY_11922_WIN_COUNT_ROWS_1_PREC_1_FOLL.rs,P0,memory,SQL_WINDOW,13342920,19412257,-45.487322,3
1670,10052,COUNT_DISTINCT_EXCLUDES_NULL,SQLITE_PARITY_10052_COUNT_DISTINCT_EXCLUDES_NULL.rs,P0,memory,SQL_AGGREGATE_NULL,14054536,20440741,-45.438747,3
1671,10051,GROUP_CONCAT_ALL_NULL_RETURNS_NULL,SQLITE_PARITY_10051_GROUP_CONCAT_ALL_NULL_RETURNS_NULL.rs,P0,memory,SQL_AGGREGATE_NULL,22101902,32141947,-45.426158,3
1672,00369,SCALAR_CAST_TYPEOF_036,SQLITE_PARITY_369_SCALAR_CAST_TYPEOF_036.rs,P1,memory,GEN_SQL_SCALAR,20882727,30367101,-45.417315,3
1673,00302,SCALAR_STRING_019,SQLITE_PARITY_302_SCALAR_STRING_019.rs,P1,memory,GEN_SQL_SCALAR,7764482,11275310,-45.216513,3
1674,10421,ALTER_ADD_COLUMN_ON_STRICT_TABLE,SQLITE_PARITY_10421_ALTER_ADD_COLUMN_ON_STRICT_TABLE.rs,P0,memory,SQL_ALTER,26531308,38526670,-45.212102,3
1675,11012,MATH_ASINH_1_0,SQLITE_PARITY_11012_MATH_ASINH_1_0.rs,P1,memory,SQL_MATH,18152224,26344655,-45.131831,3
1676,00667,JOIN_SUBQUERY_EXISTS_060,SQLITE_PARITY_667_JOIN_SUBQUERY_EXISTS_060.rs,P1,memory,GEN_SQL_JOIN_SUBQUERY,35006884,50793305,-45.095190,3
1677,00537,AGG_GROUP_HAVING_030,SQLITE_PARITY_537_AGG_GROUP_HAVING_030.rs,P1,memory,GEN_SQL_AGGREGATE,10715222,15547238,-45.094875,3
1678,11970,WIN_ROW_NUMBER_PARTITION,SQLITE_PARITY_11970_WIN_ROW_NUMBER_PARTITION.rs,P0,memory,SQL_WINDOW,7004555,10155663,-44.986555,3
1679,10329,DO_UPDATE_REFERENCES_EXISTING,SQLITE_PARITY_10329_DO_UPDATE_REFERENCES_EXISTING.rs,P0,memory,SQL_UPSERT,12998028,18842720,-44.965990,3
1680,11830,JSON_JSON_ARRAY_LENGTH_D,SQLITE_PARITY_11830_JSON_JSON_ARRAY_LENGTH_D.rs,P0,memory,SQL_JSON,10182364,14750402,-44.862254,3
1681,10135,MODE_INSERT_NAMED_TARGET_WITH_BLOB,SQLITE_PARITY_10135_MODE_INSERT_NAMED_TARGET_WITH_BLOB.rs,P0,memory,CLI_OUTPUT_MODE,27128838,39252763,-44.690174,3
1682,10554,NO_SUCH_TABLE,SQLITE_PARITY_10554_NO_SUCH_TABLE.rs,P0,memory,SQL_ERROR_MESSAGES,22978310,33238000,-44.649454,3
1683,10020,EXISTS_WITH_NULL_ROWS,SQLITE_PARITY_10020_EXISTS_WITH_NULL_ROWS.rs,P0,memory,SQL_NULL_SEMANTICS,9209374,13312472,-44.553495,3
1684,00753,CTE_RECURSIVE_MATRIX_046,SQLITE_PARITY_753_CTE_RECURSIVE_MATRIX_046.rs,P1,memory,GEN_SQL_CTE,5410822,7821099,-44.545487,3
1685,00839,WINDOW_PARTITION_SUM_052,SQLITE_PARITY_839_WINDOW_PARTITION_SUM_052.rs,P2,memory,GEN_SQL_WINDOW,32097092,46342539,-44.382360,3
1686,11432,STRING_UNICODE_,SQLITE_PARITY_11432_STRING_UNICODE_.rs,P0,memory,SQL_STRING,13565611,19581677,-44.347918,3
1687,00766,CTE_RECURSIVE_MATRIX_059,SQLITE_PARITY_766_CTE_RECURSIVE_MATRIX_059.rs,P1,memory,GEN_SQL_CTE,3400209,4904854,-44.251545,3
1688,01000,VIEW_TRIGGER_GENERATED_053,SQLITE_PARITY_1000_VIEW_TRIGGER_GENERATED_053.rs,P2,memory,GEN_SQL_VIEW_TRIGGER,15689868,22613440,-44.127663,3
1689,10105,STRICT_WITHOUT_ROWID_COMBO,SQLITE_PARITY_10105_STRICT_WITHOUT_ROWID_COMBO.rs,P0,memory,SQL_STRICT_TABLES,22174630,31953170,-44.097872,3
1690,10627,EMPTY_BLOB_ORDER,SQLITE_PARITY_10627_EMPTY_BLOB_ORDER.rs,P0,memory,SQL_BLOB,18748522,27013008,-44.080733,3
1691,11413,STRING_UPPER_ABC,SQLITE_PARITY_11413_STRING_UPPER_ABC.rs,P0,memory,SQL_STRING,10642804,15322734,-43.972716,3
1692,10023,NOT_NULL_DEFAULT_ACCEPTED,SQLITE_PARITY_10023_NOT_NULL_DEFAULT_ACCEPTED.rs,P0,memory,SQL_NULL_SEMANTICS,35353871,50820997,-43.749455,3
1693,00665,JOIN_SUBQUERY_EXISTS_058,SQLITE_PARITY_665_JOIN_SUBQUERY_EXISTS_058.rs,P1,memory,GEN_SQL_JOIN_SUBQUERY,32549908,46789493,-43.746929,3
1694,10243,PRAGMA_RECURSIVE_TRIGGERS_DEFAULT,SQLITE_PARITY_10243_PRAGMA_RECURSIVE_TRIGGERS_DEFAULT.rs,P0,memory,SQL_PRAGMA,24796558,35641424,-43.735368,3
1695,00368,SCALAR_ARITH_036,SQLITE_PARITY_368_SCALAR_ARITH_036.rs,P1,memory,GEN_SQL_SCALAR,21694622,31169048,-43.671773,3
1696,11842,JSON_QUOTE_REAL,SQLITE_PARITY_11842_JSON_QUOTE_REAL.rs,P0,memory,SQL_JSON,9833865,14125330,-43.639657,3
1697,10050,GROUP_CONCAT_SKIPS_NULL,SQLITE_PARITY_10050_GROUP_CONCAT_SKIPS_NULL.rs,P0,memory,SQL_AGGREGATE_NULL,25646726,36828859,-43.600626,3
1698,10592,LIKE_CASE_SENSITIVE_PRAGMA_ON,SQLITE_PARITY_10592_LIKE_CASE_SENSITIVE_PRAGMA_ON.rs,P0,memory,SQL_PATTERN,25284941,36287667,-43.514936,3
1699,10585,SUBQUERY_WRONG_COLUMN_COUNT,SQLITE_PARITY_10585_SUBQUERY_WRONG_COLUMN_COUNT.rs,P0,memory,SQL_ERROR_MESSAGES,25839529,37066209,-43.447696,3
1700,00988,VIEW_TRIGGER_GENERATED_041,SQLITE_PARITY_988_VIEW_TRIGGER_GENERATED_041.rs,P2,memory,GEN_SQL_VIEW_TRIGGER,26442459,37871211,-43.221215,3
1701,10552,DATATYPE_MISMATCH_INT_PK,SQLITE_PARITY_10552_DATATYPE_MISMATCH_INT_PK.rs,P0,memory,SQL_ERROR_MESSAGES,25664940,36745743,-43.174864,3
1702,10357,UPDATE_MULTI_ROW_RETURNING,SQLITE_PARITY_10357_UPDATE_MULTI_ROW_RETURNING.rs,P0,memory,SQL_RETURNING,14609315,20914447,-43.158300,3
1703,00396,DML_WHERE_ORDER_LIMIT_009,SQLITE_PARITY_396_DML_WHERE_ORDER_LIMIT_009.rs,P1,memory,GEN_SQL_DML,16396063,23471912,-43.155781,3
1704,00831,WINDOW_PARTITION_SUM_044,SQLITE_PARITY_831_WINDOW_PARTITION_SUM_044.rs,P2,memory,GEN_SQL_WINDOW,17793996,25464981,-43.109962,3
1705,00471,DML_WHERE_ORDER_LIMIT_084,SQLITE_PARITY_471_DML_WHERE_ORDER_LIMIT_084.rs,P1,memory,GEN_SQL_DML,19516544,27925985,-43.088781,3
1706,01007,VIEW_TRIGGER_GENERATED_060,SQLITE_PARITY_1007_VIEW_TRIGGER_GENERATED_060.rs,P2,memory,GEN_SQL_VIEW_TRIGGER,21686777,31021779,-43.044672,3
1707,01026,JSON_EXTRACT_SET_019,SQLITE_PARITY_1026_JSON_EXTRACT_SET_019.rs,P2,memory,GEN_SQL_JSON,29410492,42065993,-43.030565,3
1708,00525,AGG_GROUP_HAVING_018,SQLITE_PARITY_525_AGG_GROUP_HAVING_018.rs,P1,memory,GEN_SQL_AGGREGATE,15012987,21467523,-42.993017,3
1709,10136,MODE_TCL_BASIC,SQLITE_PARITY_10136_MODE_TCL_BASIC.rs,P0,memory,CLI_OUTPUT_MODE,23360472,33379928,-42.890640,3
1710,00443,DML_WHERE_ORDER_LIMIT_056,SQLITE_PARITY_443_DML_WHERE_ORDER_LIMIT_056.rs,P1,memory,GEN_SQL_DML,16886260,24122523,-42.852964,3
1711,10188,DOT_ECHO_ON,SQLITE_PARITY_10188_DOT_ECHO_ON.rs,P0,memory,CLI_DOT_COMMAND,24254713,34630353,-42.777830,3
1712,00482,DML_WHERE_ORDER_LIMIT_095,SQLITE_PARITY_482_DML_WHERE_ORDER_LIMIT_095.rs,P1,memory,GEN_SQL_DML,18759693,26772364,-42.712165,3
1713,00967,VIEW_TRIGGER_GENERATED_020,SQLITE_PARITY_967_VIEW_TRIGGER_GENERATED_020.rs,P2,memory,GEN_SQL_VIEW_TRIGGER,34789493,49631979,-42.663703,3
1714,00355,SCALAR_NULL_COALESCE_032,SQLITE_PARITY_355_SCALAR_NULL_COALESCE_032.rs,P1,memory,GEN_SQL_SCALAR,19690131,28064407,-42.530321,3
1715,00581,AGG_GROUP_HAVING_074,SQLITE_PARITY_581_AGG_GROUP_HAVING_074.rs,P1,memory,GEN_SQL_AGGREGATE,25465111,36288107,-42.501272,3
1716,00411,DML_WHERE_ORDER_LIMIT_024,SQLITE_PARITY_411_DML_WHERE_ORDER_LIMIT_024.rs,P1,memory,GEN_SQL_DML,22022242,31378112,-42.483731,3
1717,00645,JOIN_SUBQUERY_EXISTS_038,SQLITE_PARITY_645_JOIN_SUBQUERY_EXISTS_038.rs,P1,memory,GEN_SQL_JOIN_SUBQUERY,29996550,42731020,-42.453115,3
1718,10285,FK_UPDATE_SET_DEFAULT_FALLS_BACK,SQLITE_PARITY_10285_FK_UPDATE_SET_DEFAULT_FALLS_BACK.rs,P0,memory,SQL_FOREIGN_KEYS,12500897,17792023,-42.325971,3
1719,00775,CTE_RECURSIVE_MATRIX_068,SQLITE_PARITY_775_CTE_RECURSIVE_MATRIX_068.rs,P1,memory,GEN_SQL_CTE,18593298,26454202,-42.278159,3
1720,10373,ATTACH_MEMORY_AS_AUX,SQLITE_PARITY_10373_ATTACH_MEMORY_AS_AUX.rs,P0,memory,SQL_ATTACH,17600962,24984844,-41.951582,3
1721,00871,CONSTRAINT_FK_SAVEPOINT_004,SQLITE_PARITY_871_CONSTRAINT_FK_SAVEPOINT_004.rs,P2,memory,GEN_SQL_CONSTRAINT_TX,14670491,20813386,-41.872457,3
1722,10011,NOT_NULL_IS_NULL,SQLITE_PARITY_10011_NOT_NULL_IS_NULL.rs,P0,memory,SQL_NULL_SEMANTICS,11828156,16778236,-41.849972,3
1723,11451,STRING_UNHEX_0102,SQLITE_PARITY_11451_STRING_UNHEX_0102.rs,P0,memory,SQL_STRING,15393317,21834527,-41.844198,3
1724,00692,JOIN_SUBQUERY_EXISTS_085,SQLITE_PARITY_692_JOIN_SUBQUERY_EXISTS_085.rs,P1,memory,GEN_SQL_JOIN_SUBQUERY,29045342,41196458,-41.834990,3
1725,10433,REC_NOT_MATERIALIZED_HINT,SQLITE_PARITY_10433_REC_NOT_MATERIALIZED_HINT.rs,P0,memory,SQL_RECURSIVE_CTE,25072329,35550944,-41.793545,3
1726,10324,ON_CONFLICT_COL_DO_UPDATE,SQLITE_PARITY_10324_ON_CONFLICT_COL_DO_UPDATE.rs,P0,memory,SQL_UPSERT,10198775,14457899,-41.761133,3
1727,00335,SCALAR_NULL_COALESCE_027,SQLITE_PARITY_335_SCALAR_NULL_COALESCE_027.rs,P1,memory,GEN_SQL_SCALAR,25955219,36788172,-41.737090,3
1728,00301,SCALAR_CAST_TYPEOF_019,SQLITE_PARITY_301_SCALAR_CAST_TYPEOF_019.rs,P1,memory,GEN_SQL_SCALAR,21352515,30252624,-41.681783,3
1729,00963,VIEW_TRIGGER_GENERATED_016,SQLITE_PARITY_963_VIEW_TRIGGER_GENERATED_016.rs,P2,memory,GEN_SQL_VIEW_TRIGGER,29596904,41916750,-41.625455,3
1730,10176,DOT_SCHEMA_NOSYS,SQLITE_PARITY_10176_DOT_SCHEMA_NOSYS.rs,P0,memory,CLI_DOT_COMMAND,7177041,10163278,-41.608192,3
1731,00869,CONSTRAINT_FK_SAVEPOINT_002,SQLITE_PARITY_869_CONSTRAINT_FK_SAVEPOINT_002.rs,P2,memory,GEN_SQL_CONSTRAINT_TX,15970068,22600906,-41.520412,3
1732,00932,CONSTRAINT_FK_SAVEPOINT_065,SQLITE_PARITY_932_CONSTRAINT_FK_SAVEPOINT_065.rs,P2,memory,GEN_SQL_CONSTRAINT_TX,33726663,47670870,-41.344757,3
1733,10124,MODE_CSV_HEADERS_ON,SQLITE_PARITY_10124_MODE_CSV_HEADERS_ON.rs,P0,memory,CLI_OUTPUT_MODE,28949630,40876584,-41.198986,3
1734,11560,DATETIME_DATE_Y2K_MINUS_1_MONTH,SQLITE_PARITY_11560_DATETIME_DATE_Y2K_MINUS_1_MONTH.rs,P0,memory,SQL_DATETIME,24573095,34691719,-41.177654,3
1735,10536,AVG_EQUALS_SUM_OVER_COUNT_MANUAL,SQLITE_PARITY_10536_AVG_EQUALS_SUM_OVER_COUNT_MANUAL.rs,P0,memory,SQL_AGGREGATE_ADV,30045433,42403871,-41.132501,3
1736,01080,INDEX_SCHEMA_PRAGMA_013,SQLITE_PARITY_1080_INDEX_SCHEMA_PRAGMA_013.rs,P2,memory,GEN_SQL_INDEX_PRAGMA,25186706,35525826,-41.049909,3
1737,00848,WINDOW_PARTITION_SUM_061,SQLITE_PARITY_848_WINDOW_PARTITION_SUM_061.rs,P2,memory,GEN_SQL_WINDOW,31622715,44558585,-40.906892,3
1738,10473,COMPOUND_UNION_DEDUPLICATES,SQLITE_PARITY_10473_COMPOUND_UNION_DEDUPLICATES.rs,P0,memory,SQL_COMPOUND,22778722,32035425,-40.637499,3
1739,00547,AGG_GROUP_HAVING_040,SQLITE_PARITY_547_AGG_GROUP_HAVING_040.rs,P1,memory,GEN_SQL_AGGREGATE,11316949,15884506,-40.360321,3
1740,10358,UPDATE_WHERE_RETURNING_FILTERED,SQLITE_PARITY_10358_UPDATE_WHERE_RETURNING_FILTERED.rs,P0,memory,SQL_RETURNING,12782591,17926767,-40.243609,3
1741,10505,SUBQUERY_LIMIT_1_AS_SCALAR,SQLITE_PARITY_10505_SUBQUERY_LIMIT_1_AS_SCALAR.rs,P0,memory,SQL_SUBQUERY,24985354,35038314,-40.235412,3
1742,01102,INDEX_SCHEMA_PRAGMA_035,SQLITE_PARITY_1102_INDEX_SCHEMA_PRAGMA_035.rs,P2,memory,GEN_SQL_INDEX_PRAGMA,15039689,21089949,-40.228624,3
1743,12003,PRAGMA_MAX_PAGE_COUNT,SQLITE_PARITY_12003_PRAGMA_MAX_PAGE_COUNT.rs,P1,memory,SQL_PRAGMA,14250607,19970142,-40.135378,3
1744,00613,JOIN_SUBQUERY_EXISTS_006,SQLITE_PARITY_613_JOIN_SUBQUERY_EXISTS_006.rs,P1,memory,GEN_SQL_JOIN_SUBQUERY,28363452,39742379,-40.118273,3
1745,11521,DATETIME_TIME_EPOCH_PLUS_30_MINUTES,SQLITE_PARITY_11521_DATETIME_TIME_EPOCH_PLUS_30_MINUTES.rs,P0,memory,SQL_DATETIME,37689477,52749675,-39.958628,3
1746,11449,STRING_LIKE_A_ABC,SQLITE_PARITY_11449_STRING_LIKE_A_ABC.rs,P0,memory,SQL_STRING,18284274,25584878,-39.928323,3
1747,11047,MATH_EXP_2_0,SQLITE_PARITY_11047_MATH_EXP_2_0.rs,P1,memory,SQL_MATH,12873493,18004394,-39.856323,3
1748,00690,JOIN_SUBQUERY_EXISTS_083,SQLITE_PARITY_690_JOIN_SUBQUERY_EXISTS_083.rs,P1,memory,GEN_SQL_JOIN_SUBQUERY,28088873,39246281,-39.721807,3
1749,01023,JSON_EXTRACT_SET_016,SQLITE_PARITY_1023_JSON_EXTRACT_SET_016.rs,P2,memory,GEN_SQL_JSON,26461836,36953495,-39.648266,3
1750,10616,BLOB_ORDER_BYTEWISE,SQLITE_PARITY_10616_BLOB_ORDER_BYTEWISE.rs,P0,memory,SQL_BLOB,20391017,28466708,-39.604160,3
1751,01047,JSON_EXTRACT_SET_040,SQLITE_PARITY_1047_JSON_EXTRACT_SET_040.rs,P2,memory,GEN_SQL_JSON,23159522,32299434,-39.465029,3
1752,00808,WINDOW_PARTITION_SUM_021,SQLITE_PARITY_808_WINDOW_PARTITION_SUM_021.rs,P2,memory,GEN_SQL_WINDOW,15291465,21324002,-39.450354,3
1753,11955,WIN_FIRST_VALUE_GROUPS_1_PREC_CURRENT,SQLITE_PARITY_11955_WIN_FIRST_VALUE_GROUPS_1_PREC_CURRENT.rs,P0,memory,SQL_WINDOW,12090091,16858548,-39.441035,3
1754,00874,CONSTRAINT_FK_SAVEPOINT_007,SQLITE_PARITY_874_CONSTRAINT_FK_SAVEPOINT_007.rs,P2,memory,GEN_SQL_CONSTRAINT_TX,20017471,27908392,-39.420170,3
1755,00481,DML_WHERE_ORDER_LIMIT_094,SQLITE_PARITY_481_DML_WHERE_ORDER_LIMIT_094.rs,P1,memory,GEN_SQL_DML,12646273,17618064,-39.314279,3
1756,00654,JOIN_SUBQUERY_EXISTS_047,SQLITE_PARITY_654_JOIN_SUBQUERY_EXISTS_047.rs,P1,memory,GEN_SQL_JOIN_SUBQUERY,28459484,39642971,-39.296169,3
1757,00334,SCALAR_STRING_027,SQLITE_PARITY_334_SCALAR_STRING_027.rs,P1,memory,GEN_SQL_SCALAR,21289395,29645968,-39.252280,3
1758,11002,MATH_ACOS_1_0,SQLITE_PARITY_11002_MATH_ACOS_1_0.rs,P1,memory,SQL_MATH,22168088,30866124,-39.236744,3
1759,10043,UNION_ALL_ORDER_BY_ASC_NULL_FIRST,SQLITE_PARITY_10043_UNION_ALL_ORDER_BY_ASC_NULL_FIRST.rs,P0,memory,SQL_NULL_ORDER,29827010,41512616,-39.177933,3
1760,10507,SUBQUERY_IN_UPDATE_SET,SQLITE_PARITY_10507_SUBQUERY_IN_UPDATE_SET.rs,P0,memory,SQL_SUBQUERY,31140513,43222920,-38.799640,3
1761,11093,MATH_ATAN2_1_0_0_0,SQLITE_PARITY_11093_MATH_ATAN2_1_0_0_0.rs,P1,memory,SQL_MATH,20177934,27995567,-38.743476,3
1762,01092,INDEX_SCHEMA_PRAGMA_025,SQLITE_PARITY_1092_INDEX_SCHEMA_PRAGMA_025.rs,P2,memory,GEN_SQL_INDEX_PRAGMA,20150092,27956603,-38.741813,3
1763,11669,DATETIME_STRFTIME_ISO_UNIX_PLUS_5_DAYS,SQLITE_PARITY_11669_DATETIME_STRFTIME_ISO_UNIX_PLUS_5_DAYS.rs,P0,memory,SQL_DATETIME,20735158,28734694,-38.579576,3
1764,11402,STRING_LENGTH_A_B,SQLITE_PARITY_11402_STRING_LENGTH_A_B.rs,P0,memory,SQL_STRING,12107424,16777284,-38.570219,3
1765,10190,DOT_CHANGES_ON,SQLITE_PARITY_10190_DOT_CHANGES_ON.rs,P0,memory,CLI_DOT_COMMAND,11394165,15786170,-38.546089,3
1766,10559,NO_SUCH_COLLATION_IN_ORDER_BY,SQLITE_PARITY_10559_NO_SUCH_COLLATION_IN_ORDER_BY.rs,P0,memory,SQL_ERROR_MESSAGES,31400495,43489404,-38.499103,3
1767,11438,STRING_SOUNDEX_RUPERT,SQLITE_PARITY_11438_STRING_SOUNDEX_RUPERT.rs,P0,memory,SQL_STRING,11772180,16295283,-38.421966,3
1768,10112,MODE_LIST_HEADERS_ON,SQLITE_PARITY_10112_MODE_LIST_HEADERS_ON.rs,P0,memory,CLI_OUTPUT_MODE,23529172,32568043,-38.415593,3
1769,10031,ORDER_BY_DESC_NULLS_LAST_EXPLICIT,SQLITE_PARITY_10031_ORDER_BY_DESC_NULLS_LAST_EXPLICIT.rs,P0,memory,SQL_NULL_ORDER,20314954,28087871,-38.262046,3
1770,00907,CONSTRAINT_FK_SAVEPOINT_040,SQLITE_PARITY_907_CONSTRAINT_FK_SAVEPOINT_040.rs,P2,memory,GEN_SQL_CONSTRAINT_TX,26511871,36637157,-38.191518,3
1771,10445,JOIN_INNER_USING_MERGES_COLUMN,SQLITE_PARITY_10445_JOIN_INNER_USING_MERGES_COLUMN.rs,P0,memory,SQL_JOIN,25084933,34603983,-37.947281,3
1772,10304,SAVEPOINT_DEPTH_3_RELEASE,SQLITE_PARITY_10304_SAVEPOINT_DEPTH_3_RELEASE.rs,P0,memory,SQL_TRANSACTION,34190541,47131250,-37.848799,3
1773,00896,CONSTRAINT_FK_SAVEPOINT_029,SQLITE_PARITY_896_CONSTRAINT_FK_SAVEPOINT_029.rs,P2,memory,GEN_SQL_CONSTRAINT_TX,29193702,40237725,-37.830156,3
1774,10178,DOT_TABLES_PATTERN,SQLITE_PARITY_10178_DOT_TABLES_PATTERN.rs,P0,memory,CLI_DOT_COMMAND,31917653,43907555,-37.565112,3
1775,10175,DOT_SCHEMA_INDENT,SQLITE_PARITY_10175_DOT_SCHEMA_INDENT.rs,P0,memory,CLI_DOT_COMMAND,20239400,27839221,-37.549636,3
1776,12007,PRAGMA_FULLFSYNC,SQLITE_PARITY_12007_PRAGMA_FULLFSYNC.rs,P1,memory,SQL_PRAGMA,13451466,18496575,-37.506016,3
1777,11004,MATH_ACOSH_1_0,SQLITE_PARITY_11004_MATH_ACOSH_1_0.rs,P1,memory,SQL_MATH,16445236,22611897,-37.498161,3
1778,10436,REC_CROSS_JOIN_INSIDE_RECURSION,SQLITE_PARITY_10436_REC_CROSS_JOIN_INSIDE_RECURSION.rs,P0,memory,SQL_RECURSIVE_CTE,31405514,43166063,-37.447402,3
1779,11607,DATETIME_DATETIME_Y2K_UTC,SQLITE_PARITY_11607_DATETIME_DATETIME_Y2K_UTC.rs,P0,memory,SQL_DATETIME,15482676,21277964,-37.430790,3
1780,10280,FK_DELETE_SET_DEFAULT_FALLS_BACK,SQLITE_PARITY_10280_FK_DELETE_SET_DEFAULT_FALLS_BACK.rs,P0,memory,SQL_FOREIGN_KEYS,27202708,37379230,-37.409959,3
1781,11951,WIN_FIRST_VALUE_ROWS_CURRENT_UNBND_FOLL,SQLITE_PARITY_11951_WIN_FIRST_VALUE_ROWS_CURRENT_UNBND_FOLL.rs,P0,memory,SQL_WINDOW,16674860,22907606,-37.378101,3
1782,00610,JOIN_SUBQUERY_EXISTS_003,SQLITE_PARITY_610_JOIN_SUBQUERY_EXISTS_003.rs,P1,memory,GEN_SQL_JOIN_SUBQUERY,34033845,46714041,-37.257606,3
1783,11902,WIN_SUM_ROWS_1_PREC_1_FOLL,SQLITE_PARITY_11902_WIN_SUM_ROWS_1_PREC_1_FOLL.rs,P0,memory,SQL_WINDOW,19132818,26254955,-37.224715,3
1784,11007,MATH_ACOSH_100_0,SQLITE_PARITY_11007_MATH_ACOSH_100_0.rs,P1,memory,SQL_MATH,25646966,35191363,-37.214527,3
1785,00666,JOIN_SUBQUERY_EXISTS_059,SQLITE_PARITY_666_JOIN_SUBQUERY_EXISTS_059.rs,P1,memory,GEN_SQL_JOIN_SUBQUERY,32210477,44187574,-37.183855,3
1786,00584,AGG_GROUP_HAVING_077,SQLITE_PARITY_584_AGG_GROUP_HAVING_077.rs,P1,memory,GEN_SQL_AGGREGATE,22457685,30805560,-37.171574,3
1787,10498,CORRELATED_SUBQUERY_IN_SELECT_LIST,SQLITE_PARITY_10498_CORRELATED_SUBQUERY_IN_SELECT_LIST.rs,P0,memory,SQL_SUBQUERY,30244519,41468021,-37.109210,3
1788,00352,SCALAR_ARITH_032,SQLITE_PARITY_352_SCALAR_ARITH_032.rs,P1,memory,GEN_SQL_SCALAR,23524122,32230114,-37.008786,3
1789,10549,FOREIGN_KEY_CONSTRAINT_FAILED,SQLITE_PARITY_10549_FOREIGN_KEY_CONSTRAINT_FAILED.rs,P0,memory,SQL_ERROR_MESSAGES,30851747,42259047,-36.974567,3
1790,11358,AFFINITY_NUMERIC_REAL_HALF,SQLITE_PARITY_11358_AFFINITY_NUMERIC_REAL_HALF.rs,P0,memory,SQL_TYPE_AFFINITY,18316705,25079082,-36.919178,3
1791,10514,AVG_DISTINCT_BASIC,SQLITE_PARITY_10514_AVG_DISTINCT_BASIC.rs,P0,memory,SQL_AGGREGATE_ADV,29686444,40640246,-36.898330,3
1792,11664,DATETIME_STRFTIME_ISO_DATE_2024_UTC,SQLITE_PARITY_11664_DATETIME_STRFTIME_ISO_DATE_2024_UTC.rs,P0,memory,SQL_DATETIME,29790180,40781645,-36.896269,3
1793,11525,DATETIME_DATE_EPOCH_PLUS_10_SECONDS,SQLITE_PARITY_11525_DATETIME_DATE_EPOCH_PLUS_10_SECONDS.rs,P0,memory,SQL_DATETIME,7371098,10089969,-36.885563,3
1794,11801,JSON_JSON_EXTRACT_A,SQLITE_PARITY_11801_JSON_JSON_EXTRACT_A.rs,P0,memory,SQL_JSON,14681231,20089517,-36.838096,3
1795,00530,AGG_GROUP_HAVING_023,SQLITE_PARITY_530_AGG_GROUP_HAVING_023.rs,P1,memory,GEN_SQL_AGGREGATE,11714070,16020894,-36.766248,3
1796,11051,MATH_FLOOR_1_6,SQLITE_PARITY_11051_MATH_FLOOR_1_6.rs,P1,memory,SQL_MATH,13356085,18254247,-36.673636,3
1797,00911,CONSTRAINT_FK_SAVEPOINT_044,SQLITE_PARITY_911_CONSTRAINT_FK_SAVEPOINT_044.rs,P2,memory,GEN_SQL_CONSTRAINT_TX,27715648,37872914,-36.648127,3
1798,00906,CONSTRAINT_FK_SAVEPOINT_039,SQLITE_PARITY_906_CONSTRAINT_FK_SAVEPOINT_039.rs,P2,memory,GEN_SQL_CONSTRAINT_TX,19550127,26705277,-36.598995,3
1799,10365,INSERT_SELECT_RETURNING,SQLITE_PARITY_10365_INSERT_SELECT_RETURNING.rs,P0,memory,SQL_RETURNING,24559920,33532547,-36.533617,3
1800,00426,DML_WHERE_ORDER_LIMIT_039,SQLITE_PARITY_426_DML_WHERE_ORDER_LIMIT_039.rs,P1,memory,GEN_SQL_DML,16969067,23160855,-36.488677,3
1801,10419,SCHEMA_VERSION_INCREMENTS_ON_ALTER,SQLITE_PARITY_10419_SCHEMA_VERSION_INCREMENTS_ON_ALTER.rs,P0,memory,SQL_ALTER,20245973,27628894,-36.466121,3
1802,11440,STRING_SUBSTR_ABCDEF_2_3,SQLITE_PARITY_11440_STRING_SUBSTR_ABCDEF_2_3.rs,P0,memory,SQL_STRING,16702433,22761409,-36.276008,3
1803,00861,WINDOW_PARTITION_SUM_074,SQLITE_PARITY_861_WINDOW_PARTITION_SUM_074.rs,P2,memory,GEN_SQL_WINDOW,33235815,45280580,-36.240318,3
1804,11714,DATETIME_STRFTIME_ISO_UNIX_WEEKDAY_0,SQLITE_PARITY_11714_DATETIME_STRFTIME_ISO_UNIX_WEEKDAY_0.rs,P0,memory,SQL_DATETIME,10276081,13998039,-36.219625,3
1805,00783,CTE_RECURSIVE_MATRIX_076,SQLITE_PARITY_783_CTE_RECURSIVE_MATRIX_076.rs,P1,memory,GEN_SQL_CTE,27624225,37622981,-36.195607,3
1806,00743,CTE_RECURSIVE_MATRIX_036,SQLITE_PARITY_743_CTE_RECURSIVE_MATRIX_036.rs,P1,memory,GEN_SQL_CTE,24312613,33081383,-36.066753,3
1807,11858,JSON_DARROW_D_0,SQLITE_PARITY_11858_JSON_DARROW_D_0.rs,P0,memory,SQL_JSON,23729020,32286801,-36.064620,3
1808,11311,AFFINITY_BIGINT_REAL_BIG,SQLITE_PARITY_11311_AFFINITY_BIGINT_REAL_BIG.rs,P0,memory,SQL_TYPE_AFFINITY,14337311,19477941,-35.854910,3
1809,00447,DML_WHERE_ORDER_LIMIT_060,SQLITE_PARITY_447_DML_WHERE_ORDER_LIMIT_060.rs,P1,memory,GEN_SQL_DML,21356763,29011387,-35.841686,3
1810,10284,FK_UPDATE_SET_NULL_NULLIFIES_CHILD,SQLITE_PARITY_10284_FK_UPDATE_SET_NULL_NULLIFIES_CHILD.rs,P0,memory,SQL_FOREIGN_KEYS,36002156,48900566,-35.826771,3
1811,00493,DML_WHERE_ORDER_LIMIT_106,SQLITE_PARITY_493_DML_WHERE_ORDER_LIMIT_106.rs,P1,memory,GEN_SQL_DML,15799124,21414312,-35.541135,3
1812,11928,WIN_COUNT_EXCL_TIES,SQLITE_PARITY_11928_WIN_COUNT_EXCL_TIES.rs,P0,memory,SQL_WINDOW,12110840,16400512,-35.420103,3
1813,00653,JOIN_SUBQUERY_EXISTS_046,SQLITE_PARITY_653_JOIN_SUBQUERY_EXISTS_046.rs,P1,memory,GEN_SQL_JOIN_SUBQUERY,28242093,38228716,-35.360775,3
1814,11523,DATETIME_JULIANDAY_EPOCH_PLUS_30_MINUTES,SQLITE_PARITY_11523_DATETIME_JULIANDAY_EPOCH_PLUS_30_MINUTES.rs,P0,memory,SQL_DATETIME,9055784,12246126,-35.229882,3
1815,10367,RETURNING_ROWID_NO_PK,SQLITE_PARITY_10367_RETURNING_ROWID_NO_PK.rs,P0,memory,SQL_RETURNING,31092072,42023331,-35.157705,3
1816,00683,JOIN_SUBQUERY_EXISTS_076,SQLITE_PARITY_683_JOIN_SUBQUERY_EXISTS_076.rs,P1,memory,GEN_SQL_JOIN_SUBQUERY,26108368,35240245,-34.976820,3
1817,10228,OPT_MEMTRACE,SQLITE_PARITY_10228_OPT_MEMTRACE.rs,P0,memory,CLI_OPTION,21199296,28610289,-34.958675,3
1818,00516,AGG_GROUP_HAVING_009,SQLITE_PARITY_516_AGG_GROUP_HAVING_009.rs,P1,memory,GEN_SQL_AGGREGATE,23623951,31881965,-34.956109,3
1819,12016,PRAGMA_MMAP_SIZE,SQLITE_PARITY_12016_PRAGMA_MMAP_SIZE.rs,P1,memory,SQL_PRAGMA,16006858,21587891,-34.866512,3
1820,10312,ROLLBACK_ERASES_ALL_WRITES,SQLITE_PARITY_10312_ROLLBACK_ERASES_ALL_WRITES.rs,P0,memory,SQL_TRANSACTION,25232592,34010230,-34.786906,3
1821,00985,VIEW_TRIGGER_GENERATED_038,SQLITE_PARITY_985_VIEW_TRIGGER_GENERATED_038.rs,P2,memory,GEN_SQL_VIEW_TRIGGER,33861929,45641002,-34.785594,3
1822,00682,JOIN_SUBQUERY_EXISTS_075,SQLITE_PARITY_682_JOIN_SUBQUERY_EXISTS_075.rs,P1,memory,GEN_SQL_JOIN_SUBQUERY,29164817,39233526,-34.523477,3
1823,10340,ON_CONFLICT_COLLATE_NOCASE_TARGET,SQLITE_PARITY_10340_ON_CONFLICT_COLLATE_NOCASE_TARGET.rs,P0,memory,SQL_UPSERT,31284456,42066303,-34.463911,3
1824,00319,SCALAR_NULL_COALESCE_023,SQLITE_PARITY_319_SCALAR_NULL_COALESCE_023.rs,P1,memory,GEN_SQL_SCALAR,20109855,27031193,-34.417642,3
1825,00594,AGG_GROUP_HAVING_087,SQLITE_PARITY_594_AGG_GROUP_HAVING_087.rs,P1,memory,GEN_SQL_AGGREGATE,11507870,15464471,-34.381697,3
1826,01032,JSON_EXTRACT_SET_025,SQLITE_PARITY_1032_JSON_EXTRACT_SET_025.rs,P2,memory,GEN_SQL_JSON,27444545,36796509,-34.075857,3
1827,11670,DATETIME_DATE_UNIX_MINUS_1_MONTH,SQLITE_PARITY_11670_DATETIME_DATE_UNIX_MINUS_1_MONTH.rs,P0,memory,SQL_DATETIME,26226221,35161016,-34.068176,3
1828,10273,FK_REFS_UNIQUE_HAPPY,SQLITE_PARITY_10273_FK_REFS_UNIQUE_HAPPY.rs,P0,memory,SQL_FOREIGN_KEYS,21075221,28216524,-33.884831,3
1829,10245,PRAGMA_CASE_SENSITIVE_LIKE_OFF_AFFECTS_LIKE,SQLITE_PARITY_10245_PRAGMA_CASE_SENSITIVE_LIKE_OFF_AFFECTS_LIKE.rs,P0,memory,SQL_PRAGMA,29029351,38860261,-33.865414,3
1830,11806,JSON_JSON_EXTRACT_D,SQLITE_PARITY_11806_JSON_JSON_EXTRACT_D.rs,P0,memory,SQL_JSON,17377880,23244202,-33.757409,3
1831,10073,REPLACE_WITH_AUTOINCREMENT,SQLITE_PARITY_10073_REPLACE_WITH_AUTOINCREMENT.rs,P0,memory,SQL_AUTOINCREMENT,27169645,36277608,-33.522569,3
1832,00278,SCALAR_STRING_013,SQLITE_PARITY_278_SCALAR_STRING_013.rs,P1,memory,GEN_SQL_SCALAR,31637253,42232807,-33.490752,3
1833,10222,OPT_MMAP_ZERO,SQLITE_PARITY_10222_OPT_MMAP_ZERO.rs,P0,memory,CLI_OPTION,19851056,26486614,-33.426726,3
1834,10612,LENGTH_BLOB_BYTE_COUNT,SQLITE_PARITY_10612_LENGTH_BLOB_BYTE_COUNT.rs,P0,memory,SQL_BLOB,25772383,34325967,-33.188953,3
1835,10432,REC_MATERIALIZED_HINT,SQLITE_PARITY_10432_REC_MATERIALIZED_HINT.rs,P0,memory,SQL_RECURSIVE_CTE,19586366,26044537,-32.972788,3
1836,00965,VIEW_TRIGGER_GENERATED_018,SQLITE_PARITY_965_VIEW_TRIGGER_GENERATED_018.rs,P2,memory,GEN_SQL_VIEW_TRIGGER,29744254,39541949,-32.939791,3
1837,10601,LIKE_ON_INTEGER_COERCES,SQLITE_PARITY_10601_LIKE_ON_INTEGER_COERCES.rs,P0,memory,SQL_PATTERN,27831006,36991548,-32.914879,3
1838,11565,DATETIME_DATE_Y2K_PLUS_1_YEAR,SQLITE_PARITY_11565_DATETIME_DATE_Y2K_PLUS_1_YEAR.rs,P0,memory,SQL_DATETIME,27543732,36609686,-32.914763,3
1839,00993,VIEW_TRIGGER_GENERATED_046,SQLITE_PARITY_993_VIEW_TRIGGER_GENERATED_046.rs,P2,memory,GEN_SQL_VIEW_TRIGGER,29048007,38598145,-32.877085,3
1840,00316,SCALAR_ARITH_023,SQLITE_PARITY_316_SCALAR_ARITH_023.rs,P1,memory,GEN_SQL_SCALAR,6798465,9027570,-32.788357,3
1841,00580,AGG_GROUP_HAVING_073,SQLITE_PARITY_580_AGG_GROUP_HAVING_073.rs,P1,memory,GEN_SQL_AGGREGATE,29407817,39040822,-32.756614,3
1842,01036,JSON_EXTRACT_SET_029,SQLITE_PARITY_1036_JSON_EXTRACT_SET_029.rs,P2,memory,GEN_SQL_JSON,29821218,39581404,-32.728999,3
1843,10539,WHERE_BEFORE_GROUP_BY,SQLITE_PARITY_10539_WHERE_BEFORE_GROUP_BY.rs,P0,memory,SQL_AGGREGATE_ADV,23508222,31196760,-32.705740,3
1844,11833,JSON_JSON_ARRAY_LENGTH_E,SQLITE_PARITY_11833_JSON_JSON_ARRAY_LENGTH_E.rs,P0,memory,SQL_JSON,13912146,18425210,-32.439740,3
1845,10039,ORDER_BY_COLLATE_NOCASE_NULLS_LAST,SQLITE_PARITY_10039_ORDER_BY_COLLATE_NOCASE_NULLS_LAST.rs,P0,memory,SQL_NULL_ORDER,19754704,26158753,-32.417843,3
1846,11831,JSON_JSON_ARRAY_LENGTH_D_0,SQLITE_PARITY_11831_JSON_JSON_ARRAY_LENGTH_D_0.rs,P0,memory,SQL_JSON,16475644,21796485,-32.295193,3
1847,10470,JOIN_FOUR_TABLE_CHAIN,SQLITE_PARITY_10470_JOIN_FOUR_TABLE_CHAIN.rs,P0,memory,SQL_JOIN,26035741,34436806,-32.267432,3
1848,10502,SCALAR_SUBQUERY_MULTI_COLUMN_ERROR,SQLITE_PARITY_10502_SCALAR_SUBQUERY_MULTI_COLUMN_ERROR.rs,P0,memory,SQL_SUBQUERY,19910239,26323124,-32.208981,3
1849,10198,OPT_BAIL_ABORTS_ON_ERROR,SQLITE_PARITY_10198_OPT_BAIL_ABORTS_ON_ERROR.rs,P0,memory,CLI_OPTION,8071743,10664586,-32.122467,3
1850,10197,DOT_LINT_FKEY_INDEXES,SQLITE_PARITY_10197_DOT_LINT_FKEY_INDEXES.rs,P0,memory,CLI_DOT_COMMAND,32460941,42883558,-32.108179,3
1851,10128,MODE_TABS_HEADERS_ON,SQLITE_PARITY_10128_MODE_TABS_HEADERS_ON.rs,P0,memory,CLI_OUTPUT_MODE,15536468,20524800,-32.107246,3
1852,11576,DATETIME_TIME_Y2K_PLUS_30_MINUTES,SQLITE_PARITY_11576_DATETIME_TIME_Y2K_PLUS_30_MINUTES.rs,P0,memory,SQL_DATETIME,11606227,15330749,-32.090722,3
1853,01099,INDEX_SCHEMA_PRAGMA_032,SQLITE_PARITY_1099_INDEX_SCHEMA_PRAGMA_032.rs,P2,memory,GEN_SQL_INDEX_PRAGMA,19058357,25171888,-32.077954,3
1854,11901,WIN_SUM_ROWS_CURRENT_UNBND_FOLL,SQLITE_PARITY_11901_WIN_SUM_ROWS_CURRENT_UNBND_FOLL.rs,P0,memory,SQL_WINDOW,28022307,37003690,-32.050834,3
1855,11015,MATH_ASINH_10_0,SQLITE_PARITY_11015_MATH_ASINH_10_0.rs,P1,memory,SQL_MATH,19031016,25120641,-31.998423,3
1856,00811,WINDOW_PARTITION_SUM_024,SQLITE_PARITY_811_WINDOW_PARTITION_SUM_024.rs,P2,memory,GEN_SQL_WINDOW,4988041,6578990,-31.895267,3
1857,10496,ALL_OPERATOR_UNSUPPORTED,SQLITE_PARITY_10496_ALL_OPERATOR_UNSUPPORTED.rs,P0,memory,SQL_SUBQUERY,29661336,39114351,-31.869822,3
1858,11237,CAST_TEXT_BARE_AS_TEXT,SQLITE_PARITY_11237_CAST_TEXT_BARE_AS_TEXT.rs,P0,memory,SQL_CAST,20790453,27410340,-31.840995,3
1859,10561,NO_SUCH_TRIGGER,SQLITE_PARITY_10561_NO_SUCH_TRIGGER.rs,P0,memory,SQL_ERROR_MESSAGES,21006541,27666835,-31.705810,3
1860,11847,JSON_ARROW_A_B,SQLITE_PARITY_11847_JSON_ARROW_A_B.rs,P0,memory,SQL_JSON,12486972,16431049,-31.585536,3
1861,10125,MODE_CSV_HEADERS_OFF,SQLITE_PARITY_10125_MODE_CSV_HEADERS_OFF.rs,P0,memory,CLI_OUTPUT_MODE,16375544,21535682,-31.511246,3
1862,00408,DML_WHERE_ORDER_LIMIT_021,SQLITE_PARITY_408_DML_WHERE_ORDER_LIMIT_021.rs,P1,memory,GEN_SQL_DML,26695869,35101393,-31.486235,3
1863,00542,AGG_GROUP_HAVING_035,SQLITE_PARITY_542_AGG_GROUP_HAVING_035.rs,P1,memory,GEN_SQL_AGGREGATE,14423543,18963959,-31.479200,3
1864,11632,DATETIME_DATETIME_DATE_2024_PLUS_30_MINUTES,SQLITE_PARITY_11632_DATETIME_DATETIME_DATE_2024_PLUS_30_MINUTES.rs,P0,memory,SQL_DATETIME,21548095,28331081,-31.478356,3
1865,00397,DML_WHERE_ORDER_LIMIT_010,SQLITE_PARITY_397_DML_WHERE_ORDER_LIMIT_010.rs,P1,memory,GEN_SQL_DML,19339488,25426649,-31.475296,3
1866,11054,MATH_LN_0_5,SQLITE_PARITY_11054_MATH_LN_0_5.rs,P1,memory,SQL_MATH,16419217,21575217,-31.402228,3
1867,00636,JOIN_SUBQUERY_EXISTS_029,SQLITE_PARITY_636_JOIN_SUBQUERY_EXISTS_029.rs,P1,memory,GEN_SQL_JOIN_SUBQUERY,28740024,37763216,-31.395910,3
1868,10438,REC_PIVOT_STYLE_STRING_AGG,SQLITE_PARITY_10438_REC_PIVOT_STYLE_STRING_AGG.rs,P0,memory,SQL_RECURSIVE_CTE,24354852,31999318,-31.387857,3
1869,11570,DATETIME_DATE_Y2K_PLUS_3_HOURS,SQLITE_PARITY_11570_DATETIME_DATE_Y2K_PLUS_3_HOURS.rs,P0,memory,SQL_DATETIME,13196413,17325591,-31.290154,3
1870,10624,BLOB_ORDER_WITH_NULL,SQLITE_PARITY_10624_BLOB_ORDER_WITH_NULL.rs,P0,memory,SQL_BLOB,20925498,27448091,-31.170551,3
1871,10252,PRAGMA_QUERY_ONLY_READS_DEFAULT,SQLITE_PARITY_10252_PRAGMA_QUERY_ONLY_READS_DEFAULT.rs,P0,memory,SQL_PRAGMA,18717302,24544471,-31.132526,3
1872,11629,DATETIME_STRFTIME_ISO_DATE_2024_PLUS_3_HOURS,SQLITE_PARITY_11629_DATETIME_STRFTIME_ISO_DATE_2024_PLUS_3_HOURS.rs,P0,memory,SQL_DATETIME,24569018,32195208,-31.039865,3
1873,00589,AGG_GROUP_HAVING_082,SQLITE_PARITY_589_AGG_GROUP_HAVING_082.rs,P1,memory,GEN_SQL_AGGREGATE,28641778,37515227,-30.980790,3
1874,11504,DATETIME_STRFTIME_ISO_EPOCH_PLUS_5_DAYS,SQLITE_PARITY_11504_DATETIME_STRFTIME_ISO_EPOCH_PLUS_5_DAYS.rs,P0,memory,SQL_DATETIME,27942927,36599817,-30.980613,3
1875,11073,MATH_SINH_1_0,SQLITE_PARITY_11073_MATH_SINH_1_0.rs,P1,memory,SQL_MATH,23717768,31045985,-30.897583,3
1876,11933,WIN_MIN_ROWS_2_PREC_CURRENT,SQLITE_PARITY_11933_WIN_MIN_ROWS_2_PREC_CURRENT.rs,P0,memory,SQL_WINDOW,13462456,17596684,-30.709315,3
1877,10287,FK_DEFERRED_FAILS_AT_COMMIT,SQLITE_PARITY_10287_FK_DEFERRED_FAILS_AT_COMMIT.rs,P0,memory,SQL_FOREIGN_KEYS,23219496,30340060,-30.666316,3
1878,11309,AFFINITY_BIGINT_INT_BIG,SQLITE_PARITY_11309_AFFINITY_BIGINT_INT_BIG.rs,P0,memory,SQL_TYPE_AFFINITY,18693728,24423863,-30.652714,3
1879,11818,JSON_JSON_TYPE_D,SQLITE_PARITY_11818_JSON_JSON_TYPE_D.rs,P0,memory,SQL_JSON,24672293,32227759,-30.623283,3
1880,00977,VIEW_TRIGGER_GENERATED_030,SQLITE_PARITY_977_VIEW_TRIGGER_GENERATED_030.rs,P2,memory,GEN_SQL_VIEW_TRIGGER,4295382,5606090,-30.514352,3
1881,10472,COMPOUND_UNION_ALL_PRESERVES_DUPES,SQLITE_PARITY_10472_COMPOUND_UNION_ALL_PRESERVES_DUPES.rs,P0,memory,SQL_COMPOUND,30207409,39392237,-30.405878,3
1882,00926,CONSTRAINT_FK_SAVEPOINT_059,SQLITE_PARITY_926_CONSTRAINT_FK_SAVEPOINT_059.rs,P2,memory,GEN_SQL_CONSTRAINT_TX,29354716,38266447,-30.358771,3
1883,11032,MATH_COS_0_0,SQLITE_PARITY_11032_MATH_COS_0_0.rs,P1,memory,SQL_MATH,17046924,22204276,-30.253857,3
1884,00359,SCALAR_NULL_COALESCE_033,SQLITE_PARITY_359_SCALAR_NULL_COALESCE_033.rs,P1,memory,GEN_SQL_SCALAR,29779029,38765231,-30.176276,3
1885,00544,AGG_GROUP_HAVING_037,SQLITE_PARITY_544_AGG_GROUP_HAVING_037.rs,P1,memory,GEN_SQL_AGGREGATE,12036720,15645845,-29.984290,3
1886,00923,CONSTRAINT_FK_SAVEPOINT_056,SQLITE_PARITY_923_CONSTRAINT_FK_SAVEPOINT_056.rs,P2,memory,GEN_SQL_CONSTRAINT_TX,26449874,34305678,-29.700724,3
1887,10010,NULL_OR_TRUE_SHORTCIRCUIT,SQLITE_PARITY_10010_NULL_OR_TRUE_SHORTCIRCUIT.rs,P0,memory,SQL_NULL_SEMANTICS,20802055,26937926,-29.496466,3
1888,11048,MATH_FLOOR_1_4,SQLITE_PARITY_11048_MATH_FLOOR_1_4.rs,P1,memory,SQL_MATH,3483197,4502574,-29.265557,3
1889,01040,JSON_EXTRACT_SET_033,SQLITE_PARITY_1040_JSON_EXTRACT_SET_033.rs,P2,memory,GEN_SQL_JSON,19391627,25053344,-29.196709,3
1890,10546,MEDIAN_REQUIRES_CAPABILITY,SQLITE_PARITY_10546_MEDIAN_REQUIRES_CAPABILITY.rs,P0,memory,SQL_AGGREGATE_ADV,28075468,36254584,-29.132608,3
1891,00287,SCALAR_NULL_COALESCE_015,SQLITE_PARITY_287_SCALAR_NULL_COALESCE_015.rs,P1,memory,GEN_SQL_SCALAR,17636740,22765767,-29.081491,3
1892,11207,CAST_INT_5_AS_TEXT,SQLITE_PARITY_11207_CAST_INT_5_AS_TEXT.rs,P0,memory,SQL_CAST,3759218,4850762,-29.036464,3
1893,10385,SCHEMA_VERSION_PER_DB,SQLITE_PARITY_10385_SCHEMA_VERSION_PER_DB.rs,P0,memory,SQL_ATTACH,31269998,40342583,-29.013705,3
1894,10332,ON_CONFLICT_WHERE_PARTIAL_INDEX_NO_MATCH,SQLITE_PARITY_10332_ON_CONFLICT_WHERE_PARTIAL_INDEX_NO_MATCH.rs,P0,memory,SQL_UPSERT,10845137,13965978,-28.776409,3
1895,00366,SCALAR_STRING_035,SQLITE_PARITY_366_SCALAR_STRING_035.rs,P1,memory,GEN_SQL_SCALAR,23694463,30420532,-28.386670,3
1896,00971,VIEW_TRIGGER_GENERATED_024,SQLITE_PARITY_971_VIEW_TRIGGER_GENERATED_024.rs,P2,memory,GEN_SQL_VIEW_TRIGGER,34974864,44884872,-28.334658,3
1897,01106,INDEX_SCHEMA_PRAGMA_039,SQLITE_PARITY_1106_INDEX_SCHEMA_PRAGMA_039.rs,P2,memory,GEN_SQL_INDEX_PRAGMA,10870275,13945670,-28.291787,3
1898,10218,OPT_MODE_MARKDOWN,SQLITE_PARITY_10218_OPT_MODE_MARKDOWN.rs,P0,memory,CLI_OPTION,27856253,35706968,-28.182954,3
1899,10387,PRAGMA_AUX_USER_VERSION_ISOLATED,SQLITE_PARITY_10387_PRAGMA_AUX_USER_VERSION_ISOLATED.rs,P0,memory,SQL_ATTACH,20015176,25645423,-28.129890,3
1900,10351,INSERT_RETURNING_SINGLE_COL,SQLITE_PARITY_10351_INSERT_RETURNING_SINGLE_COL.rs,P0,memory,SQL_RETURNING,16949309,21715953,-28.122940,3
1901,00939,CONSTRAINT_FK_SAVEPOINT_072,SQLITE_PARITY_939_CONSTRAINT_FK_SAVEPOINT_072.rs,P2,memory,GEN_SQL_CONSTRAINT_TX,39744813,50871874,-27.996260,3
1902,11362,AFFINITY_NUMERIC_BLOB_HEX,SQLITE_PARITY_11362_AFFINITY_NUMERIC_BLOB_HEX.rs,P0,memory,SQL_TYPE_AFFINITY,21534880,27494840,-27.675845,3
1903,00328,SCALAR_ARITH_026,SQLITE_PARITY_328_SCALAR_ARITH_026.rs,P1,memory,GEN_SQL_SCALAR,22619621,28851355,-27.550126,3
1904,11944,WIN_MAX_RANGE_UNBND_PREC_CURRENT,SQLITE_PARITY_11944_WIN_MAX_RANGE_UNBND_PREC_CURRENT.rs,P0,memory,SQL_WINDOW,15919953,20298543,-27.503787,3
1905,11501,DATETIME_TIME_EPOCH_PLUS_5_DAYS,SQLITE_PARITY_11501_DATETIME_TIME_EPOCH_PLUS_5_DAYS.rs,P0,memory,SQL_DATETIME,11510144,14665641,-27.414922,3
1906,10434,REC_DFS_ORDER_TREE,SQLITE_PARITY_10434_REC_DFS_ORDER_TREE.rs,P0,memory,SQL_RECURSIVE_CTE,30148898,38320470,-27.104049,3
1907,11348,AFFINITY_BLOB_INT_1,SQLITE_PARITY_11348_AFFINITY_BLOB_INT_1.rs,P0,memory,SQL_TYPE_AFFINITY,20457944,25996908,-27.074881,3
1908,00599,AGG_GROUP_HAVING_092,SQLITE_PARITY_599_AGG_GROUP_HAVING_092.rs,P1,memory,GEN_SQL_AGGREGATE,10895041,13825623,-26.898311,3
1909,10238,OPT_INIT_WITH_READ,SQLITE_PARITY_10238_OPT_INIT_WITH_READ.rs,P0,memory,CLI_OPTION,21142528,26827267,-26.887698,3
1910,00660,JOIN_SUBQUERY_EXISTS_053,SQLITE_PARITY_660_JOIN_SUBQUERY_EXISTS_053.rs,P1,memory,GEN_SQL_JOIN_SUBQUERY,22022713,27931565,-26.830718,3
1911,11854,JSON_DARROW_A_B_1_C,SQLITE_PARITY_11854_JSON_DARROW_A_B_1_C.rs,P0,memory,SQL_JSON,17854361,22643216,-26.821766,3
1912,11638,DATETIME_JULIANDAY_DATE_2024_PLUS_10_SECONDS,SQLITE_PARITY_11638_DATETIME_JULIANDAY_DATE_2024_PLUS_10_SECONDS.rs,P0,memory,SQL_DATETIME,21006852,26613002,-26.687245,3
1913,00740,CTE_RECURSIVE_MATRIX_033,SQLITE_PARITY_740_CTE_RECURSIVE_MATRIX_033.rs,P1,memory,GEN_SQL_CTE,33354981,42223190,-26.587360,3
1914,00688,JOIN_SUBQUERY_EXISTS_081,SQLITE_PARITY_688_JOIN_SUBQUERY_EXISTS_081.rs,P1,memory,GEN_SQL_JOIN_SUBQUERY,21146526,26756785,-26.530405,3
1915,10344,ON_CONFLICT_DEFAULTED_COLUMN,SQLITE_PARITY_10344_ON_CONFLICT_DEFAULTED_COLUMN.rs,P0,memory,SQL_UPSERT,10032500,12692169,-26.510531,3
1916,01059,JSON_EXTRACT_SET_052,SQLITE_PARITY_1059_JSON_EXTRACT_SET_052.rs,P2,memory,GEN_SQL_JSON,17490583,22113164,-26.428970,3
1917,00992,VIEW_TRIGGER_GENERATED_045,SQLITE_PARITY_992_VIEW_TRIGGER_GENERATED_045.rs,P2,memory,GEN_SQL_VIEW_TRIGGER,31844184,40212247,-26.278152,3
1918,11656,DATETIME_TIME_DATE_2024_WEEKDAY_0,SQLITE_PARITY_11656_DATETIME_TIME_DATE_2024_WEEKDAY_0.rs,P0,memory,SQL_DATETIME,31652352,39906068,-26.076154,3
1919,11947,WIN_MAX_EXCL_GROUP,SQLITE_PARITY_11947_WIN_MAX_EXCL_GROUP.rs,P0,memory,SQL_WINDOW,15212134,19178675,-26.074849,3
1920,00918,CONSTRAINT_FK_SAVEPOINT_051,SQLITE_PARITY_918_CONSTRAINT_FK_SAVEPOINT_051.rs,P2,memory,GEN_SQL_CONSTRAINT_TX,20959061,26402835,-25.973368,3
1921,10013,NULL_BETWEEN,SQLITE_PARITY_10013_NULL_BETWEEN.rs,P0,memory,SQL_NULL_SEMANTICS,16925765,21303041,-25.861614,3
1922,10485,COMPOUND_DISTINCT_INSIDE_VS_UNION,SQLITE_PARITY_10485_COMPOUND_DISTINCT_INSIDE_VS_UNION.rs,P0,memory,SQL_COMPOUND,30586015,38488247,-25.836095,3
1923,10495,ANY_OPERATOR_UNSUPPORTED,SQLITE_PARITY_10495_ANY_OPERATOR_UNSUPPORTED.rs,P0,memory,SQL_SUBQUERY,28570103,35915683,-25.710723,3
1924,12005,PRAGMA_CACHE_SPILL,SQLITE_PARITY_12005_PRAGMA_CACHE_SPILL.rs,P1,memory,SQL_PRAGMA,12796367,16066801,-25.557520,3
1925,00788,WINDOW_PARTITION_SUM_001,SQLITE_PARITY_788_WINDOW_PARTITION_SUM_001.rs,P2,memory,GEN_SQL_WINDOW,19886404,24951620,-25.470749,3
1926,01063,JSON_EXTRACT_SET_056,SQLITE_PARITY_1063_JSON_EXTRACT_SET_056.rs,P2,memory,GEN_SQL_JSON,12965396,16242874,-25.278657,3
1927,12014,PRAGMA_TRUSTED_SCHEMA,SQLITE_PARITY_12014_PRAGMA_TRUSTED_SCHEMA.rs,P1,memory,SQL_PRAGMA,15707501,19668861,-25.219543,3
1928,10394,SQLITE_SCHEMA_ALIAS,SQLITE_PARITY_10394_SQLITE_SCHEMA_ALIAS.rs,P0,memory,SQL_SCHEMA_INTROSPECTION,27419216,34325857,-25.189054,3
1929,01086,INDEX_SCHEMA_PRAGMA_019,SQLITE_PARITY_1086_INDEX_SCHEMA_PRAGMA_019.rs,P2,memory,GEN_SQL_INDEX_PRAGMA,20329330,25446056,-25.169182,3
1930,00285,SCALAR_CAST_TYPEOF_015,SQLITE_PARITY_285_SCALAR_CAST_TYPEOF_015.rs,P1,memory,GEN_SQL_SCALAR,23682972,29614197,-25.044260,3
1931,10488,COMPOUND_EXCEPT_ALL_REMOVED,SQLITE_PARITY_10488_COMPOUND_EXCEPT_ALL_REMOVED.rs,P0,memory,SQL_COMPOUND,29389653,36720945,-24.945147,3
1932,10279,FK_DELETE_SET_NULL_NULLIFIES_CHILD,SQLITE_PARITY_10279_FK_DELETE_SET_NULL_NULLIFIES_CHILD.rs,P0,memory,SQL_FOREIGN_KEYS,31309372,39094483,-24.865114,3
1933,10180,DOT_READ_FILE,SQLITE_PARITY_10180_DOT_READ_FILE.rs,P0,memory,CLI_DOT_COMMAND,30035554,37476033,-24.772238,3
1934,00801,WINDOW_PARTITION_SUM_014,SQLITE_PARITY_801_WINDOW_PARTITION_SUM_014.rs,P2,memory,GEN_SQL_WINDOW,16220932,20233709,-24.738264,3
1935,11725,DATETIME_DATE_Y2K_BASE,SQLITE_PARITY_11725_DATETIME_DATE_Y2K_BASE.rs,P0,memory,SQL_DATETIME,22473294,28032116,-24.735235,3
1936,10155,CLI_FLAG_MARKDOWN,SQLITE_PARITY_10155_CLI_FLAG_MARKDOWN.rs,P0,memory,CLI_OUTPUT_MODE,19468552,24280372,-24.715860,3
1937,00632,JOIN_SUBQUERY_EXISTS_025,SQLITE_PARITY_632_JOIN_SUBQUERY_EXISTS_025.rs,P1,memory,GEN_SQL_JOIN_SUBQUERY,36023095,44918486,-24.693578,3
1938,11710,DATETIME_DATE_UNIX_WEEKDAY_0,SQLITE_PARITY_11710_DATETIME_DATE_UNIX_WEEKDAY_0.rs,P0,memory,SQL_DATETIME,17797022,22185721,-24.659738,3
1939,10301,ROLLBACK_WITHOUT_TRANSACTION,SQLITE_PARITY_10301_ROLLBACK_WITHOUT_TRANSACTION.rs,P0,memory,SQL_TRANSACTION,18101157,22561482,-24.641104,3
1940,10114,MODE_LIST_NULLVALUE_EMPTY,SQLITE_PARITY_10114_MODE_LIST_NULLVALUE_EMPTY.rs,P0,memory,CLI_OUTPUT_MODE,22131889,27579881,-24.616028,3
1941,11581,DATETIME_TIME_Y2K_PLUS_10_SECONDS,SQLITE_PARITY_11581_DATETIME_TIME_Y2K_PLUS_10_SECONDS.rs,P0,memory,SQL_DATETIME,16313477,20309353,-24.494325,3
1942,10395,SQLITE_SEQUENCE_AUTOINCREMENT,SQLITE_PARITY_10395_SQLITE_SEQUENCE_AUTOINCREMENT.rs,P0,memory,SQL_SCHEMA_INTROSPECTION,28859911,35863134,-24.266267,3
1943,11204,CAST_NULL_AS_NUMERIC,SQLITE_PARITY_11204_CAST_NULL_AS_NUMERIC.rs,P0,memory,SQL_CAST,25408715,31541963,-24.138364,3
1944,01078,INDEX_SCHEMA_PRAGMA_011,SQLITE_PARITY_1078_INDEX_SCHEMA_PRAGMA_011.rs,P2,memory,GEN_SQL_INDEX_PRAGMA,21568554,26773986,-24.134358,3
1945,10443,REC_SUM_TO_N_VIA_FOLD,SQLITE_PARITY_10443_REC_SUM_TO_N_VIA_FOLD.rs,P0,memory,SQL_RECURSIVE_CTE,28135120,34907818,-24.072042,3
1946,11514,DATETIME_STRFTIME_ISO_EPOCH_PLUS_1_YEAR,SQLITE_PARITY_11514_DATETIME_STRFTIME_ISO_EPOCH_PLUS_1_YEAR.rs,P0,memory,SQL_DATETIME,14508143,17988044,-23.985847,3
1947,11235,CAST_TEXT_BARE_AS_INTEGER,SQLITE_PARITY_11235_CAST_TEXT_BARE_AS_INTEGER.rs,P0,memory,SQL_CAST,22562143,27954149,-23.898466,3
1948,10120,MODE_COLUMN_WIDTH_10_8_4,SQLITE_PARITY_10120_MODE_COLUMN_WIDTH_10_8_4.rs,P0,memory,CLI_OUTPUT_MODE,31096561,38483819,-23.755868,3
1949,12019,PRAGMA_ANALYSIS_LIMIT,SQLITE_PARITY_12019_PRAGMA_ANALYSIS_LIMIT.rs,P1,memory,SQL_PRAGMA,10693871,13233393,-23.747453,3
1950,00890,CONSTRAINT_FK_SAVEPOINT_023,SQLITE_PARITY_890_CONSTRAINT_FK_SAVEPOINT_023.rs,P2,memory,GEN_SQL_CONSTRAINT_TX,11397211,14095233,-23.672651,3
1951,10566,ROLLBACK_NO_TRANSACTION,SQLITE_PARITY_10566_ROLLBACK_NO_TRANSACTION.rs,P0,memory,SQL_ERROR_MESSAGES,21851639,27023759,-23.669254,3
1952,00497,DML_WHERE_ORDER_LIMIT_110,SQLITE_PARITY_497_DML_WHERE_ORDER_LIMIT_110.rs,P1,memory,GEN_SQL_DML,18135472,22397351,-23.500238,3
1953,00647,JOIN_SUBQUERY_EXISTS_040,SQLITE_PARITY_647_JOIN_SUBQUERY_EXISTS_040.rs,P1,memory,GEN_SQL_JOIN_SUBQUERY,25416630,31386007,-23.486107,3
1954,10216,OPT_MODE_LINE,SQLITE_PARITY_10216_OPT_MODE_LINE.rs,P0,memory,CLI_OPTION,22878661,28251180,-23.482664,3
1955,10540,GROUPBY_EMPTY_VS_NO_GROUPBY_EMPTY,SQLITE_PARITY_10540_GROUPBY_EMPTY_VS_NO_GROUPBY_EMPTY.rs,P0,memory,SQL_AGGREGATE_ADV,33047980,40763019,-23.344964,3
1956,11333,AFFINITY_TEXT_INT_BIG,SQLITE_PARITY_11333_AFFINITY_TEXT_INT_BIG.rs,P0,memory,SQL_TYPE_AFFINITY,14049126,17320592,-23.285904,3
1957,00588,AGG_GROUP_HAVING_081,SQLITE_PARITY_588_AGG_GROUP_HAVING_081.rs,P1,memory,GEN_SQL_AGGREGATE,31035375,38255637,-23.264620,3
1958,01043,JSON_EXTRACT_SET_036,SQLITE_PARITY_1043_JSON_EXTRACT_SET_036.rs,P2,memory,GEN_SQL_JSON,29764482,36663147,-23.177507,3
1959,00576,AGG_GROUP_HAVING_069,SQLITE_PARITY_576_AGG_GROUP_HAVING_069.rs,P1,memory,GEN_SQL_AGGREGATE,27256890,33519192,-22.975116,3
1960,10214,OPT_MODE_HTML,SQLITE_PARITY_10214_OPT_MODE_HTML.rs,P0,memory,CLI_OPTION,22236807,27343373,-22.964475,3
1961,10582,DUPLICATE_TABLE_NAME,SQLITE_PARITY_10582_DUPLICATE_TABLE_NAME.rs,P0,memory,SQL_ERROR_MESSAGES,23242950,28567438,-22.907970,3
1962,00656,JOIN_SUBQUERY_EXISTS_049,SQLITE_PARITY_656_JOIN_SUBQUERY_EXISTS_049.rs,P1,memory,GEN_SQL_JOIN_SUBQUERY,35123956,43139311,-22.820194,3
1963,11020,MATH_ATANH_0_0,SQLITE_PARITY_11020_MATH_ATANH_0_0.rs,P1,memory,SQL_MATH,23260864,28556618,-22.766798,3
1964,10523,GROUP_BY_EXPRESSION_LOWER,SQLITE_PARITY_10523_GROUP_BY_EXPRESSION_LOWER.rs,P0,memory,SQL_AGGREGATE_ADV,30174657,37016304,-22.673487,3
1965,00637,JOIN_SUBQUERY_EXISTS_030,SQLITE_PARITY_637_JOIN_SUBQUERY_EXISTS_030.rs,P1,memory,GEN_SQL_JOIN_SUBQUERY,34119907,41831459,-22.601328,3
1966,11701,DATETIME_TIME_UNIX_START_OF_MONTH,SQLITE_PARITY_11701_DATETIME_TIME_UNIX_START_OF_MONTH.rs,P0,memory,SQL_DATETIME,20209024,24775097,-22.594228,3
1967,00354,SCALAR_STRING_032,SQLITE_PARITY_354_SCALAR_STRING_032.rs,P1,memory,GEN_SQL_SCALAR,24638899,30204052,-22.586857,3
1968,01110,INDEX_SCHEMA_PRAGMA_043,SQLITE_PARITY_1110_INDEX_SCHEMA_PRAGMA_043.rs,P2,memory,GEN_SQL_INDEX_PRAGMA,16992130,20809609,-22.466159,3
1969,10490,SCALAR_SUBQUERY_SELECT_LIST,SQLITE_PARITY_10490_SCALAR_SUBQUERY_SELECT_LIST.rs,P0,memory,SQL_SUBQUERY,33927113,41528547,-22.405190,3
1970,11561,DATETIME_TIME_Y2K_MINUS_1_MONTH,SQLITE_PARITY_11561_DATETIME_TIME_Y2K_MINUS_1_MONTH.rs,P0,memory,SQL_DATETIME,11770005,14396002,-22.310925,3
1971,10492,NOT_EXISTS_SUBQUERY,SQLITE_PARITY_10492_NOT_EXISTS_SUBQUERY.rs,P0,memory,SQL_SUBQUERY,24114377,29493890,-22.308323,3
1972,00356,SCALAR_ARITH_033,SQLITE_PARITY_356_SCALAR_ARITH_033.rs,P1,memory,GEN_SQL_SCALAR,25003960,30571939,-22.268389,3
1973,01101,INDEX_SCHEMA_PRAGMA_034,SQLITE_PARITY_1101_INDEX_SCHEMA_PRAGMA_034.rs,P2,memory,GEN_SQL_INDEX_PRAGMA,14646575,17899546,-22.209773,3
1974,10226,OPT_NOFOLLOW,SQLITE_PARITY_10226_OPT_NOFOLLOW.rs,P0,memory,CLI_OPTION,34012544,41511414,-22.047366,3
1975,00561,AGG_GROUP_HAVING_054,SQLITE_PARITY_561_AGG_GROUP_HAVING_054.rs,P1,memory,GEN_SQL_AGGREGATE,12358658,15068423,-21.926046,3
1976,10318,RECURSIVE_TRIGGERS_WITH_SAVEPOINTS,SQLITE_PARITY_10318_RECURSIVE_TRIGGERS_WITH_SAVEPOINTS.rs,P0,memory,SQL_TRANSACTION,12042140,14671913,-21.838087,3
1977,01104,INDEX_SCHEMA_PRAGMA_037,SQLITE_PARITY_1104_INDEX_SCHEMA_PRAGMA_037.rs,P2,memory,GEN_SQL_INDEX_PRAGMA,17269305,21030466,-21.779458,3
1978,10516,FILTER_COUNT_STAR_PREDICATE,SQLITE_PARITY_10516_FILTER_COUNT_STAR_PREDICATE.rs,P0,memory,SQL_AGGREGATE_ADV,33747032,41094616,-21.772534,3
1979,00445,DML_WHERE_ORDER_LIMIT_058,SQLITE_PARITY_445_DML_WHERE_ORDER_LIMIT_058.rs,P1,memory,GEN_SQL_DML,21527836,26205451,-21.728217,3
1980,10359,DELETE_RETURNING_BASIC,SQLITE_PARITY_10359_DELETE_RETURNING_BASIC.rs,P0,memory,SQL_RETURNING,15213306,18511623,-21.680475,3
1981,10152,CLI_FLAG_HTML,SQLITE_PARITY_10152_CLI_FLAG_HTML.rs,P0,memory,CLI_OUTPUT_MODE,12306600,14973393,-21.669616,3
1982,10389,DETACH_THEN_QUALIFIED_REF_ERROR,SQLITE_PARITY_10389_DETACH_THEN_QUALIFIED_REF_ERROR.rs,P0,memory,SQL_ATTACH,26781962,32561711,-21.580753,3
1983,10469,JOIN_VIEW_AS_RIGHT_SIDE,SQLITE_PARITY_10469_JOIN_VIEW_AS_RIGHT_SIDE.rs,P0,memory,SQL_JOIN,30116176,36609034,-21.559371,3
1984,11429,STRING_QUOTE_1_5,SQLITE_PARITY_11429_STRING_QUOTE_1_5.rs,P0,memory,SQL_STRING,28227024,34307051,-21.539738,3
1985,12012,PRAGMA_DATA_VERSION,SQLITE_PARITY_12012_PRAGMA_DATA_VERSION.rs,P1,memory,SQL_PRAGMA,13376303,16253484,-21.509538,3
1986,10480,COMPOUND_DIFFERENT_COLUMN_COUNT_ERRORS,SQLITE_PARITY_10480_COMPOUND_DIFFERENT_COLUMN_COUNT_ERRORS.rs,P0,memory,SQL_COMPOUND,26247542,31880894,-21.462398,3
1987,10067,AUTOINCREMENT_EXPLICIT_BUMPS_SEQ,SQLITE_PARITY_10067_AUTOINCREMENT_EXPLICIT_BUMPS_SEQ.rs,P0,memory,SQL_AUTOINCREMENT,17832610,21627696,-21.281719,3
1988,10459,JOIN_ON_VS_WHERE_LEFT_DIFFERS,SQLITE_PARITY_10459_JOIN_ON_VS_WHERE_LEFT_DIFFERS.rs,P0,memory,SQL_JOIN,33428210,40522123,-21.221337,3
1989,00794,WINDOW_PARTITION_SUM_007,SQLITE_PARITY_794_WINDOW_PARTITION_SUM_007.rs,P2,memory,GEN_SQL_WINDOW,17682896,21424852,-21.161443,3
1990,10534,MULTIPLE_AGGREGATES_SAME_SELECT,SQLITE_PARITY_10534_MULTIPLE_AGGREGATES_SAME_SELECT.rs,P0,memory,SQL_AGGREGATE_ADV,30562661,37000253,-21.063585,3
1991,10310,ROLLBACK_TO_UNKNOWN_SAVEPOINT_REJECTED,SQLITE_PARITY_10310_ROLLBACK_TO_UNKNOWN_SAVEPOINT_REJECTED.rs,P0,memory,SQL_TRANSACTION,15282437,18490424,-20.991331,3
1992,11433,STRING_CHAR_97,SQLITE_PARITY_11433_STRING_CHAR_97.rs,P0,memory,SQL_STRING,20440931,24729962,-20.982562,3
1993,10626,EMPTY_BLOB_LENGTH,SQLITE_PARITY_10626_EMPTY_BLOB_LENGTH.rs,P0,memory,SQL_BLOB,22199767,26822659,-20.824056,3
1994,12033,PRAGMA_SET_SYNCHRONOUS_NORMAL,SQLITE_PARITY_12033_PRAGMA_SET_SYNCHRONOUS_NORMAL.rs,P1,memory,SQL_PRAGMA,9020597,10896575,-20.796606,3
1995,00551,AGG_GROUP_HAVING_044,SQLITE_PARITY_551_AGG_GROUP_HAVING_044.rs,P1,memory,GEN_SQL_AGGREGATE,36537078,44127911,-20.775698,3
1996,11243,CAST_BLOB_HEX_AS_BLOB,SQLITE_PARITY_11243_CAST_BLOB_HEX_AS_BLOB.rs,P0,memory,SQL_CAST,20939264,25285763,-20.757649,3
1997,10380,TXN_SPANS_ATTACHED_DBS,SQLITE_PARITY_10380_TXN_SPANS_ATTACHED_DBS.rs,P0,memory,SQL_ATTACH,20435882,24656593,-20.653432,3
1998,10025,NULL_GLOB_PATTERN,SQLITE_PARITY_10025_NULL_GLOB_PATTERN.rs,P0,memory,SQL_NULL_SEMANTICS,15619535,18828352,-20.543614,3
1999,00587,AGG_GROUP_HAVING_080,SQLITE_PARITY_587_AGG_GROUP_HAVING_080.rs,P1,memory,GEN_SQL_AGGREGATE,28439626,34273117,-20.511841,3
2000,11593,DATETIME_JULIANDAY_Y2K_START_OF_MONTH,SQLITE_PARITY_11593_DATETIME_JULIANDAY_Y2K_START_OF_MONTH.rs,P0,memory,SQL_DATETIME,11151266,13433301,-20.464358,3
2001,00840,WINDOW_PARTITION_SUM_053,SQLITE_PARITY_840_WINDOW_PARTITION_SUM_053.rs,P2,memory,GEN_SQL_WINDOW,22799442,27428284,-20.302435,3
2002,10440,REC_FIBONACCI,SQLITE_PARITY_10440_REC_FIBONACCI.rs,P0,memory,SQL_RECURSIVE_CTE,22539259,27084384,-20.165370,3
2003,10116,MODE_LIST_NULLVALUE_NA,SQLITE_PARITY_10116_MODE_LIST_NULLVALUE_NA.rs,P0,memory,CLI_OUTPUT_MODE,19900079,23815072,-19.673254,3
2004,10403,PRAGMA_FUNCTION_LIST_FILTERED,SQLITE_PARITY_10403_PRAGMA_FUNCTION_LIST_FILTERED.rs,P0,memory,SQL_SCHEMA_INTROSPECTION,22732585,27129189,-19.340537,3
2005,00606,AGG_GROUP_HAVING_099,SQLITE_PARITY_606_AGG_GROUP_HAVING_099.rs,P1,memory,GEN_SQL_AGGREGATE,18624237,22185721,-19.122845,3
2006,00974,VIEW_TRIGGER_GENERATED_027,SQLITE_PARITY_974_VIEW_TRIGGER_GENERATED_027.rs,P2,memory,GEN_SQL_VIEW_TRIGGER,29768179,35406891,-18.942079,3
2007,10594,GLOB_STAR_WILDCARD,SQLITE_PARITY_10594_GLOB_STAR_WILDCARD.rs,P0,memory,SQL_PATTERN,34994461,41571778,-18.795309,3
2008,10237,OPT_BATCH_BAIL_COMBO,SQLITE_PARITY_10237_OPT_BATCH_BAIL_COMBO.rs,P0,memory,CLI_OPTION,22229845,26405140,-18.782385,3
2009,10240,PRAGMA_FOREIGN_KEYS_DEFAULT_OFF,SQLITE_PARITY_10240_PRAGMA_FOREIGN_KEYS_DEFAULT_OFF.rs,P0,memory,SQL_PRAGMA,24377986,28917961,-18.623257,3
2010,00303,SCALAR_NULL_COALESCE_019,SQLITE_PARITY_303_SCALAR_NULL_COALESCE_019.rs,P1,memory,GEN_SQL_SCALAR,24235667,28730456,-18.546174,3
2011,10060,INTPK_EXPLICIT_VALUE_USED,SQLITE_PARITY_10060_INTPK_EXPLICIT_VALUE_USED.rs,P0,memory,SQL_AUTOINCREMENT,30900940,36561023,-18.316863,3
2012,00810,WINDOW_PARTITION_SUM_023,SQLITE_PARITY_810_WINDOW_PARTITION_SUM_023.rs,P2,memory,GEN_SQL_WINDOW,6325151,7480034,-18.258584,3
2013,11712,DATETIME_DATETIME_UNIX_WEEKDAY_0,SQLITE_PARITY_11712_DATETIME_DATETIME_UNIX_WEEKDAY_0.rs,P0,memory,SQL_DATETIME,6253174,7387829,-18.145265,3
2014,00886,CONSTRAINT_FK_SAVEPOINT_019,SQLITE_PARITY_886_CONSTRAINT_FK_SAVEPOINT_019.rs,P2,memory,GEN_SQL_CONSTRAINT_TX,25037383,29496645,-17.810416,3
2015,11326,AFFINITY_DOUBLE_REAL_HALF,SQLITE_PARITY_11326_AFFINITY_DOUBLE_REAL_HALF.rs,P0,memory,SQL_TYPE_AFFINITY,18548464,21843153,-17.762597,3
2016,10569,UPSERT_CONFLICT_NO_MATCH,SQLITE_PARITY_10569_UPSERT_CONFLICT_NO_MATCH.rs,P0,memory,SQL_ERROR_MESSAGES,24595678,28952407,-17.713393,3
2017,11636,DATETIME_TIME_DATE_2024_PLUS_10_SECONDS,SQLITE_PARITY_11636_DATETIME_TIME_DATE_2024_PLUS_10_SECONDS.rs,P0,memory,SQL_DATETIME,23403514,27528293,-17.624614,3
2018,00343,SCALAR_NULL_COALESCE_029,SQLITE_PARITY_343_SCALAR_NULL_COALESCE_029.rs,P1,memory,GEN_SQL_SCALAR,23002345,27011806,-17.430662,3
2019,00912,CONSTRAINT_FK_SAVEPOINT_045,SQLITE_PARITY_912_CONSTRAINT_FK_SAVEPOINT_045.rs,P2,memory,GEN_SQL_CONSTRAINT_TX,33179719,38941104,-17.364177,3
2020,00325,SCALAR_CAST_TYPEOF_025,SQLITE_PARITY_325_SCALAR_CAST_TYPEOF_025.rs,P1,memory,GEN_SQL_SCALAR,28200705,33078938,-17.298266,3
2021,10400,PRAGMA_INDEX_INFO_TVF,SQLITE_PARITY_10400_PRAGMA_INDEX_INFO_TVF.rs,P0,memory,SQL_SCHEMA_INTROSPECTION,27605819,32369578,-17.256358,3
2022,01052,JSON_EXTRACT_SET_045,SQLITE_PARITY_1052_JSON_EXTRACT_SET_045.rs,P2,memory,GEN_SQL_JSON,16170146,18950053,-17.191601,3
2023,00763,CTE_RECURSIVE_MATRIX_056,SQLITE_PARITY_763_CTE_RECURSIVE_MATRIX_056.rs,P1,memory,GEN_SQL_CTE,27014762,31654215,-17.173770,3
2024,10109,MODE_LIST_SEP_SEMICOLON,SQLITE_PARITY_10109_MODE_LIST_SEP_SEMICOLON.rs,P0,memory,CLI_OUTPUT_MODE,38984145,45656862,-17.116489,3
2025,10399,PRAGMA_INDEX_LIST_TVF,SQLITE_PARITY_10399_PRAGMA_INDEX_LIST_TVF.rs,P0,memory,SQL_SCHEMA_INTROSPECTION,29505281,34523941,-17.009362,3
2026,00684,JOIN_SUBQUERY_EXISTS_077,SQLITE_PARITY_684_JOIN_SUBQUERY_EXISTS_077.rs,P1,memory,GEN_SQL_JOIN_SUBQUERY,23591800,27586693,-16.933396,3
2027,00461,DML_WHERE_ORDER_LIMIT_074,SQLITE_PARITY_461_DML_WHERE_ORDER_LIMIT_074.rs,P1,memory,GEN_SQL_DML,19807784,23151637,-16.881510,3
2028,10192,DOT_BAIL_ON_NOOP,SQLITE_PARITY_10192_DOT_BAIL_ON_NOOP.rs,P0,memory,CLI_DOT_COMMAND,12104729,14134126,-16.765324,3
2029,00604,AGG_GROUP_HAVING_097,SQLITE_PARITY_604_AGG_GROUP_HAVING_097.rs,P1,memory,GEN_SQL_AGGREGATE,31618867,36903210,-16.712626,3
2030,00875,CONSTRAINT_FK_SAVEPOINT_008,SQLITE_PARITY_875_CONSTRAINT_FK_SAVEPOINT_008.rs,P2,memory,GEN_SQL_CONSTRAINT_TX,28326883,33054923,-16.691000,3
2031,11822,JSON_JSON_TYPE_MISSING,SQLITE_PARITY_11822_JSON_JSON_TYPE_MISSING.rs,P0,memory,SQL_JSON,20064400,23412651,-16.687521,3
2032,10258,PRAGMA_LOCKING_MODE_EXCLUSIVE_SET,SQLITE_PARITY_10258_PRAGMA_LOCKING_MODE_EXCLUSIVE_SET.rs,P0,memory,SQL_PRAGMA,29575635,34509193,-16.681157,3
2033,00883,CONSTRAINT_FK_SAVEPOINT_016,SQLITE_PARITY_883_CONSTRAINT_FK_SAVEPOINT_016.rs,P2,memory,GEN_SQL_CONSTRAINT_TX,30451070,35462095,-16.455990,3
2034,00617,JOIN_SUBQUERY_EXISTS_010,SQLITE_PARITY_617_JOIN_SUBQUERY_EXISTS_010.rs,P1,memory,GEN_SQL_JOIN_SUBQUERY,20340050,23671410,-16.378327,3
2035,00891,CONSTRAINT_FK_SAVEPOINT_024,SQLITE_PARITY_891_CONSTRAINT_FK_SAVEPOINT_024.rs,P2,memory,GEN_SQL_CONSTRAINT_TX,19823524,23058141,-16.317064,3
2036,00731,CTE_RECURSIVE_MATRIX_024,SQLITE_PARITY_731_CTE_RECURSIVE_MATRIX_024.rs,P1,memory,GEN_SQL_CTE,5888114,6847047,-16.285911,3
2037,00984,VIEW_TRIGGER_GENERATED_037,SQLITE_PARITY_984_VIEW_TRIGGER_GENERATED_037.rs,P2,memory,GEN_SQL_VIEW_TRIGGER,30430741,35348480,-16.160431,3
2038,11352,AFFINITY_BLOB_TEXT_NUM,SQLITE_PARITY_11352_AFFINITY_BLOB_TEXT_NUM.rs,P0,memory,SQL_TYPE_AFFINITY,25019710,29062865,-16.159880,3
2039,01054,JSON_EXTRACT_SET_047,SQLITE_PARITY_1054_JSON_EXTRACT_SET_047.rs,P2,memory,GEN_SQL_JSON,30234260,35109478,-16.124813,3
2040,00300,SCALAR_ARITH_019,SQLITE_PARITY_300_SCALAR_ARITH_019.rs,P1,memory,GEN_SQL_SCALAR,30109994,34939637,-16.040000,3
2041,00291,SCALAR_NULL_COALESCE_016,SQLITE_PARITY_291_SCALAR_NULL_COALESCE_016.rs,P1,memory,GEN_SQL_SCALAR,8805079,10211940,-15.977835,3
2042,10478,COMPOUND_LIMIT,SQLITE_PARITY_10478_COMPOUND_LIMIT.rs,P0,memory,SQL_COMPOUND,28721209,33296891,-15.931370,3
2043,11906,WIN_SUM_EXCL_CURRENT_ROW,SQLITE_PARITY_11906_WIN_SUM_EXCL_CURRENT_ROW.rs,P0,memory,SQL_WINDOW,25824271,29905349,-15.803265,3
2044,11057,MATH_LOG10_10_0,SQLITE_PARITY_11057_MATH_LOG10_10_0.rs,P1,memory,SQL_MATH,13397403,15502604,-15.713501,3
2045,01027,JSON_EXTRACT_SET_020,SQLITE_PARITY_1027_JSON_EXTRACT_SET_020.rs,P2,memory,GEN_SQL_JSON,19820128,22932804,-15.704621,3
2046,11088,MATH_TRUNC_1_4,SQLITE_PARITY_11088_MATH_TRUNC_1_4.rs,P1,memory,SQL_MATH,16617101,19198071,-15.532011,3
2047,11942,WIN_MAX_ROWS_1_PREC_1_FOLL,SQLITE_PARITY_11942_WIN_MAX_ROWS_1_PREC_1_FOLL.rs,P0,memory,SQL_WINDOW,22031599,25411040,-15.339064,3
2048,11948,WIN_MAX_EXCL_TIES,SQLITE_PARITY_11948_WIN_MAX_EXCL_TIES.rs,P0,memory,SQL_WINDOW,15784697,18202760,-15.319033,3
2049,00591,AGG_GROUP_HAVING_084,SQLITE_PARITY_591_AGG_GROUP_HAVING_084.rs,P1,memory,GEN_SQL_AGGREGATE,11307291,13013166,-15.086505,3
2050,00373,SCALAR_CAST_TYPEOF_037,SQLITE_PARITY_373_SCALAR_CAST_TYPEOF_037.rs,P1,memory,GEN_SQL_SCALAR,26083792,29983065,-14.949027,3
2051,11308,AFFINITY_BIGINT_INT_1,SQLITE_PARITY_11308_AFFINITY_BIGINT_INT_1.rs,P0,memory,SQL_TYPE_AFFINITY,6967876,8001870,-14.839443,3
2052,01125,INDEX_SCHEMA_PRAGMA_058,SQLITE_PARITY_1125_INDEX_SCHEMA_PRAGMA_058.rs,P2,memory,GEN_SQL_INDEX_PRAGMA,12259331,14073952,-14.801958,3
2053,12004,PRAGMA_CACHE_SIZE,SQLITE_PARITY_12004_PRAGMA_CACHE_SIZE.rs,P1,memory,SQL_PRAGMA,10222429,11717506,-14.625457,3
2054,00858,WINDOW_PARTITION_SUM_071,SQLITE_PARITY_858_WINDOW_PARTITION_SUM_071.rs,P2,memory,GEN_SQL_WINDOW,25216632,28903764,-14.621826,3
2055,00350,SCALAR_STRING_031,SQLITE_PARITY_350_SCALAR_STRING_031.rs,P1,memory,GEN_SQL_SCALAR,27034178,30943571,-14.460928,3
2056,10134,MODE_INSERT_NAMED_TARGET,SQLITE_PARITY_10134_MODE_INSERT_NAMED_TARGET.rs,P0,memory,CLI_OUTPUT_MODE,29746086,34043644,-14.447474,3
2057,10274,FK_INSERT_VIOLATION_REJECTED,SQLITE_PARITY_10274_FK_INSERT_VIOLATION_REJECTED.rs,P0,memory,SQL_FOREIGN_KEYS,11812937,13512291,-14.385533,3
2058,10609,BLOB_LITERAL_TYPEOF,SQLITE_PARITY_10609_BLOB_LITERAL_TYPEOF.rs,P0,memory,SQL_BLOB,25172699,28776273,-14.315406,3
2059,10603,GLOB_WITH_NULL,SQLITE_PARITY_10603_GLOB_WITH_NULL.rs,P0,memory,SQL_PATTERN,26640104,30410773,-14.154108,3
2060,10493,IN_SELECT_SUBQUERY_BASIC,SQLITE_PARITY_10493_IN_SELECT_SUBQUERY_BASIC.rs,P0,memory,SQL_SUBQUERY,30313841,34600617,-14.141316,3
2061,11660,DATETIME_DATE_DATE_2024_UTC,SQLITE_PARITY_11660_DATETIME_DATE_DATE_2024_UTC.rs,P0,memory,SQL_DATETIME,22183276,25298256,-14.042020,3
2062,10186,DOT_EXIT_TERMINATES,SQLITE_PARITY_10186_DOT_EXIT_TERMINATES.rs,P0,memory,CLI_DOT_COMMAND,9262114,10552233,-13.928991,3
2063,00608,JOIN_SUBQUERY_EXISTS_001,SQLITE_PARITY_608_JOIN_SUBQUERY_EXISTS_001.rs,P1,memory,GEN_SQL_JOIN_SUBQUERY,28594619,32537064,-13.787367,3
2064,10529,AGGREGATE_COLLATE_NOCASE_DISTINCT,SQLITE_PARITY_10529_AGGREGATE_COLLATE_NOCASE_DISTINCT.rs,P0,memory,SQL_AGGREGATE_ADV,26196365,29788988,-13.714204,3
2065,00630,JOIN_SUBQUERY_EXISTS_023,SQLITE_PARITY_630_JOIN_SUBQUERY_EXISTS_023.rs,P1,memory,GEN_SQL_JOIN_SUBQUERY,31698067,36021733,-13.640157,3
2066,11652,DATETIME_DATETIME_DATE_2024_START_OF_YEAR,SQLITE_PARITY_11652_DATETIME_DATETIME_DATE_2024_START_OF_YEAR.rs,P0,memory,SQL_DATETIME,25369662,28812171,-13.569392,3
2067,00673,JOIN_SUBQUERY_EXISTS_066,SQLITE_PARITY_673_JOIN_SUBQUERY_EXISTS_066.rs,P1,memory,GEN_SQL_JOIN_SUBQUERY,39323997,44659156,-13.567184,3
2068,00752,CTE_RECURSIVE_MATRIX_045,SQLITE_PARITY_752_CTE_RECURSIVE_MATRIX_045.rs,P1,memory,GEN_SQL_CTE,8497548,9647542,-13.533245,3
2069,00777,CTE_RECURSIVE_MATRIX_070,SQLITE_PARITY_777_CTE_RECURSIVE_MATRIX_070.rs,P1,memory,GEN_SQL_CTE,25727078,29169677,-13.381228,3
2070,00385,SCALAR_CAST_TYPEOF_040,SQLITE_PARITY_385_SCALAR_CAST_TYPEOF_040.rs,P1,memory,GEN_SQL_SCALAR,25941643,29409600,-13.368301,3
2071,10257,PRAGMA_LOCKING_MODE_NORMAL,SQLITE_PARITY_10257_PRAGMA_LOCKING_MODE_NORMAL.rs,P0,memory,SQL_PRAGMA,21680896,24576762,-13.356763,3
2072,11648,DATETIME_JULIANDAY_DATE_2024_START_OF_MONTH,SQLITE_PARITY_11648_DATETIME_JULIANDAY_DATE_2024_START_OF_MONTH.rs,P0,memory,SQL_DATETIME,21312140,24141930,-13.277831,3
2073,10550,NOT_NULL_CONSTRAINT_FAILED,SQLITE_PARITY_10550_NOT_NULL_CONSTRAINT_FAILED.rs,P0,memory,SQL_ERROR_MESSAGES,31843814,36052391,-13.216309,3
2074,00905,CONSTRAINT_FK_SAVEPOINT_038,SQLITE_PARITY_905_CONSTRAINT_FK_SAVEPOINT_038.rs,P2,memory,GEN_SQL_CONSTRAINT_TX,28580513,32345201,-13.172220,3
2075,11667,DATETIME_DATETIME_UNIX_PLUS_5_DAYS,SQLITE_PARITY_11667_DATETIME_DATETIME_UNIX_PLUS_5_DAYS.rs,P0,memory,SQL_DATETIME,4279552,4835394,-12.988322,3
2076,00664,JOIN_SUBQUERY_EXISTS_057,SQLITE_PARITY_664_JOIN_SUBQUERY_EXISTS_057.rs,P1,memory,GEN_SQL_JOIN_SUBQUERY,27236371,30738663,-12.858879,3
2077,00432,DML_WHERE_ORDER_LIMIT_045,SQLITE_PARITY_432_DML_WHERE_ORDER_LIMIT_045.rs,P1,memory,GEN_SQL_DML,16183752,18264746,-12.858539,3
2078,11935,WIN_MIN_GROUPS_1_PREC_CURRENT,SQLITE_PARITY_11935_WIN_MIN_GROUPS_1_PREC_CURRENT.rs,P0,memory,SQL_WINDOW,17959019,20264067,-12.835044,3
2079,01098,INDEX_SCHEMA_PRAGMA_031,SQLITE_PARITY_1098_INDEX_SCHEMA_PRAGMA_031.rs,P2,memory,GEN_SQL_INDEX_PRAGMA,20512878,23140516,-12.809699,3
2080,11441,STRING_SUBSTR_ABCDEF_2,SQLITE_PARITY_11441_STRING_SUBSTR_ABCDEF_2.rs,P0,memory,SQL_STRING,18785451,21167295,-12.679195,3
2081,10500,MULTIPLE_DERIVED_TABLES_IN_FROM,SQLITE_PARITY_10500_MULTIPLE_DERIVED_TABLES_IN_FROM.rs,P0,memory,SQL_SUBQUERY,34379949,38725696,-12.640353,3
2082,10460,JOIN_LEFT_IS_NULL_ANTIJOIN,SQLITE_PARITY_10460_JOIN_LEFT_IS_NULL_ANTIJOIN.rs,P0,memory,SQL_JOIN,25790006,29034130,-12.578997,3
2083,11684,DATETIME_STRFTIME_ISO_UNIX_PLUS_3_HOURS,SQLITE_PARITY_11684_DATETIME_STRFTIME_ISO_UNIX_PLUS_3_HOURS.rs,P0,memory,SQL_DATETIME,21154221,23809772,-12.553291,3
2084,10271,PRAGMA_FOREIGN_KEYS_ON_THEN_READ,SQLITE_PARITY_10271_PRAGMA_FOREIGN_KEYS_ON_THEN_READ.rs,P0,memory,SQL_FOREIGN_KEYS,35216330,39566096,-12.351560,3
2085,10547,UNIQUE_CONSTRAINT_FAILED,SQLITE_PARITY_10547_UNIQUE_CONSTRAINT_FAILED.rs,P0,memory,SQL_ERROR_MESSAGES,31959111,35833347,-12.122477,3
2086,11000,MATH_ACOS_1_0,SQLITE_PARITY_11000_MATH_ACOS_1_0.rs,P1,memory,SQL_MATH,23787941,26663448,-12.088087,3
2087,00798,WINDOW_PARTITION_SUM_011,SQLITE_PARITY_798_WINDOW_PARTITION_SUM_011.rs,P2,memory,GEN_SQL_WINDOW,18623295,20872067,-12.075049,3
2088,10527,AGGREGATE_OVER_ALL_NULL_SET,SQLITE_PARITY_10527_AGGREGATE_OVER_ALL_NULL_SET.rs,P0,memory,SQL_AGGREGATE_ADV,35154945,39393048,-12.055496,3
2089,00867,WINDOW_PARTITION_SUM_080,SQLITE_PARITY_867_WINDOW_PARTITION_SUM_080.rs,P2,memory,GEN_SQL_WINDOW,29464475,33007374,-12.024307,3
2090,00619,JOIN_SUBQUERY_EXISTS_012,SQLITE_PARITY_619_JOIN_SUBQUERY_EXISTS_012.rs,P1,memory,GEN_SQL_JOIN_SUBQUERY,18258564,20453876,-12.023465,3
2091,00400,DML_WHERE_ORDER_LIMIT_013,SQLITE_PARITY_400_DML_WHERE_ORDER_LIMIT_013.rs,P1,memory,GEN_SQL_DML,12279910,13751623,-11.984721,3
2092,00349,SCALAR_CAST_TYPEOF_031,SQLITE_PARITY_349_SCALAR_CAST_TYPEOF_031.rs,P1,memory,GEN_SQL_SCALAR,26789787,29978737,-11.903603,3
2093,10593,NOT_LIKE_BASIC,SQLITE_PARITY_10593_NOT_LIKE_BASIC.rs,P0,memory,SQL_PATTERN,27155017,30355059,-11.784349,3
2094,11225,CAST_TEXT_42_AS_INTEGER,SQLITE_PARITY_11225_CAST_TEXT_42_AS_INTEGER.rs,P0,memory,SQL_CAST,10300217,11512098,-11.765587,3
2095,10415,RENAME_COLUMN_REWRITES_TRIGGER,SQLITE_PARITY_10415_RENAME_COLUMN_REWRITES_TRIGGER.rs,P0,memory,SQL_ALTER,32163869,35932184,-11.715988,3
2096,00973,VIEW_TRIGGER_GENERATED_026,SQLITE_PARITY_973_VIEW_TRIGGER_GENERATED_026.rs,P2,memory,GEN_SQL_VIEW_TRIGGER,36974855,41305214,-11.711632,3
2097,10141,MODE_ASCII_BASIC,SQLITE_PARITY_10141_MODE_ASCII_BASIC.rs,P0,memory,CLI_OUTPUT_MODE,11288506,12601959,-11.635313,3
2098,00609,JOIN_SUBQUERY_EXISTS_002,SQLITE_PARITY_609_JOIN_SUBQUERY_EXISTS_002.rs,P1,memory,GEN_SQL_JOIN_SUBQUERY,19850164,22092364,-11.295625,3
2099,00506,DML_WHERE_ORDER_LIMIT_119,SQLITE_PARITY_506_DML_WHERE_ORDER_LIMIT_119.rs,P1,memory,GEN_SQL_DML,11792980,13119367,-11.247259,3
2100,10580,DROP_SQLITE_MASTER,SQLITE_PARITY_10580_DROP_SQLITE_MASTER.rs,P0,memory,SQL_ERROR_MESSAGES,34073800,37861613,-11.116497,3
2101,10574,INSERT_INTO_VIEW,SQLITE_PARITY_10574_INSERT_INTO_VIEW.rs,P0,memory,SQL_ERROR_MESSAGES,31092553,34547706,-11.112478,3
2102,00380,SCALAR_ARITH_039,SQLITE_PARITY_380_SCALAR_ARITH_039.rs,P1,memory,GEN_SQL_SCALAR,31597036,35097565,-11.078663,3
2103,00498,DML_WHERE_ORDER_LIMIT_111,SQLITE_PARITY_498_DML_WHERE_ORDER_LIMIT_111.rs,P1,memory,GEN_SQL_DML,22568004,25065516,-11.066606,3
2104,10520,STRING_AGG_ALIAS_OF_GROUP_CONCAT,SQLITE_PARITY_10520_STRING_AGG_ALIAS_OF_GROUP_CONCAT.rs,P0,memory,SQL_AGGREGATE_ADV,30766486,34076095,-10.757189,3
2105,00526,AGG_GROUP_HAVING_019,SQLITE_PARITY_526_AGG_GROUP_HAVING_019.rs,P1,memory,GEN_SQL_AGGREGATE,14390381,15921135,-10.637342,3
2106,00351,SCALAR_NULL_COALESCE_031,SQLITE_PARITY_351_SCALAR_NULL_COALESCE_031.rs,P1,memory,GEN_SQL_SCALAR,30056223,33238621,-10.588150,3
2107,00851,WINDOW_PARTITION_SUM_064,SQLITE_PARITY_851_WINDOW_PARTITION_SUM_064.rs,P2,memory,GEN_SQL_WINDOW,14371975,15881180,-10.501027,3
2108,00968,VIEW_TRIGGER_GENERATED_021,SQLITE_PARITY_968_VIEW_TRIGGER_GENERATED_021.rs,P2,memory,GEN_SQL_VIEW_TRIGGER,29943490,33072287,-10.449006,3
2109,12006,PRAGMA_SYNCHRONOUS,SQLITE_PARITY_12006_PRAGMA_SYNCHRONOUS.rs,P1,memory,SQL_PRAGMA,17828262,19664294,-10.298435,3
2110,11918,WIN_AVG_EXCL_TIES,SQLITE_PARITY_11918_WIN_AVG_EXCL_TIES.rs,P0,memory,SQL_WINDOW,18868759,20778580,-10.121604,3
2111,00405,DML_WHERE_ORDER_LIMIT_018,SQLITE_PARITY_405_DML_WHERE_ORDER_LIMIT_018.rs,P1,memory,GEN_SQL_DML,9874722,10869292,-10.071878,3
2112,10509,NESTED_THREE_LEVEL_SUBQUERY,SQLITE_PARITY_10509_NESTED_THREE_LEVEL_SUBQUERY.rs,P0,memory,SQL_SUBQUERY,32152738,35388325,-10.063177,3
2113,11078,MATH_SQRT_4_0,SQLITE_PARITY_11078_MATH_SQRT_4_0.rs,P1,memory,SQL_MATH,8612175,9476249,-10.033168,3
2114,10513,SUM_DISTINCT_BASIC,SQLITE_PARITY_10513_SUM_DISTINCT_BASIC.rs,P0,memory,SQL_AGGREGATE_ADV,28764551,31644407,-10.011823,3
2115,11861,JSON_ARROW_E,SQLITE_PARITY_11861_JSON_ARROW_E.rs,P0,memory,SQL_JSON,22235305,24457978,-9.996144,3
2116,12032,PRAGMA_SET_ANALYSIS_LIMIT_100,SQLITE_PARITY_12032_PRAGMA_SET_ANALYSIS_LIMIT_100.rs,P1,memory,SQL_PRAGMA,13641906,15002168,-9.971202,3
2117,10164,DOT_MODE_MARKDOWN_RESET_SEPARATOR,SQLITE_PARITY_10164_DOT_MODE_MARKDOWN_RESET_SEPARATOR.rs,P0,memory,CLI_DOT_COMMAND,10493652,11539350,-9.965053,3
2118,10004,NULL_PLUS_INT_IS_NULL,SQLITE_PARITY_10004_NULL_PLUS_INT_IS_NULL.rs,P0,memory,SQL_NULL_SEMANTICS,14219637,15630154,-9.919501,3
2119,00696,JOIN_SUBQUERY_EXISTS_089,SQLITE_PARITY_696_JOIN_SUBQUERY_EXISTS_089.rs,P1,memory,GEN_SQL_JOIN_SUBQUERY,26144556,28711109,-9.816778,3
2120,00662,JOIN_SUBQUERY_EXISTS_055,SQLITE_PARITY_662_JOIN_SUBQUERY_EXISTS_055.rs,P1,memory,GEN_SQL_JOIN_SUBQUERY,29583299,32461371,-9.728705,3
2121,10291,FK_COMPOSITE_HAPPY_AND_LIST,SQLITE_PARITY_10291_FK_COMPOSITE_HAPPY_AND_LIST.rs,P0,memory,SQL_FOREIGN_KEYS,27869899,30579102,-9.720893,3
2122,10027,ORDER_BY_DESC_NULL_LAST_DEFAULT,SQLITE_PARITY_10027_ORDER_BY_DESC_NULL_LAST_DEFAULT.rs,P0,memory,SQL_NULL_ORDER,15152853,16617912,-9.668536,3
2123,00347,SCALAR_NULL_COALESCE_030,SQLITE_PARITY_347_SCALAR_NULL_COALESCE_030.rs,P1,memory,GEN_SQL_SCALAR,22738857,24925231,-9.615145,3
2124,00635,JOIN_SUBQUERY_EXISTS_028,SQLITE_PARITY_635_JOIN_SUBQUERY_EXISTS_028.rs,P1,memory,GEN_SQL_JOIN_SUBQUERY,24794984,27115242,-9.357772,3
2125,12015,PRAGMA_SECURE_DELETE,SQLITE_PARITY_12015_PRAGMA_SECURE_DELETE.rs,P1,memory,SQL_PRAGMA,14942185,16333104,-9.308672,3
2126,10270,PRAGMA_FOREIGN_KEYS_DEFAULT_OFF,SQLITE_PARITY_10270_PRAGMA_FOREIGN_KEYS_DEFAULT_OFF.rs,P0,memory,SQL_FOREIGN_KEYS,20765706,22695134,-9.291415,3
2127,10591,LIKE_CASE_INSENSITIVE_ASCII_DEFAULT,SQLITE_PARITY_10591_LIKE_CASE_INSENSITIVE_ASCII_DEFAULT.rs,P0,memory,SQL_PATTERN,36004762,39292228,-9.130642,3
2128,00792,WINDOW_PARTITION_SUM_005,SQLITE_PARITY_792_WINDOW_PARTITION_SUM_005.rs,P2,memory,GEN_SQL_WINDOW,41738403,45406008,-8.787123,3
2129,10158,CLI_FLAG_TABS,SQLITE_PARITY_10158_CLI_FLAG_TABS.rs,P0,memory,CLI_OUTPUT_MODE,10893308,11844286,-8.729929,3
2130,10475,COMPOUND_EXCEPT,SQLITE_PARITY_10475_COMPOUND_EXCEPT.rs,P0,memory,SQL_COMPOUND,25635655,27872594,-8.725890,3
2131,10477,COMPOUND_ORDER_BY_FINAL,SQLITE_PARITY_10477_COMPOUND_ORDER_BY_FINAL.rs,P0,memory,SQL_COMPOUND,22391550,24332730,-8.669252,3
2132,11027,MATH_CEIL_1_6,SQLITE_PARITY_11027_MATH_CEIL_1_6.rs,P1,memory,SQL_MATH,18302047,19863741,-8.532893,3
2133,01029,JSON_EXTRACT_SET_022,SQLITE_PARITY_1029_JSON_EXTRACT_SET_022.rs,P2,memory,GEN_SQL_JSON,38567617,41851627,-8.514941,3
2134,00714,CTE_RECURSIVE_MATRIX_007,SQLITE_PARITY_714_CTE_RECURSIVE_MATRIX_007.rs,P1,memory,GEN_SQL_CTE,29469344,31969921,-8.485350,3
2135,10532,AGGREGATE_OVER_CTE,SQLITE_PARITY_10532_AGGREGATE_OVER_CTE.rs,P0,memory,SQL_AGGREGATE_ADV,31498300,34163479,-8.461342,3
2136,11623,DATETIME_JULIANDAY_DATE_2024_PLUS_1_YEAR,SQLITE_PARITY_11623_DATETIME_JULIANDAY_DATE_2024_PLUS_1_YEAR.rs,P0,memory,SQL_DATETIME,33726183,36573527,-8.442533,3
2137,10213,OPT_MODE_CSV,SQLITE_PARITY_10213_OPT_MODE_CSV.rs,P0,memory,CLI_OPTION,27769149,30076111,-8.307644,3
2138,10537,MIN_MAX_OVER_STRINGS_LEXICOGRAPHIC,SQLITE_PARITY_10537_MIN_MAX_OVER_STRINGS_LEXICOGRAPHIC.rs,P0,memory,SQL_AGGREGATE_ADV,28952637,31348166,-8.273958,3
2139,01004,VIEW_TRIGGER_GENERATED_057,SQLITE_PARITY_1004_VIEW_TRIGGER_GENERATED_057.rs,P2,memory,GEN_SQL_VIEW_TRIGGER,13598012,14707911,-8.162215,3
2140,11019,MATH_ATAN_10_0,SQLITE_PARITY_11019_MATH_ATAN_10_0.rs,P1,memory,SQL_MATH,8461029,9149311,-8.134732,3
2141,00568,AGG_GROUP_HAVING_061,SQLITE_PARITY_568_AGG_GROUP_HAVING_061.rs,P1,memory,GEN_SQL_AGGREGATE,27999474,30255650,-8.057923,3
2142,10016,IFNULL_TWO_ARG,SQLITE_PARITY_10016_IFNULL_TWO_ARG.rs,P0,memory,SQL_NULL_SEMANTICS,11018635,11880434,-7.821286,3
2143,10008,IS_NOT_DISTINCT_FROM_BASIC,SQLITE_PARITY_10008_IS_NOT_DISTINCT_FROM_BASIC.rs,P0,memory,SQL_NULL_SEMANTICS,11141187,11993819,-7.652973,3
2144,10588,LIKE_UNDERSCORE_WILDCARD,SQLITE_PARITY_10588_LIKE_UNDERSCORE_WILDCARD.rs,P0,memory,SQL_PATTERN,21968180,23600366,-7.429773,3
2145,10099,STRICT_NULL_ALLOWED_BY_DEFAULT,SQLITE_PARITY_10099_STRICT_NULL_ALLOWED_BY_DEFAULT.rs,P0,memory,SQL_STRICT_TABLES,13136870,14074624,-7.138337,3
2146,10185,DOT_QUIT_TERMINATES,SQLITE_PARITY_10185_DOT_QUIT_TERMINATES.rs,P0,memory,CLI_DOT_COMMAND,10982927,11766429,-7.133818,3
2147,10412,ADD_COLUMN_WITH_FK_REFERENCE,SQLITE_PARITY_10412_ADD_COLUMN_WITH_FK_REFERENCE.rs,P0,memory,SQL_ALTER,33468695,35855980,-7.132889,3
2148,11557,DATETIME_DATETIME_Y2K_PLUS_5_DAYS,SQLITE_PARITY_11557_DATETIME_DATETIME_Y2K_PLUS_5_DAYS.rs,P0,memory,SQL_DATETIME,39486926,42273165,-7.056105,3
2149,11953,WIN_FIRST_VALUE_ROWS_2_PREC_CURRENT,SQLITE_PARITY_11953_WIN_FIRST_VALUE_ROWS_2_PREC_CURRENT.rs,P0,memory,SQL_WINDOW,15013079,16051321,-6.915583,3
2150,10501,SCALAR_SUBQUERY_MULTI_ROW_TAKES_FIRST,SQLITE_PARITY_10501_SCALAR_SUBQUERY_MULTI_ROW_TAKES_FIRST.rs,P0,memory,SQL_SUBQUERY,22854726,24410057,-6.805293,3
2151,11630,DATETIME_DATE_DATE_2024_PLUS_30_MINUTES,SQLITE_PARITY_11630_DATETIME_DATE_DATE_2024_PLUS_30_MINUTES.rs,P0,memory,SQL_DATETIME,30989749,33057288,-6.671687,3
2152,11437,STRING_SOUNDEX_ROBERT,SQLITE_PARITY_11437_STRING_SOUNDEX_ROBERT.rs,P0,memory,SQL_STRING,18932159,20185128,-6.618205,3
2153,00979,VIEW_TRIGGER_GENERATED_032,SQLITE_PARITY_979_VIEW_TRIGGER_GENERATED_032.rs,P2,memory,GEN_SQL_VIEW_TRIGGER,29539806,31488060,-6.595351,3
2154,10174,DOT_SCHEMA_SQLITE_MASTER,SQLITE_PARITY_10174_DOT_SCHEMA_SQLITE_MASTER.rs,P0,memory,CLI_DOT_COMMAND,16055419,17111216,-6.575954,3
2155,11946,WIN_MAX_EXCL_CURRENT_ROW,SQLITE_PARITY_11946_WIN_MAX_EXCL_CURRENT_ROW.rs,P0,memory,SQL_WINDOW,14265715,15203649,-6.574742,3
2156,00799,WINDOW_PARTITION_SUM_012,SQLITE_PARITY_799_WINDOW_PARTITION_SUM_012.rs,P2,memory,GEN_SQL_WINDOW,18287981,19487849,-6.560965,3
2157,00715,CTE_RECURSIVE_MATRIX_008,SQLITE_PARITY_715_CTE_RECURSIVE_MATRIX_008.rs,P1,memory,GEN_SQL_CTE,30433035,32424822,-6.544819,3
2158,00865,WINDOW_PARTITION_SUM_078,SQLITE_PARITY_865_WINDOW_PARTITION_SUM_078.rs,P2,memory,GEN_SQL_WINDOW,17475425,18610942,-6.497793,3
2159,10265,PRAGMA_INTEGRITY_CHECK_OK,SQLITE_PARITY_10265_PRAGMA_INTEGRITY_CHECK_OK.rs,P0,memory,SQL_PRAGMA,26732298,28465826,-6.484770,3
2160,00446,DML_WHERE_ORDER_LIMIT_059,SQLITE_PARITY_446_DML_WHERE_ORDER_LIMIT_059.rs,P1,memory,GEN_SQL_DML,17868888,19022139,-6.453961,3
2161,00429,DML_WHERE_ORDER_LIMIT_042,SQLITE_PARITY_429_DML_WHERE_ORDER_LIMIT_042.rs,P1,memory,GEN_SQL_DML,28665623,30427786,-6.147304,3
2162,11628,DATETIME_JULIANDAY_DATE_2024_PLUS_3_HOURS,SQLITE_PARITY_11628_DATETIME_JULIANDAY_DATE_2024_PLUS_3_HOURS.rs,P0,memory,SQL_DATETIME,28414980,30104745,-5.946740,3
2163,10204,OPT_SEPARATOR_SEMI,SQLITE_PARITY_10204_OPT_SEPARATOR_SEMI.rs,P0,memory,CLI_OPTION,22434642,23761330,-5.913569,3
2164,11436,STRING_ZEROBLOB_4,SQLITE_PARITY_11436_STRING_ZEROBLOB_4.rs,P0,memory,SQL_STRING,17989376,19047858,-5.883928,3
2165,11063,MATH_LOG2_0_5,SQLITE_PARITY_11063_MATH_LOG2_0_5.rs,P1,memory,SQL_MATH,5430469,5748520,-5.856787,3
2166,10048,TOTAL_VS_SUM_ALL_NULL_AND_EMPTY,SQLITE_PARITY_10048_TOTAL_VS_SUM_ALL_NULL_AND_EMPTY.rs,P0,memory,SQL_AGGREGATE_NULL,18085007,19086100,-5.535486,3
2167,01089,INDEX_SCHEMA_PRAGMA_022,SQLITE_PARITY_1089_INDEX_SCHEMA_PRAGMA_022.rs,P2,memory,GEN_SQL_INDEX_PRAGMA,13919921,14689116,-5.525858,3
2168,10544,AGGREGATE_IN_SUBQUERY_IN_SELECT_LIST,SQLITE_PARITY_10544_AGGREGATE_IN_SUBQUERY_IN_SELECT_LIST.rs,P0,memory,SQL_AGGREGATE_ADV,34208575,36077169,-5.462356,3
2169,10098,STRICT_NUMERIC_TYPE_REJECTED,SQLITE_PARITY_10098_STRICT_NUMERIC_TYPE_REJECTED.rs,P0,memory,SQL_STRICT_TABLES,24359211,25686952,-5.450673,3
2170,10089,STRICT_REAL_REJECTS_BLOB,SQLITE_PARITY_10089_STRICT_REAL_REJECTS_BLOB.rs,P0,memory,SQL_STRICT_TABLES,23716215,25005843,-5.437748,3
2171,11819,JSON_JSON_TYPE_D_0,SQLITE_PARITY_11819_JSON_JSON_TYPE_D_0.rs,P0,memory,SQL_JSON,20438737,21541272,-5.394340,3
2172,10030,ORDER_BY_ASC_NULLS_FIRST_EXPLICIT,SQLITE_PARITY_10030_ORDER_BY_ASC_NULLS_FIRST_EXPLICIT.rs,P0,memory,SQL_NULL_ORDER,21113243,22244352,-5.357344,3
2173,10096,STRICT_ANY_PRESERVES_INPUT_TYPES,SQLITE_PARITY_10096_STRICT_ANY_PRESERVES_INPUT_TYPES.rs,P0,memory,SQL_STRICT_TABLES,22173688,23352337,-5.315530,3
2174,10570,RAISE_OUTSIDE_TRIGGER,SQLITE_PARITY_10570_RAISE_OUTSIDE_TRIGGER.rs,P0,memory,SQL_ERROR_MESSAGES,25298296,26634223,-5.280700,3
2175,11060,MATH_LOG2_1_0,SQLITE_PARITY_11060_MATH_LOG2_1_0.rs,P1,memory,SQL_MATH,6163094,6485634,-5.233410,3
2176,00338,SCALAR_STRING_028,SQLITE_PARITY_338_SCALAR_STRING_028.rs,P1,memory,GEN_SQL_SCALAR,25357518,26653719,-5.111703,3
2177,11428,STRING_QUOTE_X_01AB,SQLITE_PARITY_11428_STRING_QUOTE_X_01AB.rs,P0,memory,SQL_STRING,19268494,20198643,-4.827305,3
2178,11645,DATETIME_DATE_DATE_2024_START_OF_MONTH,SQLITE_PARITY_11645_DATETIME_DATE_DATE_2024_START_OF_MONTH.rs,P0,memory,SQL_DATETIME,22022302,23036369,-4.604728,3
2179,11503,DATETIME_JULIANDAY_EPOCH_PLUS_5_DAYS,SQLITE_PARITY_11503_DATETIME_JULIANDAY_EPOCH_PLUS_5_DAYS.rs,P0,memory,SQL_DATETIME,19611704,20504292,-4.551303,3
2180,00371,SCALAR_NULL_COALESCE_036,SQLITE_PARITY_371_SCALAR_NULL_COALESCE_036.rs,P1,memory,GEN_SQL_SCALAR,19871865,20707927,-4.207265,3
2181,10600,REGEXP_POSITIVE,SQLITE_PARITY_10600_REGEXP_POSITIVE.rs,P0,memory,SQL_PATTERN,26844300,27964188,-4.171791,3
2182,11042,MATH_DEGREES_1_5707963267949,SQLITE_PARITY_11042_MATH_DEGREES_1_5707963267949.rs,P1,memory,SQL_MATH,15260907,15883073,-4.076861,3
2183,01030,JSON_EXTRACT_SET_023,SQLITE_PARITY_1030_JSON_EXTRACT_SET_023.rs,P2,memory,GEN_SQL_JSON,32795853,34121830,-4.043124,3
2184,00702,JOIN_SUBQUERY_EXISTS_095,SQLITE_PARITY_702_JOIN_SUBQUERY_EXISTS_095.rs,P1,memory,GEN_SQL_JOIN_SUBQUERY,28482627,29624477,-4.008935,3
2185,10562,SYNTAX_ERROR_NEAR_TOKEN,SQLITE_PARITY_10562_SYNTAX_ERROR_NEAR_TOKEN.rs,P0,memory,SQL_ERROR_MESSAGES,31963870,33156245,-3.730384,3
2186,11938,WIN_MIN_EXCL_TIES,SQLITE_PARITY_11938_WIN_MIN_EXCL_TIES.rs,P0,memory,SQL_WINDOW,14924911,15449113,-3.512262,3
2187,00486,DML_WHERE_ORDER_LIMIT_099,SQLITE_PARITY_486_DML_WHERE_ORDER_LIMIT_099.rs,P1,memory,GEN_SQL_DML,17602334,18192039,-3.350152,3
2188,11837,JSON_TYPE_DOC_ROOT,SQLITE_PARITY_11837_JSON_TYPE_DOC_ROOT.rs,P0,memory,SQL_JSON,26717390,27610128,-3.341412,3
2189,00836,WINDOW_PARTITION_SUM_049,SQLITE_PARITY_836_WINDOW_PARTITION_SUM_049.rs,P2,memory,GEN_SQL_WINDOW,32253748,33331376,-3.341094,3
2190,10269,PRAGMA_TABLE_INFO_BASIC,SQLITE_PARITY_10269_PRAGMA_TABLE_INFO_BASIC.rs,P0,memory,SQL_PRAGMA,23503252,24259763,-3.218750,3
2191,11562,DATETIME_DATETIME_Y2K_MINUS_1_MONTH,SQLITE_PARITY_11562_DATETIME_DATETIME_Y2K_MINUS_1_MONTH.rs,P0,memory,SQL_DATETIME,22246126,22956078,-3.191351,3
2192,10602,LIKE_WITH_NULL_PATTERN_VALUE,SQLITE_PARITY_10602_LIKE_WITH_NULL_PATTERN_VALUE.rs,P0,memory,SQL_PATTERN,28890339,29765604,-3.029611,3
2193,11049,MATH_FLOOR_1_6,SQLITE_PARITY_11049_MATH_FLOOR_1_6.rs,P1,memory,SQL_MATH,18247715,18771385,-2.869784,3
2194,10499,DERIVED_TABLE_IN_FROM_WITH_ALIAS,SQLITE_PARITY_10499_DERIVED_TABLE_IN_FROM_WITH_ALIAS.rs,P0,memory,SQL_SUBQUERY,31373835,32224253,-2.710596,3
2195,11653,DATETIME_JULIANDAY_DATE_2024_START_OF_YEAR,SQLITE_PARITY_11653_DATETIME_JULIANDAY_DATE_2024_START_OF_YEAR.rs,P0,memory,SQL_DATETIME,20632924,21184698,-2.674240,3
2196,10247,PRAGMA_JOURNAL_MODE_SET_DELETE_ON_MEMORY,SQLITE_PARITY_10247_PRAGMA_JOURNAL_MODE_SET_DELETE_ON_MEMORY.rs,P0,memory,SQL_PRAGMA,25560142,26193720,-2.478773,3
2197,00475,DML_WHERE_ORDER_LIMIT_088,SQLITE_PARITY_475_DML_WHERE_ORDER_LIMIT_088.rs,P1,memory,GEN_SQL_DML,19020005,19480355,-2.420346,3
2198,00585,AGG_GROUP_HAVING_078,SQLITE_PARITY_585_AGG_GROUP_HAVING_078.rs,P1,memory,GEN_SQL_AGGREGATE,30074638,30801943,-2.418333,3
2199,10587,LIKE_PCT_WILDCARD,SQLITE_PARITY_10587_LIKE_PCT_WILDCARD.rs,P0,memory,SQL_PATTERN,23966718,24518982,-2.304295,3
2200,01066,JSON_EXTRACT_SET_059,SQLITE_PARITY_1066_JSON_EXTRACT_SET_059.rs,P2,memory,GEN_SQL_JSON,19085959,19500644,-2.172723,3
2201,11407,STRING_LOWER_ABC,SQLITE_PARITY_11407_STRING_LOWER_ABC.rs,P0,memory,SQL_STRING,12047320,12293495,-2.043401,3
2202,11709,DATETIME_STRFTIME_ISO_UNIX_START_OF_YEAR,SQLITE_PARITY_11709_DATETIME_STRFTIME_ISO_UNIX_START_OF_YEAR.rs,P0,memory,SQL_DATETIME,24428993,24918970,-2.005719,3
2203,10223,OPT_LOOKASIDE_ZERO,SQLITE_PARITY_10223_OPT_LOOKASIDE_ZERO.rs,P0,memory,CLI_OPTION,30640047,31234741,-1.940904,3
2204,00669,JOIN_SUBQUERY_EXISTS_062,SQLITE_PARITY_669_JOIN_SUBQUERY_EXISTS_062.rs,P1,memory,GEN_SQL_JOIN_SUBQUERY,30998154,31588140,-1.903294,3
2205,00686,JOIN_SUBQUERY_EXISTS_079,SQLITE_PARITY_686_JOIN_SUBQUERY_EXISTS_079.rs,P1,memory,GEN_SQL_JOIN_SUBQUERY,35317001,35982780,-1.885152,3
2206,10542,TOTAL_EMPTY_RETURNS_ZERO_REAL,SQLITE_PARITY_10542_TOTAL_EMPTY_RETURNS_ZERO_REAL.rs,P0,memory,SQL_AGGREGATE_ADV,24616227,25071418,-1.849150,3
2207,00634,JOIN_SUBQUERY_EXISTS_027,SQLITE_PARITY_634_JOIN_SUBQUERY_EXISTS_027.rs,P1,memory,GEN_SQL_JOIN_SUBQUERY,31269327,31787757,-1.657951,3
2208,00582,AGG_GROUP_HAVING_075,SQLITE_PARITY_582_AGG_GROUP_HAVING_075.rs,P1,memory,GEN_SQL_AGGREGATE,35374980,35916524,-1.530867,3
2209,10538,MIN_MAX_OVER_BLOBS_BYTEWISE,SQLITE_PARITY_10538_MIN_MAX_OVER_BLOBS_BYTEWISE.rs,P0,memory,SQL_AGGREGATE_ADV,33339842,33741902,-1.205945,3
2210,00420,DML_WHERE_ORDER_LIMIT_033,SQLITE_PARITY_420_DML_WHERE_ORDER_LIMIT_033.rs,P1,memory,GEN_SQL_DML,24012334,24289619,-1.154761,3
2211,10177,DOT_TABLES_NO_ARG,SQLITE_PARITY_10177_DOT_TABLES_NO_ARG.rs,P0,memory,CLI_DOT_COMMAND,12010200,12141849,-1.096143,3
2212,10118,MODE_COLUMN_DEFAULT,SQLITE_PARITY_10118_MODE_COLUMN_DEFAULT.rs,P0,memory,CLI_OUTPUT_MODE,26232082,26517542,-1.088209,3
2213,00382,SCALAR_STRING_039,SQLITE_PARITY_382_SCALAR_STRING_039.rs,P1,memory,GEN_SQL_SCALAR,21783650,21995852,-0.974134,3
2214,11931,WIN_MIN_ROWS_CURRENT_UNBND_FOLL,SQLITE_PARITY_11931_WIN_MIN_ROWS_CURRENT_UNBND_FOLL.rs,P0,memory,SQL_WINDOW,20092573,20283103,-0.948261,3
2215,00850,WINDOW_PARTITION_SUM_063,SQLITE_PARITY_850_WINDOW_PARTITION_SUM_063.rs,P2,memory,GEN_SQL_WINDOW,22038843,22242679,-0.924894,3
2216,00603,AGG_GROUP_HAVING_096,SQLITE_PARITY_603_AGG_GROUP_HAVING_096.rs,P1,memory,GEN_SQL_AGGREGATE,10669455,10759796,-0.846726,3
2217,00439,DML_WHERE_ORDER_LIMIT_052,SQLITE_PARITY_439_DML_WHERE_ORDER_LIMIT_052.rs,P1,memory,GEN_SQL_DML,26310049,26520207,-0.798775,3
2218,10613,OCTET_LENGTH_BLOB,SQLITE_PARITY_10613_OCTET_LENGTH_BLOB.rs,P0,memory,SQL_BLOB,23833236,23943605,-0.463089,3
2219,10628,CAST_TEXT_TO_BLOB,SQLITE_PARITY_10628_CAST_TEXT_TO_BLOB.rs,P0,memory,SQL_BLOB,18614879,18672027,-0.307002,3
2220,00652,JOIN_SUBQUERY_EXISTS_045,SQLITE_PARITY_652_JOIN_SUBQUERY_EXISTS_045.rs,P1,memory,GEN_SQL_JOIN_SUBQUERY,34960176,35053192,-0.266063,3
2221,10306,SAVEPOINT_DEPTH_5_RELEASE,SQLITE_PARITY_10306_SAVEPOINT_DEPTH_5_RELEASE.rs,P0,memory,SQL_TRANSACTION,16291355,16317434,-0.160079,3
2222,00881,CONSTRAINT_FK_SAVEPOINT_014,SQLITE_PARITY_881_CONSTRAINT_FK_SAVEPOINT_014.rs,P2,memory,GEN_SQL_CONSTRAINT_TX,16871372,16875320,-0.023401,3
2223,10379,CROSS_DB_INSERT_SELECT,SQLITE_PARITY_10379_CROSS_DB_INSERT_SELECT.rs,P0,memory,SQL_ATTACH,33267295,33270551,-0.009787,3
2224,00546,AGG_GROUP_HAVING_039,SQLITE_PARITY_546_AGG_GROUP_HAVING_039.rs,P1,memory,GEN_SQL_AGGREGATE,14577164,14570692,0.044398,3
2225,10006,IS_NULL_DEFINITE_BOOL,SQLITE_PARITY_10006_IS_NULL_DEFINITE_BOOL.rs,P0,memory,SQL_NULL_SEMANTICS,13913699,13890976,0.163314,3
2226,11609,DATETIME_STRFTIME_ISO_Y2K_UTC,SQLITE_PARITY_11609_DATETIME_STRFTIME_ISO_Y2K_UTC.rs,P0,memory,SQL_DATETIME,26571474,26471045,0.377958,3
2227,11219,CAST_REAL_3_14_AS_NUMERIC,SQLITE_PARITY_11219_CAST_REAL_3_14_AS_NUMERIC.rs,P0,memory,SQL_CAST,5332413,5294191,0.716786,3
2228,10047,SUM_EMPTY_RETURNS_NULL,SQLITE_PARITY_10047_SUM_EMPTY_RETURNS_NULL.rs,P0,memory,SQL_AGGREGATE_NULL,23010220,22836682,0.754178,3
2229,00681,JOIN_SUBQUERY_EXISTS_074,SQLITE_PARITY_681_JOIN_SUBQUERY_EXISTS_074.rs,P1,memory,GEN_SQL_JOIN_SUBQUERY,33170883,32898217,0.822004,3
2230,01103,INDEX_SCHEMA_PRAGMA_036,SQLITE_PARITY_1103_INDEX_SCHEMA_PRAGMA_036.rs,P2,memory,GEN_SQL_INDEX_PRAGMA,18251361,18084216,0.915795,3
2231,11039,MATH_COSH_2_0,SQLITE_PARITY_11039_MATH_COSH_2_0.rs,P1,memory,SQL_MATH,16399680,16241902,0.962080,3
2232,10156,CLI_FLAG_TABLE,SQLITE_PARITY_10156_CLI_FLAG_TABLE.rs,P0,memory,CLI_OUTPUT_MODE,15286625,15138756,0.967310,3
2233,10454,JOIN_MULTI_TABLE_CHAINED_ON,SQLITE_PARITY_10454_JOIN_MULTI_TABLE_CHAINED_ON.rs,P0,memory,SQL_JOIN,32386209,32059912,1.007518,3
2234,10621,UNHEX_INVALID_RETURNS_NULL,SQLITE_PARITY_10621_UNHEX_INVALID_RETURNS_NULL.rs,P0,memory,SQL_BLOB,25086797,24796808,1.155943,3
2235,10557,NO_SUCH_FUNCTION,SQLITE_PARITY_10557_NO_SUCH_FUNCTION.rs,P0,memory,SQL_ERROR_MESSAGES,32166614,31737553,1.333871,3
2236,00494,DML_WHERE_ORDER_LIMIT_107,SQLITE_PARITY_494_DML_WHERE_ORDER_LIMIT_107.rs,P1,memory,GEN_SQL_DML,19236755,18978136,1.344400,3
2237,00641,JOIN_SUBQUERY_EXISTS_034,SQLITE_PARITY_641_JOIN_SUBQUERY_EXISTS_034.rs,P1,memory,GEN_SQL_JOIN_SUBQUERY,26276035,25922336,1.346090,3
2238,00379,SCALAR_NULL_COALESCE_038,SQLITE_PARITY_379_SCALAR_NULL_COALESCE_038.rs,P1,memory,GEN_SQL_SCALAR,21465098,21175410,1.349577,3
2239,10515,GROUP_CONCAT_DISTINCT_BASIC,SQLITE_PARITY_10515_GROUP_CONCAT_DISTINCT_BASIC.rs,P0,memory,SQL_AGGREGATE_ADV,33314344,32822885,1.475217,3
2240,00803,WINDOW_PARTITION_SUM_016,SQLITE_PARITY_803_WINDOW_PARTITION_SUM_016.rs,P2,memory,GEN_SQL_WINDOW,17891851,17616681,1.537963,3
2241,00441,DML_WHERE_ORDER_LIMIT_054,SQLITE_PARITY_441_DML_WHERE_ORDER_LIMIT_054.rs,P1,memory,GEN_SQL_DML,21794751,21429371,1.676459,3
2242,00309,SCALAR_CAST_TYPEOF_021,SQLITE_PARITY_309_SCALAR_CAST_TYPEOF_021.rs,P1,memory,GEN_SQL_SCALAR,33109316,32504632,1.826326,3
2243,10414,RENAME_COLUMN_REWRITES_VIEW,SQLITE_PARITY_10414_RENAME_COLUMN_REWRITES_VIEW.rs,P0,memory,SQL_ALTER,38625617,37834041,2.049355,3
2244,01076,INDEX_SCHEMA_PRAGMA_009,SQLITE_PARITY_1076_INDEX_SCHEMA_PRAGMA_009.rs,P2,memory,GEN_SQL_INDEX_PRAGMA,20338277,19861045,2.346472,3
2245,11635,DATETIME_DATE_DATE_2024_PLUS_10_SECONDS,SQLITE_PARITY_11635_DATETIME_DATE_DATE_2024_PLUS_10_SECONDS.rs,P0,memory,SQL_DATETIME,31794580,31001581,2.494133,3
2246,00450,DML_WHERE_ORDER_LIMIT_063,SQLITE_PARITY_450_DML_WHERE_ORDER_LIMIT_063.rs,P1,memory,GEN_SQL_DML,29404761,28668940,2.502387,3
2247,10354,INSERT_MULTI_ROW_RETURNING,SQLITE_PARITY_10354_INSERT_MULTI_ROW_RETURNING.rs,P0,memory,SQL_RETURNING,15077691,14676521,2.660686,3
2248,10294,BEGIN_COMMIT_BASIC,SQLITE_PARITY_10294_BEGIN_COMMIT_BASIC.rs,P0,memory,SQL_TRANSACTION,13685257,13306271,2.769301,3
2249,10149,MODE_TABLE_BASIC,SQLITE_PARITY_10149_MODE_TABLE_BASIC.rs,P0,memory,CLI_OUTPUT_MODE,31524199,30565857,3.040020,3
2250,00357,SCALAR_CAST_TYPEOF_033,SQLITE_PARITY_357_SCALAR_CAST_TYPEOF_033.rs,P1,memory,GEN_SQL_SCALAR,26809113,25992629,3.045546,3
2251,10518,GROUP_CONCAT_ORDER_BY_DESC,SQLITE_PARITY_10518_GROUP_CONCAT_ORDER_BY_DESC.rs,P0,memory,SQL_AGGREGATE_ADV,29639976,28716320,3.116251,3
2252,00559,AGG_GROUP_HAVING_052,SQLITE_PARITY_559_AGG_GROUP_HAVING_052.rs,P1,memory,GEN_SQL_AGGREGATE,12935430,12512379,3.270483,3
2253,00638,JOIN_SUBQUERY_EXISTS_031,SQLITE_PARITY_638_JOIN_SUBQUERY_EXISTS_031.rs,P1,memory,GEN_SQL_JOIN_SUBQUERY,23493214,22651231,3.583941,3
2254,11639,DATETIME_STRFTIME_ISO_DATE_2024_PLUS_10_SECONDS,SQLITE_PARITY_11639_DATETIME_STRFTIME_ISO_DATE_2024_PLUS_10_SECONDS.rs,P0,memory,SQL_DATETIME,20501126,19672700,4.040880,3
2255,00451,DML_WHERE_ORDER_LIMIT_064,SQLITE_PARITY_451_DML_WHERE_ORDER_LIMIT_064.rs,P1,memory,GEN_SQL_DML,19856016,19043309,4.093001,3
2256,11916,WIN_AVG_EXCL_CURRENT_ROW,SQLITE_PARITY_11916_WIN_AVG_EXCL_CURRENT_ROW.rs,P0,memory,SQL_WINDOW,16755483,16044148,4.245386,3
2257,10611,UNHEX_RECOVERS_BLOB,SQLITE_PARITY_10611_UNHEX_RECOVERS_BLOB.rs,P0,memory,SQL_BLOB,26356338,25234787,4.255337,3
2258,10251,PRAGMA_IGNORE_CHECK_PERMITS_VIOLATING_INSERT,SQLITE_PARITY_10251_PRAGMA_IGNORE_CHECK_PERMITS_VIOLATING_INSERT.rs,P0,memory,SQL_PRAGMA,26832487,25597512,4.602536,3
2259,00304,SCALAR_ARITH_020,SQLITE_PARITY_304_SCALAR_ARITH_020.rs,P1,memory,GEN_SQL_SCALAR,23272045,22189709,4.650799,3
2260,10390,SQLITE_MASTER_AFTER_CREATE_TABLE,SQLITE_PARITY_10390_SQLITE_MASTER_AFTER_CREATE_TABLE.rs,P0,memory,SQL_SCHEMA_INTROSPECTION,30495083,28997191,4.911913,3
2261,11681,DATETIME_TIME_UNIX_PLUS_3_HOURS,SQLITE_PARITY_11681_DATETIME_TIME_UNIX_PLUS_3_HOURS.rs,P0,memory,SQL_DATETIME,5409198,5138757,4.999651,3
2262,10347,ON_CONFLICT_DO_UPDATE_RETURNING_STAR,SQLITE_PARITY_10347_ON_CONFLICT_DO_UPDATE_RETURNING_STAR.rs,P0,memory,SQL_UPSERT,16047734,15220420,5.155332,3
2263,11500,DATETIME_DATE_EPOCH_PLUS_5_DAYS,SQLITE_PARITY_11500_DATETIME_DATE_EPOCH_PLUS_5_DAYS.rs,P0,memory,SQL_DATETIME,11479277,10872448,5.286300,3
2264,11016,MATH_ATAN_1_0,SQLITE_PARITY_11016_MATH_ATAN_1_0.rs,P1,memory,SQL_MATH,8008834,7564214,5.551620,3
2265,11641,DATETIME_TIME_DATE_2024_START_OF_DAY,SQLITE_PARITY_11641_DATETIME_TIME_DATE_2024_START_OF_DAY.rs,P0,memory,SQL_DATETIME,29904286,28241522,5.560287,3
2266,10408,RENAME_TABLE_BASIC,SQLITE_PARITY_10408_RENAME_TABLE_BASIC.rs,P0,memory,SQL_ALTER,37532290,35396280,5.691126,3
2267,10333,INSERT_OR_REPLACE_REPLACES_ROW,SQLITE_PARITY_10333_INSERT_OR_REPLACE_REPLACES_ROW.rs,P0,memory,SQL_UPSERT,17514187,16509838,5.734488,3
2268,00507,DML_WHERE_ORDER_LIMIT_120,SQLITE_PARITY_507_DML_WHERE_ORDER_LIMIT_120.rs,P1,memory,GEN_SQL_DML,17447802,16413967,5.925302,3
2269,11597,DATETIME_DATETIME_Y2K_START_OF_YEAR,SQLITE_PARITY_11597_DATETIME_DATETIME_Y2K_START_OF_YEAR.rs,P0,memory,SQL_DATETIME,20763712,19524529,5.968022,3
2270,01044,JSON_EXTRACT_SET_037,SQLITE_PARITY_1044_JSON_EXTRACT_SET_037.rs,P2,memory,GEN_SQL_JSON,27929131,26205963,6.169787,3
2271,11325,AFFINITY_DOUBLE_INT_BIG,SQLITE_PARITY_11325_AFFINITY_DOUBLE_INT_BIG.rs,P0,memory,SQL_TYPE_AFFINITY,12668876,11877680,6.245195,3
2272,10565,NESTED_BEGIN_FAILS,SQLITE_PARITY_10565_NESTED_BEGIN_FAILS.rs,P0,memory,SQL_ERROR_MESSAGES,31397399,29405542,6.344019,3
2273,10494,NOT_IN_SELECT_WITH_NULL_RETURNS_NULL,SQLITE_PARITY_10494_NOT_IN_SELECT_WITH_NULL_RETURNS_NULL.rs,P0,memory,SQL_SUBQUERY,32334882,30278693,6.359043,3
2274,10302,SAVEPOINT_DEPTH_1_RELEASE,SQLITE_PARITY_10302_SAVEPOINT_DEPTH_1_RELEASE.rs,P0,memory,SQL_TRANSACTION,12937944,12101313,6.466491,3
2275,00389,DML_WHERE_ORDER_LIMIT_002,SQLITE_PARITY_389_DML_WHERE_ORDER_LIMIT_002.rs,P1,memory,GEN_SQL_DML,20038070,18741168,6.472190,3
2276,01073,INDEX_SCHEMA_PRAGMA_006,SQLITE_PARITY_1073_INDEX_SCHEMA_PRAGMA_006.rs,P2,memory,GEN_SQL_INDEX_PRAGMA,17152294,16029280,6.547311,3
2277,11845,JSON_ARROW_A,SQLITE_PARITY_11845_JSON_ARROW_A.rs,P0,memory,SQL_JSON,6382369,5941434,6.908642,3
2278,10579,MODIFY_SQLITE_MASTER,SQLITE_PARITY_10579_MODIFY_SQLITE_MASTER.rs,P0,memory,SQL_ERROR_MESSAGES,32650398,30334620,7.092649,3
2279,11719,DATETIME_STRFTIME_ISO_UNIX_UTC,SQLITE_PARITY_11719_DATETIME_STRFTIME_ISO_UNIX_UTC.rs,P0,memory,SQL_DATETIME,10952671,10137589,7.441856,3
2280,10071,REPLACE_INTO_KEEPS_PK_RESETS_ROWID,SQLITE_PARITY_10071_REPLACE_INTO_KEEPS_PK_RESETS_ROWID.rs,P0,memory,SQL_AUTOINCREMENT,24738198,22895483,7.448865,3
2281,10086,STRICT_INT_REJECTS_BLOB,SQLITE_PARITY_10086_STRICT_INT_REJECTS_BLOB.rs,P0,memory,SQL_STRICT_TABLES,25819923,23889493,7.476513,3
2282,10232,OPT_DOUBLE_DASH_TERMINATOR,SQLITE_PARITY_10232_OPT_DOUBLE_DASH_TERMINATOR.rs,P0,memory,CLI_OPTION,33725080,31154590,7.621894,3
2283,11509,DATETIME_STRFTIME_ISO_EPOCH_MINUS_1_MONTH,SQLITE_PARITY_11509_DATETIME_STRFTIME_ISO_EPOCH_MINUS_1_MONTH.rs,P0,memory,SQL_DATETIME,13772663,12714232,7.685013,3
2284,00543,AGG_GROUP_HAVING_036,SQLITE_PARITY_543_AGG_GROUP_HAVING_036.rs,P1,memory,GEN_SQL_AGGREGATE,15246710,14047943,7.862463,3
2285,00651,JOIN_SUBQUERY_EXISTS_044,SQLITE_PARITY_651_JOIN_SUBQUERY_EXISTS_044.rs,P1,memory,GEN_SQL_JOIN_SUBQUERY,39936135,36787191,7.884949,3
2286,00849,WINDOW_PARTITION_SUM_062,SQLITE_PARITY_849_WINDOW_PARTITION_SUM_062.rs,P2,memory,GEN_SQL_WINDOW,23628118,21716714,8.089531,3
2287,11520,DATETIME_DATE_EPOCH_PLUS_30_MINUTES,SQLITE_PARITY_11520_DATETIME_DATE_EPOCH_PLUS_30_MINUTES.rs,P0,memory,SQL_DATETIME,13351867,12265834,8.133941,3
2288,01100,INDEX_SCHEMA_PRAGMA_033,SQLITE_PARITY_1100_INDEX_SCHEMA_PRAGMA_033.rs,P2,memory,GEN_SQL_INDEX_PRAGMA,13344603,12257528,8.146177,3
2289,10307,ROLLBACK_TO_SAVEPOINT_INNER,SQLITE_PARITY_10307_ROLLBACK_TO_SAVEPOINT_INNER.rs,P0,memory,SQL_TRANSACTION,17255478,15824933,8.290382,3
2290,00566,AGG_GROUP_HAVING_059,SQLITE_PARITY_566_AGG_GROUP_HAVING_059.rs,P1,memory,GEN_SQL_AGGREGATE,32517207,29773779,8.436850,3
2291,10083,STRICT_INT_ACCEPTS_WHOLE_REAL,SQLITE_PARITY_10083_STRICT_INT_ACCEPTS_WHOLE_REAL.rs,P0,memory,SQL_STRICT_TABLES,21223652,19431794,8.442741,3
2292,01088,INDEX_SCHEMA_PRAGMA_021,SQLITE_PARITY_1088_INDEX_SCHEMA_PRAGMA_021.rs,P2,memory,GEN_SQL_INDEX_PRAGMA,13417080,12278547,8.485699,3
2293,11241,CAST_BLOB_HEX_AS_REAL,SQLITE_PARITY_11241_CAST_BLOB_HEX_AS_REAL.rs,P0,memory,SQL_CAST,10171062,9303592,8.528805,3
2294,00363,SCALAR_NULL_COALESCE_034,SQLITE_PARITY_363_SCALAR_NULL_COALESCE_034.rs,P1,memory,GEN_SQL_SCALAR,27265626,24798130,9.049842,3
2295,00424,DML_WHERE_ORDER_LIMIT_037,SQLITE_PARITY_424_DML_WHERE_ORDER_LIMIT_037.rs,P1,memory,GEN_SQL_DML,23223834,21096632,9.159564,3
2296,11672,DATETIME_DATETIME_UNIX_MINUS_1_MONTH,SQLITE_PARITY_11672_DATETIME_DATETIME_UNIX_MINUS_1_MONTH.rs,P0,memory,SQL_DATETIME,23169311,20958821,9.540594,3
2297,10140,MODE_QUOTE_WITH_BLOB,SQLITE_PARITY_10140_MODE_QUOTE_WITH_BLOB.rs,P0,memory,CLI_OUTPUT_MODE,17582667,15902039,9.558436,3
2298,11687,DATETIME_DATETIME_UNIX_PLUS_30_MINUTES,SQLITE_PARITY_11687_DATETIME_DATETIME_UNIX_PLUS_30_MINUTES.rs,P0,memory,SQL_DATETIME,21850708,19758181,9.576472,3
2299,11055,MATH_LN_10_0,SQLITE_PARITY_11055_MATH_LN_10_0.rs,P1,memory,SQL_MATH,22231066,20090319,9.629529,3
2300,10246,PRAGMA_JOURNAL_MODE_READ_MEMORY,SQLITE_PARITY_10246_PRAGMA_JOURNAL_MODE_READ_MEMORY.rs,P0,memory,SQL_PRAGMA,30348255,27385764,9.761652,3
2301,11519,DATETIME_STRFTIME_ISO_EPOCH_PLUS_3_HOURS,SQLITE_PARITY_11519_DATETIME_STRFTIME_ISO_EPOCH_PLUS_3_HOURS.rs,P0,memory,SQL_DATETIME,15388488,13886117,9.762954,3
2302,11232,CAST_TEXT_NUM_AS_TEXT,SQLITE_PARITY_11232_CAST_TEXT_NUM_AS_TEXT.rs,P0,memory,SQL_CAST,24294589,21918997,9.778276,3
2303,10221,OPT_MODE_TABS,SQLITE_PARITY_10221_OPT_MODE_TABS.rs,P0,memory,CLI_OPTION,19760775,17795579,9.944934,3
2304,11904,WIN_SUM_RANGE_UNBND_PREC_CURRENT,SQLITE_PARITY_11904_WIN_SUM_RANGE_UNBND_PREC_CURRENT.rs,P0,memory,SQL_WINDOW,20796123,18726831,9.950374,3
2305,10235,OPT_MMAP_NONZERO,SQLITE_PARITY_10235_OPT_MMAP_NONZERO.rs,P0,memory,CLI_OPTION,28235721,25338433,10.261073,3
2306,10022,UNIQUE_ALLOWS_MULTIPLE_NULLS,SQLITE_PARITY_10022_UNIQUE_ALLOWS_MULTIPLE_NULLS.rs,P0,memory,SQL_NULL_SEMANTICS,18295565,16401604,10.352022,3
2307,11034,MATH_COS_3_14159265358979,SQLITE_PARITY_11034_MATH_COS_3_14159265358979.rs,P1,memory,SQL_MATH,19304102,17295875,10.403110,3
2308,11677,DATETIME_DATETIME_UNIX_PLUS_1_YEAR,SQLITE_PARITY_11677_DATETIME_DATETIME_UNIX_PLUS_1_YEAR.rs,P0,memory,SQL_DATETIME,27188972,24245646,10.825441,3
2309,00538,AGG_GROUP_HAVING_031,SQLITE_PARITY_538_AGG_GROUP_HAVING_031.rs,P1,memory,GEN_SQL_AGGREGATE,11089709,9872217,10.978575,3
2310,10187,DOT_PRINT_MESSAGE,SQLITE_PARITY_10187_DOT_PRINT_MESSAGE.rs,P0,memory,CLI_DOT_COMMAND,21786496,19315835,11.340332,3
2311,11106,MATH_MOD_10_3,SQLITE_PARITY_11106_MATH_MOD_10_3.rs,P1,memory,SQL_MATH,34094429,30224211,11.351467,3
2312,11954,WIN_FIRST_VALUE_RANGE_UNBND_PREC_CURRENT,SQLITE_PARITY_11954_WIN_FIRST_VALUE_RANGE_UNBND_PREC_CURRENT.rs,P0,memory,SQL_WINDOW,12755630,11236407,11.910215,3
2313,11913,WIN_AVG_ROWS_2_PREC_CURRENT,SQLITE_PARITY_11913_WIN_AVG_ROWS_2_PREC_CURRENT.rs,P0,memory,SQL_WINDOW,18461719,16251760,11.970494,3
2314,00828,WINDOW_PARTITION_SUM_041,SQLITE_PARITY_828_WINDOW_PARTITION_SUM_041.rs,P2,memory,GEN_SQL_WINDOW,30236935,26504147,12.345127,3
2315,11608,DATETIME_JULIANDAY_Y2K_UTC,SQLITE_PARITY_11608_DATETIME_JULIANDAY_Y2K_UTC.rs,P0,memory,SQL_DATETIME,32854424,28747518,12.500314,3
2316,00691,JOIN_SUBQUERY_EXISTS_084,SQLITE_PARITY_691_JOIN_SUBQUERY_EXISTS_084.rs,P1,memory,GEN_SQL_JOIN_SUBQUERY,27578498,24117264,12.550480,3
2317,10296,BEGIN_DEFERRED_BASIC,SQLITE_PARITY_10296_BEGIN_DEFERRED_BASIC.rs,P0,memory,SQL_TRANSACTION,18509470,16185686,12.554568,3
2318,00336,SCALAR_ARITH_028,SQLITE_PARITY_336_SCALAR_ARITH_028.rs,P1,memory,GEN_SQL_SCALAR,24138193,21000880,12.997299,3
2319,10003,NULL_LT_NUMBER_IS_NULL,SQLITE_PARITY_10003_NULL_LT_NUMBER_IS_NULL.rs,P0,memory,SQL_NULL_SEMANTICS,16132976,13992829,13.265668,3
2320,00314,SCALAR_STRING_022,SQLITE_PARITY_314_SCALAR_STRING_022.rs,P1,memory,GEN_SQL_SCALAR,23767632,20573271,13.439963,3
2321,10463,JOIN_THREE_WAY_INNER,SQLITE_PARITY_10463_JOIN_THREE_WAY_INNER.rs,P0,memory,SQL_JOIN,34549128,29873067,13.534527,3
2322,01115,INDEX_SCHEMA_PRAGMA_048,SQLITE_PARITY_1115_INDEX_SCHEMA_PRAGMA_048.rs,P2,memory,GEN_SQL_INDEX_PRAGMA,24369992,21049082,13.627046,3
2323,00909,CONSTRAINT_FK_SAVEPOINT_042,SQLITE_PARITY_909_CONSTRAINT_FK_SAVEPOINT_042.rs,P2,memory,GEN_SQL_CONSTRAINT_TX,20546721,17706290,13.824254,3
2324,10268,PRAGMA_FOREIGN_KEY_CHECK_FINDS_VIOLATION_WITH_DEFER,SQLITE_PARITY_10268_PRAGMA_FOREIGN_KEY_CHECK_FINDS_VIOLATION_WITH_DEFER.rs,P0,memory,SQL_PRAGMA,23473876,20143990,14.185497,3
2325,01045,JSON_EXTRACT_SET_038,SQLITE_PARITY_1045_JSON_EXTRACT_SET_038.rs,P2,memory,GEN_SQL_JSON,39876893,34153661,14.352252,3
2326,10448,JOIN_RIGHT_BASIC,SQLITE_PARITY_10448_JOIN_RIGHT_BASIC.rs,P0,memory,SQL_JOIN,37167329,31788940,14.470744,3
2327,11921,WIN_COUNT_ROWS_CURRENT_UNBND_FOLL,SQLITE_PARITY_11921_WIN_COUNT_ROWS_CURRENT_UNBND_FOLL.rs,P0,memory,SQL_WINDOW,18388952,15724454,14.489667,3
2328,01118,INDEX_SCHEMA_PRAGMA_051,SQLITE_PARITY_1118_INDEX_SCHEMA_PRAGMA_051.rs,P2,memory,GEN_SQL_INDEX_PRAGMA,12344672,10482100,15.088064,3
2329,10323,ON_CONFLICT_COL_DO_NOTHING,SQLITE_PARITY_10323_ON_CONFLICT_COL_DO_NOTHING.rs,P0,memory,SQL_UPSERT,36624623,30997483,15.364363,3
2330,10345,ON_CONFLICT_NO_TARGET_DO_NOTHING_MIXED_BATCH,SQLITE_PARITY_10345_ON_CONFLICT_NO_TARGET_DO_NOTHING_MIXED_BATCH.rs,P0,memory,SQL_UPSERT,22422418,18939472,15.533320,3
2331,00550,AGG_GROUP_HAVING_043,SQLITE_PARITY_550_AGG_GROUP_HAVING_043.rs,P1,memory,GEN_SQL_AGGREGATE,13673074,11520705,15.741661,3
2332,11006,MATH_ACOSH_10_0,SQLITE_PARITY_11006_MATH_ACOSH_10_0.rs,P1,memory,SQL_MATH,14488656,12115259,16.381071,3
2333,10230,OPT_SAFE_BENIGN,SQLITE_PARITY_10230_OPT_SAFE_BENIGN.rs,P0,memory,CLI_OPTION,37044468,30904838,16.573676,3
2334,11960,WIN_LAST_VALUE_ROWS_UNBND_PREC_CURRENT,SQLITE_PARITY_11960_WIN_LAST_VALUE_ROWS_UNBND_PREC_CURRENT.rs,P0,memory,SQL_WINDOW,12921574,10729148,16.967174,3
2335,11244,CAST_BLOB_HEX_AS_NUMERIC,SQLITE_PARITY_11244_CAST_BLOB_HEX_AS_NUMERIC.rs,P0,memory,SQL_CAST,20807505,17264365,17.028183,3
2336,01071,INDEX_SCHEMA_PRAGMA_004,SQLITE_PARITY_1071_INDEX_SCHEMA_PRAGMA_004.rs,P2,memory,GEN_SQL_INDEX_PRAGMA,25940771,21501136,17.114507,3
2337,00296,SCALAR_ARITH_018,SQLITE_PARITY_296_SCALAR_ARITH_018.rs,P1,memory,GEN_SQL_SCALAR,25601310,21136627,17.439276,3
2338,10629,CAST_BLOB_TO_TEXT,SQLITE_PARITY_10629_CAST_BLOB_TO_TEXT.rs,P0,memory,SQL_BLOB,20797086,17153365,17.520344,3
2339,00483,DML_WHERE_ORDER_LIMIT_096,SQLITE_PARITY_483_DML_WHERE_ORDER_LIMIT_096.rs,P1,memory,GEN_SQL_DML,22170913,18279094,17.553716,3
2340,10127,MODE_TABS_BASIC,SQLITE_PARITY_10127_MODE_TABS_BASIC.rs,P0,memory,CLI_OUTPUT_MODE,34243521,28172080,17.730189,3
2341,01074,INDEX_SCHEMA_PRAGMA_007,SQLITE_PARITY_1074_INDEX_SCHEMA_PRAGMA_007.rs,P2,memory,GEN_SQL_INDEX_PRAGMA,24927566,20488442,17.808092,3
2342,10130,MODE_LINE_WITH_NEWLINE_IN_VALUE,SQLITE_PARITY_10130_MODE_LINE_WITH_NEWLINE_IN_VALUE.rs,P0,memory,CLI_OUTPUT_MODE,15734292,12827465,18.474470,3
2343,11530,DATETIME_DATE_EPOCH_START_OF_DAY,SQLITE_PARITY_11530_DATETIME_DATE_EPOCH_START_OF_DAY.rs,P0,memory,SQL_DATETIME,12800365,10385849,18.862868,3
2344,11915,WIN_AVG_GROUPS_1_PREC_CURRENT,SQLITE_PARITY_11915_WIN_AVG_GROUPS_1_PREC_CURRENT.rs,P0,memory,SQL_WINDOW,11641463,9445490,18.863377,3
2345,10227,OPT_STATS,SQLITE_PARITY_10227_OPT_STATS.rs,P0,memory,CLI_OPTION,32304374,26202747,18.887928,3
2346,00413,DML_WHERE_ORDER_LIMIT_026,SQLITE_PARITY_413_DML_WHERE_ORDER_LIMIT_026.rs,P1,memory,GEN_SQL_DML,22366914,18120504,18.985230,3
2347,00917,CONSTRAINT_FK_SAVEPOINT_050,SQLITE_PARITY_917_CONSTRAINT_FK_SAVEPOINT_050.rs,P2,memory,GEN_SQL_CONSTRAINT_TX,30937049,25033556,19.082276,3
2348,01046,JSON_EXTRACT_SET_039,SQLITE_PARITY_1046_JSON_EXTRACT_SET_039.rs,P2,memory,GEN_SQL_JSON,34329203,27770621,19.104964,3
2349,10423,RENAME_COLUMN_PRESERVES_DATA,SQLITE_PARITY_10423_RENAME_COLUMN_PRESERVES_DATA.rs,P0,memory,SQL_ALTER,33959894,27443212,19.189347,3
2350,00878,CONSTRAINT_FK_SAVEPOINT_011,SQLITE_PARITY_878_CONSTRAINT_FK_SAVEPOINT_011.rs,P2,memory,GEN_SQL_CONSTRAINT_TX,15935512,12862491,19.284106,3
2351,10115,MODE_LIST_NULLVALUE_CUSTOM,SQLITE_PARITY_10115_MODE_LIST_NULLVALUE_CUSTOM.rs,P0,memory,CLI_OUTPUT_MODE,23010450,18514840,19.537254,3
2352,10157,CLI_FLAG_QUOTE,SQLITE_PARITY_10157_CLI_FLAG_QUOTE.rs,P0,memory,CLI_OUTPUT_MODE,13254783,10660698,19.570935,3
2353,11932,WIN_MIN_ROWS_1_PREC_1_FOLL,SQLITE_PARITY_11932_WIN_MIN_ROWS_1_PREC_1_FOLL.rs,P0,memory,SQL_WINDOW,19259477,15486483,19.590324,3
2354,11200,CAST_NULL_AS_INTEGER,SQLITE_PARITY_11200_CAST_NULL_AS_INTEGER.rs,P0,memory,SQL_CAST,32661901,26203888,19.772312,3
2355,00873,CONSTRAINT_FK_SAVEPOINT_006,SQLITE_PARITY_873_CONSTRAINT_FK_SAVEPOINT_006.rs,P2,memory,GEN_SQL_CONSTRAINT_TX,8938141,7160350,19.889941,3
2356,10363,UPSERT_RETURNING_INSERT_PATH,SQLITE_PARITY_10363_UPSERT_RETURNING_INSERT_PATH.rs,P0,memory,SQL_RETURNING,13928657,11147379,19.968027,3
2357,11666,DATETIME_TIME_UNIX_PLUS_5_DAYS,SQLITE_PARITY_11666_DATETIME_TIME_UNIX_PLUS_5_DAYS.rs,P0,memory,SQL_DATETIME,21631954,17301636,20.018155,3
2358,00345,SCALAR_CAST_TYPEOF_030,SQLITE_PARITY_345_SCALAR_CAST_TYPEOF_030.rs,P1,memory,GEN_SQL_SCALAR,25038014,20009195,20.084736,3
2359,00476,DML_WHERE_ORDER_LIMIT_089,SQLITE_PARITY_476_DML_WHERE_ORDER_LIMIT_089.rs,P1,memory,GEN_SQL_DML,25234997,20149189,20.153789,3
2360,11351,AFFINITY_BLOB_REAL_BIG,SQLITE_PARITY_11351_AFFINITY_BLOB_REAL_BIG.rs,P0,memory,SQL_TYPE_AFFINITY,22495828,17761315,21.046182,3
2361,00423,DML_WHERE_ORDER_LIMIT_036,SQLITE_PARITY_423_DML_WHERE_ORDER_LIMIT_036.rs,P1,memory,GEN_SQL_DML,27941454,22015649,21.207934,3
2362,00738,CTE_RECURSIVE_MATRIX_031,SQLITE_PARITY_738_CTE_RECURSIVE_MATRIX_031.rs,P1,memory,GEN_SQL_CTE,35612940,27976651,21.442456,3
2363,10376,SCHEMA_ISOLATION_SAME_NAME,SQLITE_PARITY_10376_SCHEMA_ISOLATION_SAME_NAME.rs,P0,memory,SQL_ATTACH,38616831,30231093,21.715241,3
2364,10533,AGGREGATE_OVER_CROSS_JOIN,SQLITE_PARITY_10533_AGGREGATE_OVER_CROSS_JOIN.rs,P0,memory,SQL_AGGREGATE_ADV,33649819,26320600,21.780857,3
2365,10239,OPT_HEADER_COLUMN_COMBO,SQLITE_PARITY_10239_OPT_HEADER_COLUMN_COMBO.rs,P0,memory,CLI_OPTION,29553773,23052610,21.997743,3
2366,11443,STRING_REPLACE_AABBAA_B_X,SQLITE_PARITY_11443_STRING_REPLACE_AABBAA_B_X.rs,P0,memory,SQL_STRING,19455689,15078773,22.496844,3
2367,11949,WIN_MAX_EXCL_NO_OTHERS,SQLITE_PARITY_11949_WIN_MAX_EXCL_NO_OTHERS.rs,P0,memory,SQL_WINDOW,14321651,11067598,22.721214,3
2368,11646,DATETIME_TIME_DATE_2024_START_OF_MONTH,SQLITE_PARITY_11646_DATETIME_TIME_DATE_2024_START_OF_MONTH.rs,P0,memory,SQL_DATETIME,26214469,20217569,22.876298,3
2369,10069,LAST_INSERT_ROWID_BASIC,SQLITE_PARITY_10069_LAST_INSERT_ROWID_BASIC.rs,P0,memory,SQL_AUTOINCREMENT,28396996,21894510,22.898500,3
2370,00946,CONSTRAINT_FK_SAVEPOINT_079,SQLITE_PARITY_946_CONSTRAINT_FK_SAVEPOINT_079.rs,P2,memory,GEN_SQL_CONSTRAINT_TX,38780059,29841648,23.048988,3
2371,11599,DATETIME_STRFTIME_ISO_Y2K_START_OF_YEAR,SQLITE_PARITY_11599_DATETIME_STRFTIME_ISO_Y2K_START_OF_YEAR.rs,P0,memory,SQL_DATETIME,35147200,27014171,23.139906,3
2372,10439,REC_NUMERIC_SERIES_ARITHMETIC,SQLITE_PARITY_10439_REC_NUMERIC_SERIES_ARITHMETIC.rs,P0,memory,SQL_RECURSIVE_CTE,29470356,22618268,23.250781,3
2373,00882,CONSTRAINT_FK_SAVEPOINT_015,SQLITE_PARITY_882_CONSTRAINT_FK_SAVEPOINT_015.rs,P2,memory,GEN_SQL_CONSTRAINT_TX,21345161,16376225,23.278981,3
2374,00340,SCALAR_ARITH_029,SQLITE_PARITY_340_SCALAR_ARITH_029.rs,P1,memory,GEN_SQL_SCALAR,28402606,21599182,23.953520,3
2375,11663,DATETIME_JULIANDAY_DATE_2024_UTC,SQLITE_PARITY_11663_DATETIME_JULIANDAY_DATE_2024_UTC.rs,P0,memory,SQL_DATETIME,31514931,23863434,24.278958,3
2376,10575,UPDATE_ON_VIEW,SQLITE_PARITY_10575_UPDATE_ON_VIEW.rs,P0,memory,SQL_ERROR_MESSAGES,31103052,23493664,24.465085,3
2377,11730,DATETIME_DATE_DATE_2024_BASE,SQLITE_PARITY_11730_DATETIME_DATE_DATE_2024_BASE.rs,P0,memory,SQL_DATETIME,18548343,13877932,25.179667,3
2378,01018,JSON_EXTRACT_SET_011,SQLITE_PARITY_1018_JSON_EXTRACT_SET_011.rs,P2,memory,GEN_SQL_JSON,33913376,25259313,25.518141,3
2379,10497,CORRELATED_SUBQUERY_IN_WHERE,SQLITE_PARITY_10497_CORRELATED_SUBQUERY_IN_WHERE.rs,P0,memory,SQL_SUBQUERY,32299926,24002085,25.689969,3
2380,11934,WIN_MIN_RANGE_UNBND_PREC_CURRENT,SQLITE_PARITY_11934_WIN_MIN_RANGE_UNBND_PREC_CURRENT.rs,P0,memory,SQL_WINDOW,20249169,15037184,25.739254,3
2381,11857,JSON_ARROW_D_0,SQLITE_PARITY_11857_JSON_ARROW_D_0.rs,P0,memory,SQL_JSON,17234989,12720824,26.191865,3
2382,10413,ADD_COLUMN_WITH_CHECK_ENFORCED,SQLITE_PARITY_10413_ADD_COLUMN_WITH_CHECK_ENFORCED.rs,P0,memory,SQL_ALTER,32355712,23844568,26.304920,3
2383,11331,AFFINITY_DOUBLE_NULL_LIT,SQLITE_PARITY_11331_AFFINITY_DOUBLE_NULL_LIT.rs,P0,memory,SQL_TYPE_AFFINITY,15112076,11043301,26.923998,3
2384,10205,OPT_NEWLINE_AT,SQLITE_PARITY_10205_OPT_NEWLINE_AT.rs,P0,memory,CLI_OPTION,12735551,9306186,26.927496,3
2385,01053,JSON_EXTRACT_SET_046,SQLITE_PARITY_1053_JSON_EXTRACT_SET_046.rs,P2,memory,GEN_SQL_JSON,25089161,18182722,27.527581,3
2386,00548,AGG_GROUP_HAVING_041,SQLITE_PARITY_548_AGG_GROUP_HAVING_041.rs,P1,memory,GEN_SQL_AGGREGATE,14850491,10756459,27.568328,3
2387,00456,DML_WHERE_ORDER_LIMIT_069,SQLITE_PARITY_456_DML_WHERE_ORDER_LIMIT_069.rs,P1,memory,GEN_SQL_DML,22457384,16222294,27.764098,3
2388,00797,WINDOW_PARTITION_SUM_010,SQLITE_PARITY_797_WINDOW_PARTITION_SUM_010.rs,P2,memory,GEN_SQL_WINDOW,24957622,18015916,27.813972,3
2389,11657,DATETIME_DATETIME_DATE_2024_WEEKDAY_0,SQLITE_PARITY_11657_DATETIME_DATETIME_DATE_2024_WEEKDAY_0.rs,P0,memory,SQL_DATETIME,28747559,20720380,27.922993,3
2390,10391,SQLITE_MASTER_AFTER_CREATE_INDEX,SQLITE_PARITY_10391_SQLITE_MASTER_AFTER_CREATE_INDEX.rs,P0,memory,SQL_SCHEMA_INTROSPECTION,29525470,21048411,28.711004,3
2391,01083,INDEX_SCHEMA_PRAGMA_016,SQLITE_PARITY_1083_INDEX_SCHEMA_PRAGMA_016.rs,P2,memory,GEN_SQL_INDEX_PRAGMA,23238011,16551608,28.773560,3
2392,00807,WINDOW_PARTITION_SUM_020,SQLITE_PARITY_807_WINDOW_PARTITION_SUM_020.rs,P2,memory,GEN_SQL_WINDOW,19482710,13864827,28.835224,3
2393,10402,PRAGMA_DATABASE_LIST_DEFAULT,SQLITE_PARITY_10402_PRAGMA_DATABASE_LIST_DEFAULT.rs,P0,memory,SQL_SCHEMA_INTROSPECTION,38600800,27312535,29.243604,3
2394,00726,CTE_RECURSIVE_MATRIX_019,SQLITE_PARITY_726_CTE_RECURSIVE_MATRIX_019.rs,P1,memory,GEN_SQL_CTE,20401837,14435276,29.245215,3
2395,10253,PRAGMA_QUERY_ONLY_BLOCKS_WRITES,SQLITE_PARITY_10253_PRAGMA_QUERY_ONLY_BLOCKS_WRITES.rs,P0,memory,SQL_PRAGMA,29638393,20954483,29.299531,3
2396,11546,DATETIME_TIME_EPOCH_WEEKDAY_0,SQLITE_PARITY_11546_DATETIME_TIME_EPOCH_WEEKDAY_0.rs,P0,memory,SQL_DATETIME,13458689,9493882,29.459088,3
2397,11022,MATH_ATANH_0_5,SQLITE_PARITY_11022_MATH_ATANH_0_5.rs,P1,memory,SQL_MATH,9677839,6817531,29.555234,3
2398,10231,OPT_NONCE_WITH_SAFE,SQLITE_PARITY_10231_OPT_NONCE_WITH_SAFE.rs,P0,memory,CLI_OPTION,40482599,28389622,29.872037,3
2399,00910,CONSTRAINT_FK_SAVEPOINT_043,SQLITE_PARITY_910_CONSTRAINT_FK_SAVEPOINT_043.rs,P2,memory,GEN_SQL_CONSTRAINT_TX,31857148,22322590,29.929101,3
2400,10058,INTPK_ALIAS_ROWID_NULL_AUTOFILL,SQLITE_PARITY_10058_INTPK_ALIAS_ROWID_NULL_AUTOFILL.rs,P0,memory,SQL_AUTOINCREMENT,30450368,21265631,30.162975,3
2401,11943,WIN_MAX_ROWS_2_PREC_CURRENT,SQLITE_PARITY_11943_WIN_MAX_ROWS_2_PREC_CURRENT.rs,P0,memory,SQL_WINDOW,20378674,14068071,30.966701,3
2402,00843,WINDOW_PARTITION_SUM_056,SQLITE_PARITY_843_WINDOW_PARTITION_SUM_056.rs,P2,memory,GEN_SQL_WINDOW,22636603,15611851,31.032713,3
2403,10568,QUERY_ONLY_READONLY,SQLITE_PARITY_10568_QUERY_ONLY_READONLY.rs,P0,memory,SQL_ERROR_MESSAGES,39910687,27457529,31.202565,3
2404,10481,COMPOUND_COLUMN_NAMES_FROM_LEFTMOST,SQLITE_PARITY_10481_COMPOUND_COLUMN_NAMES_FROM_LEFTMOST.rs,P0,memory,SQL_COMPOUND,19698057,13544050,31.241696,3
2405,01096,INDEX_SCHEMA_PRAGMA_029,SQLITE_PARITY_1096_INDEX_SCHEMA_PRAGMA_029.rs,P2,memory,GEN_SQL_INDEX_PRAGMA,14524595,9966195,31.384008,3
2406,10337,ON_CONFLICT_RETURNING_INSERTED_ON_FRESH,SQLITE_PARITY_10337_ON_CONFLICT_RETURNING_INSERTED_ON_FRESH.rs,P0,memory,SQL_UPSERT,28066801,19165159,31.715912,3
2407,10244,PRAGMA_CASE_SENSITIVE_LIKE_ON_AFFECTS_LIKE,SQLITE_PARITY_10244_PRAGMA_CASE_SENSITIVE_LIKE_ON_AFFECTS_LIKE.rs,P0,memory,SQL_PRAGMA,28114381,19179988,31.778729,3
2408,10072,INSERT_OR_REPLACE_OVERWRITES,SQLITE_PARITY_10072_INSERT_OR_REPLACE_OVERWRITES.rs,P0,memory,SQL_AUTOINCREMENT,25319887,17148866,32.271159,3
2409,11685,DATETIME_DATE_UNIX_PLUS_30_MINUTES,SQLITE_PARITY_11685_DATETIME_DATE_UNIX_PLUS_30_MINUTES.rs,P0,memory,SQL_DATETIME,22998738,15452840,32.810052,3
2410,00723,CTE_RECURSIVE_MATRIX_016,SQLITE_PARITY_723_CTE_RECURSIVE_MATRIX_016.rs,P1,memory,GEN_SQL_CTE,31971335,21418190,33.008146,3
2411,10193,DOT_BAIL_OFF_NOOP,SQLITE_PARITY_10193_DOT_BAIL_OFF_NOOP.rs,P0,memory,CLI_DOT_COMMAND,7988264,5312615,33.494749,3
2412,00938,CONSTRAINT_FK_SAVEPOINT_071,SQLITE_PARITY_938_CONSTRAINT_FK_SAVEPOINT_071.rs,P2,memory,GEN_SQL_CONSTRAINT_TX,17671024,11734368,33.595427,3
2413,00627,JOIN_SUBQUERY_EXISTS_020,SQLITE_PARITY_627_JOIN_SUBQUERY_EXISTS_020.rs,P1,memory,GEN_SQL_JOIN_SUBQUERY,35548228,23503422,33.883000,3
2414,10203,OPT_NULLVALUE_LITERAL,SQLITE_PARITY_10203_OPT_NULLVALUE_LITERAL.rs,P0,memory,CLI_OPTION,23392172,15461126,33.904701,3
2415,11574,DATETIME_STRFTIME_ISO_Y2K_PLUS_3_HOURS,SQLITE_PARITY_11574_DATETIME_STRFTIME_ISO_Y2K_PLUS_3_HOURS.rs,P0,memory,SQL_DATETIME,37944199,24918018,34.329835,3
2416,00416,DML_WHERE_ORDER_LIMIT_029,SQLITE_PARITY_416_DML_WHERE_ORDER_LIMIT_029.rs,P1,memory,GEN_SQL_DML,18019923,11805322,34.487389,3
2417,10121,MODE_COLUMN_WIDTH_LARGE,SQLITE_PARITY_10121_MODE_COLUMN_WIDTH_LARGE.rs,P0,memory,CLI_OUTPUT_MODE,25959527,16728572,35.559026,3
2418,11673,DATETIME_JULIANDAY_UNIX_MINUS_1_MONTH,SQLITE_PARITY_11673_DATETIME_JULIANDAY_UNIX_MINUS_1_MONTH.rs,P0,memory,SQL_DATETIME,30292210,19202821,36.608055,3
2419,11917,WIN_AVG_EXCL_GROUP,SQLITE_PARITY_11917_WIN_AVG_EXCL_GROUP.rs,P0,memory,SQL_WINDOW,22206390,14028737,36.825675,3
2420,00857,WINDOW_PARTITION_SUM_070,SQLITE_PARITY_857_WINDOW_PARTITION_SUM_070.rs,P2,memory,GEN_SQL_WINDOW,17988234,11349050,36.908481,3
2421,10299,BEGIN_WITHIN_BEGIN_REJECTED,SQLITE_PARITY_10299_BEGIN_WITHIN_BEGIN_REJECTED.rs,P0,memory,SQL_TRANSACTION,12492352,7789449,37.646257,3
2422,10453,JOIN_SELF,SQLITE_PARITY_10453_JOIN_SELF.rs,P0,memory,SQL_JOIN,36556966,22576299,38.243510,3
2423,10167,DOT_SEPARATOR_PIPE,SQLITE_PARITY_10167_DOT_SEPARATOR_PIPE.rs,P0,memory,CLI_DOT_COMMAND,14957473,9233861,38.265902,3
2424,00826,WINDOW_PARTITION_SUM_039,SQLITE_PARITY_826_WINDOW_PARTITION_SUM_039.rs,P2,memory,GEN_SQL_WINDOW,21901083,13308565,39.233302,3
2425,11005,MATH_ACOSH_2_0,SQLITE_PARITY_11005_MATH_ACOSH_2_0.rs,P1,memory,SQL_MATH,26218146,15363430,41.401539,3
2426,11964,WIN_LAST_VALUE_RANGE_UNBND_PREC_CURRENT,SQLITE_PARITY_11964_WIN_LAST_VALUE_RANGE_UNBND_PREC_CURRENT.rs,P0,memory,SQL_WINDOW,18874720,11035807,41.531281,3
2427,00495,DML_WHERE_ORDER_LIMIT_108,SQLITE_PARITY_495_DML_WHERE_ORDER_LIMIT_108.rs,P1,memory,GEN_SQL_DML,23836502,13364631,43.932079,3
2428,11835,JSON_JSON_ARRAY_LENGTH_A_B_99,SQLITE_PARITY_11835_JSON_JSON_ARRAY_LENGTH_A_B_99.rs,P0,memory,SQL_JSON,19629858,10997836,43.973940,3
2429,10113,MODE_LIST_NULLVALUE_NULL,SQLITE_PARITY_10113_MODE_LIST_NULLVALUE_NULL.rs,P0,memory,CLI_OUTPUT_MODE,29833301,15627610,47.616893,3
2430,11580,DATETIME_DATE_Y2K_PLUS_10_SECONDS,SQLITE_PARITY_11580_DATETIME_DATE_Y2K_PLUS_10_SECONDS.rs,P0,memory,SQL_DATETIME,22220998,11184258,49.668066,3
2431,11023,MATH_ATANH_0_9,SQLITE_PARITY_11023_MATH_ATANH_0_9.rs,P1,memory,SQL_MATH,24712509,11928866,51.729442,3
2432,10132,MODE_HTML_HEADERS_ON,SQLITE_PARITY_10132_MODE_HTML_HEADERS_ON.rs,P0,memory,CLI_OUTPUT_MODE,29402818,14103889,52.032186,3
2433,11320,AFFINITY_REAL_TEXT_NUM,SQLITE_PARITY_11320_AFFINITY_REAL_TEXT_NUM.rs,P0,memory,SQL_TYPE_AFFINITY,15716748,7528726,52.097431,3
2434,11688,DATETIME_JULIANDAY_UNIX_PLUS_30_MINUTES,SQLITE_PARITY_11688_DATETIME_JULIANDAY_UNIX_PLUS_30_MINUTES.rs,P0,memory,SQL_DATETIME,22380960,10579354,52.730562,3
2435,00902,CONSTRAINT_FK_SAVEPOINT_035,SQLITE_PARITY_902_CONSTRAINT_FK_SAVEPOINT_035.rs,P2,memory,GEN_SQL_CONSTRAINT_TX,32875043,14764569,55.088822,3
2436,10191,DOT_CHANGES_OFF,SQLITE_PARITY_10191_DOT_CHANGES_OFF.rs,P0,memory,CLI_DOT_COMMAND,14654410,5833270,60.194440,3
2437,11643,DATETIME_JULIANDAY_DATE_2024_START_OF_DAY,SQLITE_PARITY_11643_DATETIME_JULIANDAY_DATE_2024_START_OF_DAY.rs,P0,memory,SQL_DATETIME,30136726,11162056,62.961949,3
2438,11655,DATETIME_DATE_DATE_2024_WEEKDAY_0,SQLITE_PARITY_11655_DATETIME_DATE_DATE_2024_WEEKDAY_0.rs,P0,memory,SQL_DATETIME,44341375,16154396,63.568121,3
2439,00925,CONSTRAINT_FK_SAVEPOINT_058,SQLITE_PARITY_925_CONSTRAINT_FK_SAVEPOINT_058.rs,P2,memory,GEN_SQL_CONSTRAINT_TX,25532529,9288233,63.621962,3
2440,11340,AFFINITY_VARCHAR_8_INT_1,SQLITE_PARITY_11340_AFFINITY_VARCHAR_8_INT_1.rs,P0,memory,SQL_TYPE_AFFINITY,29129211,10069600,65.431264,3
2441,00964,VIEW_TRIGGER_GENERATED_017,SQLITE_PARITY_964_VIEW_TRIGGER_GENERATED_017.rs,P2,memory,GEN_SQL_VIEW_TRIGGER,19253937,6388901,66.817690,3
